season,week,team,season_type,game_id,opponent_team,completions,attempts,passing_yards,passing_tds,passing_interceptions,sacks_suffered,sack_yards_lost,sack_fumbles,sack_fumbles_lost,passing_air_yards,passing_yards_after_catch,passing_first_downs,passing_epa,passing_cpoe,passing_2pt_conversions,passing_10,passing_16,passing_20,passing_40,carries,rushing_yards,rushing_tds,rushing_fumbles,rushing_fumbles_lost,rushing_first_downs,rushing_epa,rushing_2pt_conversions,rushing_10,rushing_12,rushing_20,rushing_40,receptions,targets,receiving_yards,receiving_tds,receiving_fumbles,receiving_fumbles_lost,receiving_air_yards,receiving_yards_after_catch,receiving_first_downs,receiving_epa,receiving_2pt_conversions,receiving_10,receiving_16,receiving_20,receiving_40,special_teams_tds,def_tackles_solo,def_tackles_with_assist,def_tackle_assists,def_tackles_for_loss,def_tackles_for_loss_yards,def_fumbles_forced,def_sacks,def_sack_yards,def_qb_hits,def_interceptions,def_interception_yards,def_pass_defended,def_tds,def_fumbles,def_safeties,def_punt_blocks,def_pat_blocks,def_fg_blocks,def_2pt_atts,def_2pt_made,misc_yards,fumble_recovery_own,fumble_recovery_yards_own,fumble_recovery_opp,fumble_recovery_yards_opp,fumble_recovery_tds,penalties,penalty_yards,timeouts,fumbles_forced_by_opp,fumbles_not_forced,fumbles_out_of_bounds,fumbles_total,fumbles_lost_total,punt_returns,punt_return_yards,kickoff_returns,kickoff_return_yards,fg_made,fg_att,fg_missed,fg_blocked,fg_long,fg_pct,fg_made_0_19,fg_made_20_29,fg_made_30_39,fg_made_40_49,fg_made_50_59,fg_made_60_,fg_missed_0_19,fg_missed_20_29,fg_missed_30_39,fg_missed_40_49,fg_missed_50_59,fg_missed_60_,fg_made_list,fg_missed_list,fg_blocked_list,fg_made_distance,fg_missed_distance,fg_blocked_distance,pat_made,pat_att,pat_missed,pat_blocked,pat_pct,gwfg_made,gwfg_att,gwfg_missed,gwfg_blocked,gwfg_distance,pt_att,pt_blocked,pt_long,pt_yards,pt_inside_20,pt_out_of_bounds,pt_downed,pt_touchback,pt_fair_caught,pt_returned,pt_return_yards,pt_return_tds,pt_net_yards
2015,1,ARI,REG,2015_01_NO_ARI,NO,19,32,307,3,0,0,0,0,0,358,149,13,16.2506380005682,-2.3953540250659,0,12,6,4,2,25,120,1,1,1,7,-8.70970157042029,0,6,5,0,0,19,32,307,3,0,0,358,149,13,16.2506380005682,0,12,6,4,2,0,44,7,11,4,9,0,2,1,4,1,10,4,0,0,0,0,0,0,0,0,0,0,0,0,0,0,5,30,4,1,0,0,1,1,2,15,1,43,1,1,0,0,43,1,0,0,0,1,0,0,0,0,0,0,0,0,43,,,43,0,0,4,4,0,0,1,0,0,0,0,0,4,0,47,158,2,1,1,0,1,1,2,0,156
2015,1,ATL,REG,2015_01_PHI_ATL,PHI,23,34,298,2,2,1,-8,0,0,295,99,16,1.31433544289497,2.04697058481329,0,12,7,5,1,35,105,0,0,0,3,-8.79097127195214,0,2,1,1,0,23,34,298,2,0,0,295,99,16,3.35750528033999,0,12,7,5,1,0,40,1,21,1,2,1,0,0,8,2,3,5,0,0,0,0,0,0,0,0,0,0,0,0,0,0,7,57,1,0,0,0,0,0,2,18,3,59,4,4,0,0,47,1,0,0,1,3,0,0,0,0,0,0,0,0,41;39;44;47,,,171,0,0,2,2,0,0,1,0,0,0,0,0,4,0,62,231,3,1,0,0,0,3,25,0,206
2015,1,BAL,REG,2015_01_BAL_DEN,DEN,18,32,117,0,2,2,-17,0,0,192,68,4,-17.5780552389168,-8.12749080359936,0,4,1,1,0,23,73,0,0,0,6,-4.36285333130873,0,1,1,1,0,18,32,117,0,0,0,192,68,4,-13.7650430857737,0,4,1,1,0,0,49,0,10,8,35,0,4,25,5,1,24,6,1,0,0,0,0,0,0,0,0,0,0,0,0,0,3,15,3,0,0,0,0,0,2,32,1,10,2,2,0,0,52,1,0,0,0,1,1,0,0,0,0,0,0,0,52;44,,,96,0,0,1,1,0,0,1,0,0,0,0,0,6,0,59,310,2,2,0,0,1,3,20,0,290
2015,1,BUF,REG,2015_01_IND_BUF,IND,14,19,195,1,0,0,0,0,0,153,92,7,9.97263757537475,5.1948639907335,0,8,4,4,1,36,147,2,1,0,7,-2.53901211892627,0,4,4,2,0,14,19,195,1,1,0,153,92,7,9.97263757537475,0,8,4,4,1,0,29,13,21,0,0,0,2,3,6,2,53,12,0,0,0,0,0,0,0,0,0,2,0,1,0,0,11,113,4,1,1,0,2,0,1,6,1,0,2,2,0,0,45,1,0,0,0,2,0,0,0,0,0,0,0,0,41;45,,,86,0,0,3,3,0,0,1,0,0,0,0,0,5,0,63,252,2,0,0,1,2,2,1,0,231
2015,1,CAR,REG,2015_01_CAR_JAX,JAX,18,31,175,1,1,2,-17,0,0,255,79,10,-0.279408196602506,-6.24138453314381,0,5,3,2,0,35,105,0,0,0,6,-5.1292453703332,0,3,2,1,0,18,31,175,1,0,0,255,79,10,3.02194974055931,0,5,3,2,0,0,48,0,2,8,18,1,5,14,7,2,31,5,1,0,0,0,0,0,0,0,0,0,0,1,0,0,3,22,5,0,0,0,0,0,3,46,0,0,2,4,1,1,47,0.5,0,0,0,2,0,0,0,0,0,0,1,0,43;47,53,43,90,53,43,2,2,0,0,1,0,0,0,0,0,4,0,56,179,2,0,0,1,2,1,9,0,150
2015,1,CHI,REG,2015_01_GB_CHI,GB,18,36,225,1,1,2,-12,0,0,280,124,12,0.229273152718985,-8.88122294630323,0,8,4,3,1,33,189,1,0,0,10,7.54791514117447,0,5,4,3,0,18,35,225,1,0,0,280,124,12,4.00494401860469,0,8,4,3,1,0,38,0,14,2,2,0,0,0,0,0,0,1,0,0,0,0,0,0,0,0,0,0,0,0,0,0,6,64,5,0,0,0,0,0,1,11,3,63,3,3,0,0,50,1,0,1,0,1,1,0,0,0,0,0,0,0,28;50;44,,,122,0,0,2,2,0,0,1,0,0,0,0,0,1,0,56,56,0,1,0,0,0,0,0,0,56
2015,1,CIN,REG,2015_01_CIN_OAK,LV,25,34,269,2,0,0,0,0,0,281,148,13,13.9053901807135,11.3226843230865,0,11,6,4,0,31,127,2,0,0,7,0.289955657703104,0,4,2,1,0,25,34,269,2,0,0,281,148,13,13.9053901807135,0,11,6,4,0,0,44,0,16,2,8,2,2,20,5,1,0,3,0,0,0,0,0,0,0,0,0,0,0,1,0,0,6,50,6,0,0,0,0,0,2,23,2,14,2,2,0,0,35,1,0,0,2,0,0,0,0,0,0,0,0,0,32;35,,,67,0,0,3,4,0,1,0.75,0,0,0,0,0,5,0,53,219,1,0,1,0,1,3,27,0,192
2015,1,CLE,REG,2015_01_CLE_NYJ,NYJ,18,32,231,1,1,3,-14,2,2,242,99,10,-4.04123549209908,-7.24792182445526,0,9,3,3,1,28,104,0,1,1,5,-8.63016456242108,0,2,2,0,0,18,32,231,1,0,0,242,99,10,6.79000328865368,0,9,3,3,1,0,29,0,44,3,27,0,0,0,2,1,0,4,0,1,0,0,0,0,0,0,0,0,0,0,0,0,12,109,1,4,0,0,4,4,1,10,1,27,1,1,0,0,26,1,0,1,0,0,0,0,0,0,0,0,0,0,26,,,26,0,0,1,1,0,0,1,0,0,0,0,0,2,0,61,121,0,0,0,0,0,2,13,0,108
2015,1,DAL,REG,2015_01_NYG_DAL,NYG,36,45,356,3,2,0,0,0,0,184,218,21,9.17503307961302,8.76824292871687,0,15,8,3,0,23,80,0,1,0,4,-2.42818085144972,0,1,1,0,0,36,45,356,3,1,1,184,218,21,-0.362863542708544,0,15,8,3,0,0,35,3,17,4,11,0,1,3,4,0,0,3,0,0,0,0,0,0,0,0,0,2,0,0,0,0,3,35,4,2,1,0,3,1,1,-3,5,96,2,2,0,0,32,1,0,1,1,0,0,0,0,0,0,0,0,0,21;32,,,53,0,0,3,3,0,0,1,0,0,0,0,0,2,0,54,107,1,0,0,0,0,2,3,0,104
2015,1,DEN,REG,2015_01_BAL_DEN,BAL,24,40,175,0,1,4,-25,0,0,288,71,11,-12.0476240715165,-7.39720948040485,0,7,1,0,0,25,69,0,0,0,4,-4.82914857036667,0,1,0,0,0,24,40,175,0,0,0,288,71,11,-6.17188427624428,0,7,1,0,0,0,39,0,12,7,23,0,2,17,7,2,51,7,1,0,0,0,0,0,0,0,0,0,0,0,0,0,8,45,5,0,0,0,0,0,3,20,0,0,4,4,0,0,57,1,0,0,1,1,2,0,0,0,0,0,0,0,57;56;43;33,,,189,0,0,1,1,0,0,1,0,0,0,0,0,5,0,62,259,2,1,1,0,1,2,32,0,227
2015,1,DET,REG,2015_01_DET_SD,LAC,19,30,246,2,2,1,-13,0,0,203,181,12,-1.25578678783495,2.59214671594756,0,12,7,4,0,16,69,1,1,0,2,1.36223972393782,0,2,1,1,0,19,28,246,2,0,0,203,181,12,6.98106030782219,0,12,7,4,0,0,50,14,14,4,14,1,2,16,6,2,31,2,1,0,0,0,0,0,0,0,0,1,0,1,0,0,4,29,3,1,0,0,1,0,2,34,3,105,0,0,0,0,,,0,0,0,0,0,0,0,0,0,0,0,0,,,,0,0,0,4,4,0,0,1,0,0,0,0,0,5,0,42,176,3,2,1,0,2,0,0,0,176
2015,1,GB,REG,2015_01_GB_CHI,CHI,18,23,189,3,0,0,0,0,0,150,85,10,13.3896735745191,19.9408394369212,0,7,4,4,0,30,133,1,0,0,10,4.8055900336185,0,5,4,0,0,18,23,189,3,0,0,150,85,10,13.3896735745191,0,7,4,4,0,0,49,0,10,2,11,0,2,12,5,1,42,5,0,0,0,0,0,0,0,0,0,0,0,0,0,0,10,74,3,0,0,0,0,0,0,0,4,106,1,1,0,0,37,1,0,0,1,0,0,0,0,0,0,0,0,0,37,,,37,0,0,4,4,0,0,1,0,0,0,0,0,2,0,54,97,0,0,0,1,0,1,11,0,66
2015,1,HOU,REG,2015_01_KC_HOU,KC,26,47,334,2,1,5,-36,1,1,485,94,17,-6.46961126988682,-7.98892450073491,1,16,9,2,0,21,98,0,0,0,6,-4.14440113637829,0,3,2,1,0,26,46,334,2,0,0,485,94,17,6.04225537169331,1,16,9,2,0,0,47,6,12,7,19,1,2,10,3,0,0,3,0,1,0,0,0,0,0,0,0,1,0,0,0,0,6,39,6,1,1,0,2,1,4,14,0,0,2,2,0,0,47,1,0,0,1,1,0,0,0,0,0,0,0,0,34;47,,,81,0,0,0,1,1,0,0,0,0,0,0,0,7,0,57,329,1,0,1,1,0,5,81,0,228
2015,1,IND,REG,2015_01_IND_BUF,BUF,26,49,243,2,2,2,-3,0,0,452,71,16,2.27766389291067,-7.12582684901296,1,9,5,2,0,17,64,0,0,0,5,1.76656516001094,0,1,0,0,0,26,49,243,2,0,0,452,71,16,4.59217561207045,1,9,5,2,0,0,30,15,19,5,15,1,0,0,0,0,0,3,0,2,0,0,0,0,0,0,0,1,0,0,0,0,5,49,4,0,2,0,2,1,2,1,3,58,0,1,1,0,,0,0,0,0,0,0,0,0,0,0,0,1,0,,52,,0,52,0,0,0,0,0,,0,0,0,0,0,4,0,48,177,0,1,0,0,2,1,6,0,171
2015,1,JAX,REG,2015_01_CAR_JAX,CAR,22,40,183,1,2,5,-14,0,0,285,96,12,-15.522407353395,-7.84347447065207,0,7,2,2,0,21,96,0,0,0,6,-0.896786864032038,0,5,3,0,0,22,39,183,1,1,1,285,96,12,-13.4471368958525,0,7,2,2,0,0,52,0,8,6,32,0,2,17,2,1,19,5,0,0,0,0,0,1,0,0,0,0,0,0,0,0,3,25,6,1,0,0,1,1,1,9,1,40,1,2,1,0,22,0.5,0,1,0,0,0,0,0,0,0,1,0,0,22,44,,22,44,0,0,1,1,0,0,0,0,0,0,0,5,0,56,231,2,0,0,0,2,3,46,0,185
2015,1,KC,REG,2015_01_KC_HOU,HOU,22,33,243,3,0,2,-10,0,0,193,165,12,5.9532061904133,1.3001065100393,0,12,5,2,1,32,97,0,1,0,7,-7.80064652994042,0,4,1,0,0,22,31,243,3,0,0,193,165,12,10.2769547799066,0,12,5,2,1,0,39,7,17,4,27,1,5,36,5,1,0,7,0,1,0,0,0,0,0,0,0,1,0,1,0,0,2,25,5,1,1,1,2,0,5,81,1,30,2,3,1,0,48,0.666666666666667,0,1,0,1,0,0,0,0,0,0,1,0,27;48,51,,75,51,0,3,3,0,0,1,0,0,0,0,0,7,0,56,307,4,0,1,2,0,4,14,0,253
2015,1,LA,REG,2015_01_SEA_STL,SEA,18,27,297,1,0,2,-21,1,1,259,142,13,6.43403027557816,1.48357373696786,0,11,10,8,1,26,76,2,2,2,5,-12.5464819428162,0,1,1,0,0,18,27,297,1,0,0,259,142,13,16.3920602826593,0,11,10,8,1,1,55,1,35,7,34,0,6,32,9,1,15,4,0,1,0,0,0,0,0,0,0,1,-4,0,0,0,4,30,3,2,2,0,4,3,2,85,3,63,2,2,0,0,37,1,0,0,2,0,0,0,0,0,0,0,0,0,33;37,,,70,0,0,4,4,0,0,1,0,0,0,0,0,3,0,55,142,0,1,0,0,0,2,63,1,79
2015,1,LAC,REG,2015_01_DET_SD,DET,34,41,403,2,2,2,-16,0,0,153,278,20,12.4089356631098,14.0069750024051,0,18,10,7,0,31,96,2,1,1,5,-7.32703790088999,0,2,1,0,0,34,41,403,2,0,0,153,278,20,16.2202971152087,0,18,10,7,0,0,27,12,12,3,18,1,1,13,3,2,27,6,0,0,0,0,0,0,0,0,0,1,0,0,0,0,5,40,4,1,1,0,2,1,0,0,1,24,2,2,0,0,32,1,0,1,1,0,0,0,0,0,0,0,0,0,32;25,,,57,0,0,3,4,1,0,0.75,0,0,0,0,0,2,0,58,104,0,0,0,0,0,2,34,0,70
2015,1,LV,REG,2015_01_CIN_OAK,CIN,30,43,203,2,1,2,-20,1,1,223,103,13,-3.69995956851915,-1.2397380762322,0,8,1,1,0,16,63,0,1,0,1,-7.31217648411985,0,1,1,0,0,30,43,203,2,0,0,223,103,13,3.54763666265365,0,8,1,1,0,0,48,0,14,2,3,0,0,0,2,0,0,4,0,0,0,0,1,0,0,0,0,0,0,0,0,0,5,32,1,2,0,1,2,1,3,27,3,69,0,0,0,0,,,0,0,0,0,0,0,0,0,0,0,0,0,,,,0,0,0,1,1,0,0,1,0,0,0,0,0,6,0,48,260,2,0,0,1,3,2,23,0,217
2015,1,MIA,REG,2015_01_MIA_WAS,WAS,22,34,226,1,0,3,-44,1,1,275,78,12,0.145434945875656,2.12552792885724,0,10,4,4,0,18,74,0,0,0,5,-5.57711380667752,0,3,3,0,0,22,34,226,1,0,0,275,78,12,9.35048028145253,0,10,4,4,0,1,40,12,28,4,14,0,1,8,1,2,2,4,0,0,0,0,0,0,0,0,0,1,0,0,0,0,6,39,3,2,0,0,2,1,2,74,2,54,1,1,0,0,22,1,0,1,0,0,0,0,0,0,0,0,0,0,22,,,22,0,0,2,2,0,0,1,0,0,0,0,0,4,0,63,217,1,0,0,1,1,2,23,0,174
2015,1,MIN,REG,2015_01_MIN_SF,SF,23,32,231,0,1,5,-54,0,0,276,104,11,-18.1450002969236,10.7126096083272,0,11,8,2,0,17,71,0,0,0,5,0.604498357803095,0,2,1,0,0,23,31,231,0,0,0,276,104,11,-7.00833380931226,0,11,8,2,0,0,41,12,14,1,4,0,1,0,3,0,0,1,0,0,0,0,0,1,0,0,44,0,0,1,0,0,5,25,2,0,0,0,0,0,2,9,1,21,1,2,1,0,37,0.5,0,0,1,0,0,0,0,0,0,1,0,0,37,44,,37,44,0,0,0,0,0,,0,0,0,0,0,4,0,44,150,2,1,0,0,1,2,0,0,150
2015,1,NE,REG,2015_01_PIT_NE,PIT,25,32,288,4,0,2,-7,0,0,235,137,19,15.9613508607436,12.4307285994291,0,15,5,1,1,24,80,0,0,0,5,-0.252627450390719,0,2,1,0,0,25,32,288,4,1,0,235,137,19,19.8424983382865,0,15,5,1,1,0,35,1,29,5,23,0,3,21,5,1,0,1,0,0,0,0,0,0,0,0,0,1,0,0,0,0,7,64,3,1,0,0,1,0,1,1,1,8,0,0,0,0,,,0,0,0,0,0,0,0,0,0,0,0,0,,,,0,0,0,4,4,0,0,1,0,0,0,0,0,4,0,67,191,1,0,0,1,2,1,3,0,168
2015,1,NO,REG,2015_01_NO_ARI,ARI,30,48,355,1,1,2,-1,0,0,233,277,12,1.8298234829922,-8.64896345883608,0,10,6,5,2,20,54,0,0,0,4,-3.74996189458761,0,0,0,0,0,30,48,355,1,0,0,233,277,12,3.20200712313045,0,10,6,5,2,0,39,1,5,3,4,1,0,0,1,0,0,8,0,0,0,0,0,0,0,0,0,0,0,1,0,0,7,73,4,0,0,0,0,0,1,2,1,10,4,4,0,0,45,1,0,1,2,1,0,0,0,0,0,0,0,0,37;23;45;33,,,138,0,0,1,1,0,0,1,0,0,0,0,0,4,0,54,171,1,1,0,0,1,2,15,0,156
2015,1,NYG,REG,2015_01_NYG_DAL,DAL,20,36,189,0,0,1,-3,0,0,190,120,10,-0.025332878785274,-7.59373632344333,0,9,4,0,0,24,99,1,0,0,6,2.88436385741807,0,2,1,1,0,20,33,189,0,1,0,190,120,10,4.18245995724977,0,9,4,0,0,0,49,4,16,2,7,2,0,0,3,2,20,5,0,0,0,0,0,0,0,0,0,1,2,1,57,1,5,44,1,0,1,0,1,0,2,3,0,0,4,4,0,0,50,1,1,0,1,1,1,0,0,0,0,0,0,0,50;40;30;19,,,139,0,0,2,2,0,0,1,0,0,0,0,0,4,0,63,179,3,0,1,0,2,1,-3,0,182
2015,1,NYJ,REG,2015_01_CLE_NYJ,CLE,15,24,179,2,1,0,0,0,0,254,65,9,10.3260208238147,3.72437499463558,0,7,4,2,1,36,154,2,1,0,9,-5.62255704318523,0,5,3,1,0,15,24,179,2,0,0,254,65,9,10.3260208238147,0,7,4,2,1,0,41,0,18,3,12,4,3,14,5,1,18,3,0,0,0,0,0,0,0,0,0,1,-23,4,25,0,4,30,2,0,1,0,1,0,2,13,1,13,1,1,0,0,34,1,0,0,1,0,0,0,0,0,0,0,0,0,34,,,34,0,0,4,4,0,0,1,0,0,0,0,0,3,0,52,131,1,0,0,1,1,1,10,0,101
2015,1,PHI,REG,2015_01_PHI_ATL,ATL,36,52,336,1,2,0,0,0,0,281,196,17,4.61401340391157,-0.875637852228605,0,14,6,3,0,16,63,2,0,0,5,0.786438904327879,0,3,1,1,0,36,52,336,1,1,0,281,196,17,4.61401340391157,0,14,6,3,0,0,49,1,19,4,23,0,1,8,3,2,23,8,0,0,0,0,0,0,0,0,0,0,0,0,0,0,10,88,5,1,0,1,1,0,3,25,0,0,1,2,1,0,29,0.5,0,1,0,0,0,0,0,0,0,1,0,0,29,44,,29,44,0,3,3,0,0,1,0,0,0,0,0,5,0,60,226,1,0,1,1,1,2,18,0,188
2015,1,PIT,REG,2015_01_PIT_NE,NE,26,38,351,1,1,3,-21,0,0,445,99,15,16.2355357646128,10.0270817154332,1,15,8,4,1,25,134,1,0,0,7,2.60403414407743,0,5,3,1,0,26,38,351,1,0,0,445,99,15,20.0948785897461,1,15,8,4,1,0,39,0,18,4,17,1,2,7,4,0,0,1,0,0,0,0,0,0,0,0,0,0,0,0,0,0,8,77,5,0,0,0,0,0,1,3,1,22,2,4,2,0,44,0.5,0,1,0,1,0,0,0,0,0,2,0,0,44;24,44;46,,68,90,0,1,1,0,0,1,0,0,0,0,0,2,0,50,87,0,0,0,0,1,1,1,0,86
2015,1,SEA,REG,2015_01_SEA_STL,LA,32,41,251,1,1,6,-32,0,0,175,141,10,-7.47573042710369,8.53531331550784,0,7,5,2,0,32,124,0,0,0,10,1.08365534523921,1,4,2,1,0,32,41,251,1,0,0,175,141,10,-0.393106122937162,0,7,5,2,0,1,40,0,12,7,26,2,2,21,8,0,0,2,0,0,0,0,0,0,0,0,0,0,0,3,9,1,7,46,5,0,0,0,0,0,2,63,2,56,3,3,0,0,35,1,0,2,1,0,0,0,0,0,0,0,0,0,25;27;35,,,87,0,0,2,2,0,0,1,0,0,0,0,0,4,0,73,207,2,0,0,1,1,2,85,1,102
2015,1,SF,REG,2015_01_MIN_SF,MIN,17,26,165,0,0,1,0,0,0,208,90,8,1.05288968271499,1.4886906513801,0,6,3,2,0,39,230,2,0,0,14,9.34534042770974,0,8,6,0,0,17,26,165,0,0,0,208,90,8,1.82865497162721,0,6,3,2,0,0,42,4,4,6,56,0,5,54,8,1,26,4,0,1,0,0,0,0,0,0,0,0,0,0,0,0,8,57,2,0,1,0,1,1,2,0,0,0,2,3,0,1,30,0.666666666666667,0,1,1,0,0,0,0,0,0,0,0,0,30;25,,28,55,0,28,2,2,0,0,1,0,0,0,0,0,3,0,52,140,2,0,0,0,1,2,9,0,131
2015,1,TB,REG,2015_01_TEN_TB,TEN,16,33,210,2,2,4,-29,1,0,259,86,11,-10.1809144356812,-12.9999136382883,0,8,5,3,1,26,92,0,1,0,4,-8.11798673914746,0,2,2,0,0,16,33,210,2,0,0,259,86,11,-5.19654648567666,0,8,5,3,1,0,33,11,11,3,27,2,2,24,2,0,0,1,0,0,0,0,0,0,0,0,0,2,-7,1,0,0,12,97,4,1,1,0,2,0,2,17,3,83,0,0,0,0,,,0,0,0,0,0,0,0,0,0,0,0,0,,,,0,0,0,2,2,0,0,1,0,0,0,0,0,4,0,56,188,0,1,1,0,0,2,14,0,174
2015,1,TEN,REG,2015_01_TEN_TB,TB,13,15,209,4,0,2,-24,0,0,105,106,11,19.1465771911317,21.8606811761856,0,10,6,5,1,32,124,1,2,1,7,-5.02138634357834,0,4,4,0,0,13,15,209,4,0,0,105,106,11,23.9979797186679,0,10,6,5,1,0,39,7,9,6,38,1,4,29,6,2,34,4,1,0,0,0,0,0,0,0,0,1,0,0,0,0,8,55,3,2,0,0,2,1,2,14,1,17,0,0,0,0,,,0,0,0,0,0,0,0,0,0,0,0,0,,,,0,0,0,6,6,0,0,1,0,0,0,0,0,4,0,57,189,1,1,1,0,0,2,17,0,172
2015,1,WAS,REG,2015_01_MIA_WAS,MIA,21,31,196,1,2,1,-8,0,0,300,64,12,0.719114025094314,4.76788013212143,0,9,4,2,0,37,161,0,1,0,6,-4.40708670484328,0,4,2,0,0,21,31,196,1,0,0,300,64,12,2.14212471034261,0,9,4,2,0,0,29,7,23,2,7,2,3,44,5,0,0,5,0,0,0,0,0,0,0,0,0,0,-3,1,0,0,11,88,5,0,1,1,1,0,2,23,1,36,1,2,1,0,45,0.5,0,0,0,1,0,0,0,0,0,1,0,0,45,46,,45,46,0,1,1,0,0,1,0,0,0,0,0,3,0,54,124,1,0,0,1,0,2,74,1,30
2015,2,ARI,REG,2015_02_ARI_CHI,CHI,17,24,185,4,1,0,0,0,0,259,54,12,11.2732827445725,17.3991434600042,0,8,3,3,0,28,115,1,0,0,6,1.69722342852037,0,3,3,0,0,17,23,185,4,0,0,259,54,12,11.7791031865636,0,8,3,3,0,1,51,0,10,7,18,2,2,15,5,2,27,4,1,1,0,0,0,0,0,0,0,0,0,0,0,0,8,58,5,0,1,0,1,1,2,6,2,117,0,0,0,0,,,0,0,0,0,0,0,0,0,0,0,0,0,,,,0,0,0,6,7,1,0,0.857142857142857,0,0,0,0,0,3,0,43,121,2,0,1,0,1,1,20,0,101
2015,2,ATL,REG,2015_02_ATL_NYG,NYG,30,46,363,1,0,2,-17,0,0,273,154,19,17.2217924976327,-1.28916728755702,0,18,7,3,1,22,56,2,0,0,5,-1.51650002866518,0,1,0,0,0,30,46,363,1,0,0,273,154,19,20.3453935379699,0,18,7,3,1,0,35,22,22,1,4,2,2,1,6,0,0,3,0,0,0,0,0,0,0,0,0,0,0,1,0,0,6,65,3,0,0,0,0,0,1,10,2,31,1,1,0,0,42,1,0,0,0,1,0,0,0,0,0,0,0,0,42,,,42,0,0,3,3,0,0,1,0,0,0,0,0,5,0,69,273,0,0,0,1,0,4,66,0,187
2015,2,BAL,REG,2015_02_BAL_OAK,LV,32,45,384,2,1,0,0,0,0,452,175,17,16.8523721917199,10.8596362007989,0,13,8,8,0,25,109,1,0,0,7,4.61067921941867,0,3,2,0,0,32,45,384,2,1,1,452,175,17,12.0087893085919,0,13,8,8,0,0,41,5,9,0,0,0,1,0,6,1,25,8,0,0,0,0,0,0,0,0,0,0,0,0,0,0,10,109,4,1,0,0,1,1,0,0,1,29,4,4,0,0,37,1,0,2,2,0,0,0,0,0,0,0,0,0,22;21;37;31,,,111,0,0,3,3,0,0,1,0,0,0,0,0,2,0,46,92,1,0,0,0,0,2,5,0,87
2015,2,BUF,REG,2015_02_NE_BUF,NE,23,30,242,3,3,8,-53,2,0,261,113,11,-7.10747900079866,12.9905076821645,0,10,5,5,0,27,160,2,0,0,11,7.43814152617427,0,5,5,1,0,23,30,242,3,1,0,261,113,11,5.71570369014819,0,10,5,5,0,0,44,8,14,0,0,2,2,15,5,0,0,4,0,0,0,0,0,0,0,0,0,2,6,2,29,0,14,140,5,3,0,1,3,0,1,14,2,45,0,0,0,0,,,0,0,0,0,0,0,0,0,0,0,0,0,,,,0,0,0,2,3,1,0,0.666666666666667,0,0,0,0,0,6,0,54,249,2,1,0,0,1,4,41,0,208
2015,2,CAR,REG,2015_02_HOU_CAR,HOU,18,37,195,2,1,2,-17,0,0,385,54,13,-7.35369155168095,-12.4133250197849,0,9,3,3,0,33,172,1,0,0,9,2.79474287792963,0,7,3,0,0,18,37,195,2,0,0,385,54,13,-4.13621830994756,0,9,3,3,0,0,41,0,30,3,13,1,1,5,5,1,8,7,0,0,0,0,0,0,0,0,0,0,0,0,0,0,10,92,6,0,0,0,0,0,4,44,1,33,1,2,0,1,28,0.5,0,1,0,0,0,0,0,0,0,0,0,0,28,,53,28,0,53,3,3,0,0,1,0,0,0,0,0,7,0,65,377,0,0,0,1,0,6,58,0,299
2015,2,CHI,REG,2015_02_ARI_CHI,ARI,22,32,241,1,2,2,-15,0,0,220,128,7,-9.07874689941419,2.90925395675004,0,9,5,5,1,28,109,1,2,0,8,-4.26536662111326,0,3,2,1,0,22,32,241,1,0,0,220,128,7,-5.96534521869509,0,9,5,5,1,0,32,0,14,0,0,0,0,0,6,1,2,3,0,0,0,0,0,0,0,0,0,2,-2,1,0,0,14,170,4,2,1,1,3,0,1,20,3,86,3,3,0,0,51,1,0,1,0,1,1,0,0,0,0,0,0,0,40;23;51,,,114,0,0,2,2,0,0,1,0,0,0,0,0,5,0,55,229,1,0,1,1,1,2,6,0,203
2015,2,CIN,REG,2015_02_SD_CIN,LAC,16,26,214,3,0,0,0,0,0,200,110,8,10.0062864363779,3.80753340820471,0,8,4,3,1,36,175,0,2,2,9,-10.3081267729285,0,5,3,1,0,16,24,214,3,0,0,200,110,8,10.7501867144954,0,8,4,3,1,0,39,0,28,3,15,1,4,18,8,1,0,6,0,0,0,0,0,0,0,0,0,0,-7,2,0,0,9,75,3,1,1,0,2,2,3,29,3,74,1,2,1,0,21,0.5,0,1,0,0,0,0,0,0,1,0,0,0,21,36,,21,36,0,3,3,0,0,1,0,0,0,0,0,3,0,58,161,2,0,1,1,0,1,0,0,141
2015,2,CLE,REG,2015_02_TEN_CLE,TEN,8,15,172,2,0,2,-14,2,0,227,57,5,3.78635357500752,-2.31238504250844,0,5,5,2,2,30,116,1,0,0,7,-2.75146761379438,0,3,2,1,0,8,15,172,2,0,0,227,57,5,7.79668458009837,0,5,5,2,2,1,46,0,30,6,38,4,7,38,13,0,0,4,0,0,0,0,0,0,0,0,0,2,0,3,0,0,4,40,3,2,0,0,2,0,6,154,1,31,0,0,0,0,,,0,0,0,0,0,0,0,0,0,0,0,0,,,,0,0,0,4,4,0,0,1,0,0,0,0,0,6,0,62,319,2,0,0,1,1,4,41,0,258
2015,2,DAL,REG,2015_02_DAL_PHI,PHI,25,34,268,1,0,3,-18,1,1,239,130,12,3.01388587715958,6.7402290947297,0,11,4,2,1,33,109,0,0,0,4,-5.14026851387462,0,1,1,0,0,25,34,268,1,1,1,239,130,12,6.06636975840122,0,11,4,2,1,1,32,0,16,7,30,0,1,5,1,2,24,6,0,0,0,1,0,0,0,0,26,0,0,1,0,0,18,142,3,2,0,0,2,2,2,1,1,31,2,2,0,0,28,1,0,2,0,0,0,0,0,0,0,0,0,0,20;28,,,48,0,0,2,2,0,0,1,0,0,0,0,0,6,0,61,315,2,1,0,1,2,2,20,0,275
2015,2,DEN,REG,2015_02_DEN_KC,KC,26,45,256,3,1,3,-18,0,0,452,58,15,-2.29492816278208,-1.96620788839128,0,10,6,2,0,22,61,0,0,0,3,-9.92679647071054,0,3,2,0,0,26,45,256,3,0,0,452,58,15,2.79895244938825,0,10,6,2,0,0,51,0,2,7,29,3,5,24,8,2,29,3,0,0,0,0,0,0,0,0,0,0,0,3,21,1,8,85,5,0,0,0,0,0,0,0,1,21,1,1,0,0,54,1,0,0,0,0,1,0,0,0,0,0,0,0,54,,,54,0,0,4,4,0,0,1,0,0,0,0,0,7,0,56,314,1,1,1,0,1,4,15,0,299
2015,2,DET,REG,2015_02_DET_MIN,MIN,32,53,286,2,1,1,-1,0,0,322,120,17,4.40772907534383,-3.40818189657651,0,14,6,0,0,16,38,0,1,1,2,-8.65739776946418,0,0,0,0,0,32,52,286,2,1,1,322,120,17,-0.0795655876328065,0,14,6,0,0,0,45,13,17,4,9,2,1,2,2,0,0,1,0,0,0,0,0,0,0,0,0,0,0,1,0,0,6,39,3,2,0,0,2,2,1,2,3,84,1,1,0,0,26,1,0,1,0,0,0,0,0,0,0,0,0,0,26,,,26,0,0,1,1,0,0,1,0,0,0,0,0,4,0,53,177,2,0,1,0,0,3,39,0,138
2015,2,GB,REG,2015_02_SEA_GB,SEA,25,33,249,2,0,2,-15,0,0,240,94,11,10.5308632716375,16.8597251176834,1,10,6,3,0,29,127,0,0,0,7,-2.01505890435209,0,2,1,1,0,25,31,249,2,1,1,240,94,11,10.0787385141781,1,10,6,3,0,0,42,6,12,6,10,1,2,1,2,1,2,3,0,1,0,0,0,0,0,0,0,1,0,1,0,0,6,35,5,2,0,0,2,1,0,0,1,19,4,4,0,0,54,1,1,1,0,1,1,0,0,0,0,0,0,0,54;18;44;21,,,137,0,0,1,1,0,0,1,0,0,0,0,0,3,0,49,139,0,1,0,0,0,2,22,0,117
2015,2,HOU,REG,2015_02_HOU_CAR,CAR,27,58,244,1,1,1,-5,0,0,452,107,11,-12.3935485094886,-16.5235001267048,0,8,4,1,1,23,61,1,0,0,5,-0.552236741641536,0,1,1,0,0,27,57,244,1,0,0,452,107,11,-9.3027063053202,0,8,4,1,1,0,39,0,26,3,10,0,2,17,5,1,17,8,0,1,0,0,0,1,0,0,0,1,0,0,0,0,10,70,5,1,0,0,1,0,6,58,1,27,1,1,0,0,43,1,0,0,0,1,0,0,0,0,0,0,0,0,43,,,43,0,0,2,2,0,0,1,0,0,0,0,0,8,0,60,388,3,0,1,0,3,4,44,0,344
2015,2,IND,REG,2015_02_NYJ_IND,NYJ,21,37,250,1,3,0,0,0,0,395,138,11,-4.26618515695686,0.172804508890424,0,9,5,5,0,24,93,0,2,2,4,-8.58098922605859,0,2,1,0,0,21,35,250,1,0,0,395,138,11,-2.05414663530196,0,9,5,5,0,0,38,0,26,3,5,1,1,1,2,1,0,5,0,0,0,0,0,0,0,0,0,0,0,0,0,0,11,84,4,1,1,0,2,2,0,0,4,98,0,1,1,0,,0,0,0,0,0,0,0,0,1,0,0,0,0,,29,,0,29,0,1,1,0,0,1,0,0,0,0,0,3,0,57,149,1,1,0,0,2,0,0,0,149
2015,2,JAX,REG,2015_02_MIA_JAX,MIA,18,33,273,2,0,0,0,0,0,386,81,11,7.36777422890642,-6.13391123937838,0,9,7,4,2,33,123,0,0,0,4,-4.89881683248677,0,3,3,1,0,18,33,273,2,0,0,386,81,11,7.36777422890642,0,9,7,4,2,0,45,0,10,3,14,1,2,15,8,0,0,4,0,0,0,0,0,0,0,0,0,0,0,0,0,0,9,93,3,0,0,0,0,0,3,32,2,46,3,3,0,0,58,1,0,2,0,0,1,0,0,0,0,0,0,0,27;58;28,,,113,0,0,2,2,0,0,1,0,0,0,0,0,7,0,56,317,1,1,1,1,1,3,25,0,272
2015,2,KC,REG,2015_02_DEN_KC,DEN,16,25,191,0,2,5,-24,0,0,113,134,9,-9.36912443452326,-6.36847341060638,0,7,4,4,0,28,147,2,1,1,7,-1.74450583092403,0,4,3,1,0,16,25,191,0,1,1,113,137,9,-6.5001581301172,0,7,4,4,0,0,50,0,4,4,21,0,3,18,7,1,55,7,1,1,0,0,0,0,0,0,0,0,0,0,0,0,9,60,5,3,0,0,3,3,4,15,1,21,1,1,0,0,35,1,0,0,1,0,0,0,0,0,0,0,0,0,35,,,35,0,0,3,3,0,0,1,0,0,0,0,0,4,0,58,210,1,2,1,0,1,0,0,0,210
2015,2,LA,REG,2015_02_STL_WAS,WAS,17,32,150,1,0,1,-4,1,0,256,67,6,-10.9753206558999,-12.8061096183956,0,5,1,1,1,13,67,0,1,0,4,-1.8661471651867,0,4,2,0,0,17,32,150,1,0,0,256,67,6,-9.11880623973055,0,5,1,1,1,0,38,10,44,5,9,1,2,12,4,0,0,1,0,0,0,0,0,0,0,0,0,2,0,1,0,0,9,80,5,1,1,0,2,0,0,0,1,28,1,1,0,0,52,1,0,0,0,0,1,0,0,0,0,0,0,0,52,,,52,0,0,1,1,0,0,1,0,0,0,0,0,8,0,53,381,4,1,0,0,2,5,12,0,369
2015,2,LAC,REG,2015_02_SD_CIN,CIN,21,27,241,2,1,4,-18,1,1,178,131,12,2.29855951122758,12.2663515118452,0,13,2,1,1,25,131,0,0,0,6,1.33017286745599,0,3,3,3,0,21,27,241,2,0,0,178,131,12,12.1253111149725,0,13,2,1,1,0,39,0,28,3,7,1,0,0,2,0,0,2,0,1,0,0,0,0,0,0,0,0,0,2,1,0,8,64,4,1,1,0,2,2,1,0,3,71,2,3,1,0,40,0.666666666666667,0,0,1,1,0,0,0,0,0,1,0,0,40;32,47,,72,47,0,1,1,0,0,1,0,0,0,0,0,3,0,53,144,0,0,0,0,0,3,29,0,115
2015,2,LV,REG,2015_02_BAL_OAK,BAL,30,46,351,3,1,1,0,0,0,394,143,17,13.3155233187503,2.517847587233,0,10,6,5,1,19,97,1,0,0,4,2.24603572301567,0,1,1,1,0,30,46,351,3,0,0,394,143,17,14.9472894764407,0,10,6,5,1,0,42,3,25,1,1,1,0,0,1,1,-12,5,0,0,0,0,0,0,0,0,0,0,0,1,0,0,16,106,5,0,0,0,0,0,2,5,0,0,3,3,0,0,48,1,0,1,0,2,0,0,0,0,0,0,0,0,23;46;48,,,117,0,0,4,4,0,0,1,0,0,0,0,0,2,0,70,118,1,0,1,1,0,0,0,0,98
2015,2,MIA,REG,2015_02_MIA_JAX,JAX,30,44,359,2,0,2,-15,1,0,385,142,15,13.1956433019634,9.34063871932584,0,16,8,4,1,16,42,0,0,0,0,-5.96814989193808,0,0,0,0,0,30,43,359,2,0,0,385,142,15,15.8016420104807,0,16,8,4,1,0,42,0,16,4,8,0,0,0,3,0,0,3,0,0,0,0,0,0,0,0,0,1,0,0,0,0,13,112,6,1,0,0,1,0,3,25,2,57,2,3,1,0,48,0.666666666666667,0,0,0,2,0,0,0,0,0,1,0,0,48;41,42,,89,42,0,2,2,0,0,1,0,0,0,0,0,6,0,54,289,0,0,0,1,2,3,32,0,237
2015,2,MIN,REG,2015_02_DET_MIN,DET,14,18,153,1,0,1,-2,0,0,84,92,7,6.54532095869135,14.3246960308817,0,5,3,2,1,42,199,2,2,1,12,-2.93397998524597,0,5,3,2,0,14,18,153,1,0,0,84,92,7,7.53285588647767,0,5,3,2,1,0,40,9,13,2,6,2,1,1,8,1,11,8,0,0,0,0,0,0,0,0,0,1,0,2,28,0,10,97,4,2,0,0,2,1,3,39,2,62,2,2,0,0,28,1,0,2,0,0,0,0,0,0,0,0,0,0,28;23,,,51,0,0,2,3,1,0,0.666666666666667,0,0,0,0,0,3,0,53,134,2,0,0,0,2,1,2,0,132
2015,2,NE,REG,2015_02_NE_BUF,BUF,38,59,466,3,0,2,-15,1,1,501,205,20,10.4452876234876,1.83092886108463,0,18,11,7,1,15,56,1,0,0,4,2.00054355591101,0,3,2,0,0,38,59,466,3,1,1,501,205,20,11.0654961166304,0,18,11,7,1,0,45,13,17,9,49,3,8,53,12,3,29,3,0,0,0,0,0,0,0,0,0,0,0,0,0,0,11,119,3,2,0,0,2,2,4,41,0,0,4,4,0,0,50,1,0,2,0,1,1,0,0,0,0,0,0,0,46;21;50;25,,,142,0,0,4,4,0,0,1,0,0,0,0,0,1,0,54,54,0,0,0,0,0,1,14,0,40
2015,2,NO,REG,2015_02_TB_NO,TB,24,38,255,1,1,4,-36,2,0,383,142,11,-2.07852828549448,-3.23247211544137,0,10,7,4,0,27,104,2,0,0,8,2.1567051957245,0,4,3,0,0,24,38,255,1,2,2,383,145,11,-4.23218127433437,0,10,7,4,0,0,44,0,24,3,12,2,3,13,5,0,0,2,0,1,0,0,0,0,0,0,0,3,0,2,0,0,10,115,5,4,1,0,5,2,1,0,1,23,0,1,1,0,,0,0,0,0,0,0,0,0,0,0,1,0,0,,42,,0,42,0,1,2,0,1,0.5,0,0,0,0,0,4,0,55,175,1,0,1,0,0,3,34,0,141
2015,2,NYG,REG,2015_02_ATL_NYG,ATL,27,40,292,2,0,2,-1,2,1,313,183,12,9.78011124272598,3.09936910867691,0,9,4,3,1,23,97,0,0,0,5,-5.01780837739352,0,4,3,1,0,27,40,292,2,0,0,313,183,12,12.7152577748057,0,9,4,3,1,0,32,22,22,2,17,0,2,17,9,0,0,8,0,0,0,0,0,0,0,0,0,1,0,0,0,0,6,35,4,2,0,0,2,1,4,66,2,77,2,2,0,0,44,1,0,0,1,1,0,0,0,0,0,0,0,0,38;44,,,82,0,0,2,2,0,0,1,0,0,0,0,0,4,0,47,164,3,0,1,0,2,1,10,0,154
2015,2,NYJ,REG,2015_02_NYJ_IND,IND,22,34,244,2,1,1,-1,0,0,381,112,13,5.46905631922421,3.94668622928507,0,10,6,3,1,27,101,0,1,0,3,-6.12072713977703,0,3,3,1,0,22,34,244,2,0,0,381,112,13,6.50239048876104,0,10,6,3,1,0,36,1,17,2,3,1,0,0,11,3,29,6,0,0,0,0,0,0,0,0,0,1,0,2,1,0,8,90,4,1,0,0,1,0,0,0,0,0,2,3,1,0,46,0.666666666666667,0,0,1,1,0,0,0,0,0,1,0,0,35;46,48,,81,48,0,2,2,0,0,1,0,0,0,0,0,5,0,40,170,3,2,0,0,3,0,0,0,170
2015,2,PHI,REG,2015_02_DAL_PHI,DAL,23,37,224,1,2,1,-5,0,0,213,172,11,-8.03764403259426,-7.10269011355735,0,10,3,2,0,17,7,0,1,1,2,-12.1400953335979,0,0,0,0,0,23,37,224,1,0,0,213,172,11,-6.85307463279039,0,10,3,2,0,0,56,0,8,6,17,2,3,18,4,0,0,2,0,0,0,0,0,0,0,0,0,0,-2,2,34,0,8,60,3,0,1,0,1,1,2,20,1,21,1,1,0,0,46,1,0,0,0,1,0,0,0,0,0,0,0,0,46,,,46,0,0,1,1,0,0,1,0,0,0,0,0,6,1,59,302,1,0,1,0,3,2,1,0,301
2015,2,PIT,REG,2015_02_SF_PIT,SF,21,27,369,3,0,0,0,0,0,349,97,14,25.5728483155838,18.954242821093,2,12,8,6,4,25,84,3,0,0,6,2.1195910636161,0,3,1,0,0,21,27,369,3,0,0,349,97,14,25.5728483155838,2,12,8,6,4,0,53,10,22,8,43,1,5,37,9,0,0,5,0,0,0,0,0,0,0,0,0,0,0,1,0,0,7,58,2,0,0,0,0,0,1,16,0,0,0,0,0,0,,,0,0,0,0,0,0,0,0,0,0,0,0,,,,0,0,0,3,4,1,0,0.75,0,0,0,0,0,3,0,62,142,2,0,0,0,1,2,11,0,131
2015,2,SEA,REG,2015_02_SEA_GB,GB,19,30,206,2,1,2,-1,0,0,293,48,12,0.7142070150172,2.19889951163325,0,11,3,2,0,25,119,0,0,0,8,-0.878217732999474,0,5,2,0,0,19,29,206,2,1,1,293,48,12,0.416966558916647,0,11,3,2,0,0,42,3,25,3,16,2,2,15,5,0,0,1,0,0,0,0,0,0,0,0,0,0,0,1,0,0,6,92,6,1,0,0,1,1,2,22,4,79,1,1,0,0,54,1,0,0,0,0,1,0,0,0,0,0,0,0,54,,,54,0,0,2,2,0,0,1,0,0,0,0,0,5,0,58,201,2,0,0,1,4,0,0,0,181
2015,2,SF,REG,2015_02_SF_PIT,PIT,33,46,335,2,0,5,-37,0,0,331,110,18,12.1361920704387,9.90662931100182,1,11,3,2,2,31,111,0,2,1,7,-6.36872496191063,0,3,1,0,0,33,46,335,2,0,0,331,110,18,19.1705806176325,1,11,3,2,2,0,33,1,9,2,18,0,0,0,0,0,0,1,0,0,0,0,0,0,0,0,0,1,-3,0,0,0,7,46,5,1,1,0,2,1,2,11,3,58,1,1,0,0,47,1,0,0,0,1,0,0,0,0,0,0,0,0,47,,,47,0,0,1,1,0,0,1,0,0,0,0,0,4,0,47,171,1,2,0,0,1,1,16,0,155
2015,2,TB,REG,2015_02_TB_NO,NO,14,21,207,1,0,3,-13,1,1,206,72,7,-0.061825401025206,4.65353074527922,0,8,6,4,1,35,139,1,1,1,6,-5.41348372522063,0,4,3,1,0,14,21,207,1,0,0,206,72,7,7.88807392230214,0,8,6,4,1,0,47,0,20,4,40,4,4,36,5,1,26,6,0,0,0,0,1,0,0,0,0,0,0,2,12,0,11,90,5,2,0,0,2,2,3,34,1,37,4,5,1,0,55,0.8,0,1,2,0,1,0,0,0,0,0,1,0,55;35;22;30,52,,142,52,0,2,2,0,0,1,0,0,0,0,0,3,0,40,116,1,0,1,0,1,1,0,0,116
2015,2,TEN,REG,2015_02_TEN_CLE,CLE,21,37,257,2,0,7,-38,3,2,417,101,14,-2.37149620181299,-0.0495267880929483,0,15,5,2,0,30,166,0,1,1,6,0.803600863175234,0,4,3,1,1,21,37,257,2,0,0,417,101,14,12.1900387609494,0,15,5,2,0,0,40,0,14,6,23,2,2,14,4,0,0,2,0,0,0,0,0,0,0,0,0,1,0,0,0,0,9,85,4,4,0,0,4,3,4,41,0,0,0,0,0,0,,,0,0,0,0,0,0,0,0,0,0,0,0,,,,0,0,0,2,2,0,0,1,0,0,0,0,0,6,0,55,298,1,0,0,0,0,6,154,1,144
2015,2,WAS,REG,2015_02_STL_WAS,LA,23,27,203,1,0,2,-12,0,0,166,116,10,4.84419723165554,14.8284885618422,0,6,4,3,0,37,182,2,1,1,8,-1.75612015748629,0,4,3,3,0,23,27,203,1,0,0,166,116,10,8.73020435039287,0,6,4,3,0,0,23,4,14,1,4,1,0,0,5,0,0,1,0,0,0,0,0,0,0,0,0,0,0,0,0,0,7,53,1,1,0,0,1,1,5,12,1,23,1,1,0,0,46,1,0,0,0,1,0,0,0,0,0,0,0,0,46,,,46,0,0,3,3,0,0,1,0,0,0,0,0,6,0,56,244,1,1,4,1,0,0,0,0,224
2015,3,ARI,REG,2015_03_SF_ARI,SF,20,32,311,2,1,1,-4,0,0,375,121,15,11.2831548507302,5.98827485115297,0,14,9,7,1,37,139,2,1,0,9,4.98595912876772,0,3,3,1,0,20,31,311,2,0,0,375,121,15,13.3505005118204,0,14,9,7,1,0,42,3,5,7,27,1,2,14,5,4,71,5,2,1,1,0,0,0,0,0,0,1,0,0,0,0,4,24,3,1,1,1,2,0,3,14,1,24,1,1,0,0,22,1,0,1,0,0,0,0,0,0,0,0,0,0,22,,,22,0,0,6,6,0,0,1,0,0,0,0,0,4,0,40,144,2,0,1,1,1,1,37,0,87
2015,3,ATL,REG,2015_03_ATL_DAL,DAL,24,36,285,2,0,1,-5,0,0,261,102,14,13.9260176929698,0.914221405982971,1,11,4,4,1,32,158,3,0,0,10,6.36916139759705,0,5,4,0,0,24,35,285,2,0,0,261,102,14,15.6991518532888,1,11,4,4,1,0,41,1,7,5,19,0,2,12,3,1,11,2,0,0,0,0,0,0,0,0,0,0,0,0,0,0,6,70,3,0,0,0,0,0,0,0,1,23,1,1,0,0,32,1,0,0,1,0,0,0,0,0,0,0,0,0,32,,,32,0,0,4,4,0,0,1,0,0,0,0,0,4,0,60,205,1,0,0,0,1,3,24,0,181
2015,3,BAL,REG,2015_03_CIN_BAL,CIN,32,49,362,2,1,0,0,0,0,288,208,13,6.43605414381779,-2.22731692095598,0,13,9,5,1,18,36,0,1,0,4,-5.4907744632801,0,0,0,0,0,32,48,362,2,0,0,288,208,13,7.95678201224252,0,13,9,5,1,0,37,0,28,3,13,1,2,11,5,1,0,7,0,0,0,0,0,0,0,0,0,1,0,1,41,1,13,116,3,1,0,0,1,0,2,35,1,26,1,2,1,0,21,0.5,0,1,0,0,0,0,0,0,0,0,1,0,21,50,,21,50,0,3,3,0,0,1,0,0,0,0,0,4,0,47,174,1,0,0,0,0,4,25,0,149
2015,3,BUF,REG,2015_03_BUF_MIA,MIA,21,29,277,3,0,0,0,0,0,310,129,14,22.7791782353326,14.199267738852,0,12,6,4,0,34,151,1,0,0,4,-5.115812973969,0,3,3,1,1,21,29,277,3,0,0,310,129,14,22.7791782353326,0,12,6,4,0,0,44,1,11,4,12,1,2,8,11,3,67,8,1,0,0,0,0,0,0,0,0,0,0,0,0,0,5,40,4,0,0,0,0,0,2,7,0,0,2,3,1,0,51,0.666666666666667,0,1,0,0,1,0,0,0,0,0,1,0,26;51,54,,77,54,0,5,5,0,0,1,0,0,0,0,0,3,0,49,137,1,0,0,0,2,1,19,0,118
2015,3,CAR,REG,2015_03_NO_CAR,NO,20,31,315,2,0,1,-3,0,0,335,143,15,13.6495200887279,5.402674309669,0,14,4,3,2,30,119,1,0,0,7,4.14787698391592,0,4,4,0,0,20,31,315,2,0,0,335,143,15,15.3137757739008,0,14,4,3,2,0,40,0,36,2,2,1,1,0,1,1,0,3,0,0,0,0,0,0,0,0,0,0,0,1,1,0,10,88,6,0,0,0,0,0,0,0,1,15,2,2,0,0,47,1,0,1,0,1,0,0,0,0,0,0,0,0,20;47,,,67,0,0,3,3,0,0,1,0,0,0,0,0,4,0,55,173,1,0,1,0,1,2,82,1,91
2015,3,CHI,REG,2015_03_CHI_SEA,SEA,9,17,63,0,0,2,-15,0,0,135,26,2,-8.96522977889981,-10.0869296228184,0,2,1,1,0,27,98,0,0,0,5,-3.71467459725682,0,3,2,0,0,9,17,63,0,0,0,135,26,2,-5.46556766203139,0,2,1,1,0,0,40,0,26,3,23,0,4,23,10,0,0,2,0,0,0,0,0,0,0,0,0,0,0,0,0,0,6,40,4,0,0,0,0,0,0,0,1,27,0,0,0,0,,,0,0,0,0,0,0,0,0,0,0,0,0,,,,0,0,0,0,0,0,0,,0,0,0,0,0,10,0,72,477,3,1,1,1,3,4,73,0,384
2015,3,CIN,REG,2015_03_CIN_BAL,BAL,20,32,383,3,1,2,-11,1,1,351,149,13,8.90209192543989,5.46310544013977,0,12,9,6,2,31,86,1,0,0,6,-9.18741702631814,0,0,0,0,0,20,32,383,3,0,0,351,149,13,18.6587597028702,0,12,9,6,2,0,39,0,24,5,9,1,0,0,3,1,0,3,0,0,0,0,0,0,0,0,0,0,0,0,0,0,9,67,4,1,0,0,1,1,4,25,1,32,0,0,0,0,,,0,0,0,0,0,0,0,0,0,0,0,0,,,,0,0,0,4,4,0,0,1,0,0,0,0,0,3,0,57,164,1,0,0,0,1,2,35,0,129
2015,3,CLE,REG,2015_03_OAK_CLE,LV,28,49,341,2,1,5,-25,1,0,546,96,16,9.33179691784351,-1.04880113990939,0,14,8,3,2,14,39,0,0,0,2,-4.82442119368352,0,2,2,0,0,28,49,341,2,0,0,546,96,16,16.540076739795,0,14,8,3,2,0,38,0,28,1,1,1,0,0,0,0,0,4,0,1,0,0,0,0,0,0,0,1,0,1,0,0,6,50,5,1,1,0,2,1,3,9,1,19,2,2,0,0,41,1,0,1,0,1,0,0,0,0,0,0,0,0,24;41,,,65,0,0,2,2,0,0,1,0,0,0,0,0,4,0,67,211,2,0,0,0,1,3,6,0,205
2015,3,DAL,REG,2015_03_ATL_DAL,ATL,22,26,232,0,1,2,-12,0,0,135,155,11,1.59616809160798,12.6125367788168,0,9,4,2,0,21,127,4,0,0,9,3.57172320506652,0,5,3,3,0,22,26,232,0,0,0,135,155,11,5.148782760225,0,9,4,2,0,0,43,1,15,3,12,0,1,5,3,0,0,5,0,0,0,0,0,0,0,0,0,0,0,0,0,0,5,31,5,0,0,0,0,0,3,24,1,28,0,0,0,0,,,0,0,0,0,0,0,0,0,0,0,0,0,,,,0,0,0,4,4,0,0,1,0,0,0,0,0,4,0,45,159,3,0,0,0,4,0,0,0,159
2015,3,DEN,REG,2015_03_DEN_DET,DET,31,42,324,2,1,1,-11,0,0,261,156,14,8.19698841637,4.46715546505792,0,15,6,3,1,19,41,1,0,0,3,-3.15534355433192,0,0,0,0,0,31,42,324,2,1,1,261,156,14,7.57296092412435,0,15,6,3,1,0,42,0,18,6,20,1,4,20,10,2,31,5,0,0,0,0,1,0,1,0,0,0,0,1,0,0,9,94,4,1,0,0,1,1,2,13,0,0,1,1,0,0,48,1,0,0,0,1,0,0,0,0,0,0,0,0,48,,,48,0,0,3,3,0,0,1,0,0,0,0,0,5,0,50,213,3,1,2,0,1,1,28,0,185
2015,3,DET,REG,2015_03_DEN_DET,DEN,31,45,282,1,2,4,-20,1,1,217,189,14,-8.9686561615963,-0.112788942125109,0,9,7,4,0,19,28,1,0,0,3,-5.73088691443252,0,0,0,0,0,31,45,282,1,0,0,217,189,14,-0.75683000907884,0,9,7,4,0,0,38,0,26,4,19,1,1,11,8,1,1,7,0,0,0,0,0,0,0,0,0,0,0,1,0,0,9,75,5,1,0,0,1,1,1,28,0,0,0,0,0,0,,,0,0,0,0,0,0,0,0,0,0,0,0,,,,0,0,0,0,1,0,1,0,0,0,0,0,0,5,0,66,266,1,0,1,1,1,2,13,0,233
2015,3,GB,REG,2015_03_KC_GB,KC,24,35,333,5,0,1,-8,0,0,280,177,15,15.959324082184,4.07952521528517,0,10,7,6,1,32,123,0,0,0,6,-2.69434553763131,0,5,3,0,0,24,35,333,5,0,0,280,177,15,17.2405685418635,0,10,7,6,1,0,49,0,12,9,45,2,7,39,9,1,15,4,0,0,0,0,0,0,0,0,0,0,0,0,0,0,12,89,4,0,0,0,0,0,4,30,2,64,1,1,0,0,44,1,0,0,0,1,0,0,0,0,0,0,0,0,44,,,44,0,0,5,5,0,0,1,0,0,0,0,0,5,0,49,215,2,0,0,0,0,5,18,0,197
2015,3,HOU,REG,2015_03_TB_HOU,TB,24,39,228,1,1,1,-1,0,0,328,55,16,1.45221835579145,-3.92439235479404,0,12,3,1,0,46,186,1,1,0,10,-3.8645255000241,0,5,5,1,0,24,39,228,1,0,0,328,55,16,2.20932906348611,0,12,3,1,0,0,32,4,16,2,5,0,0,0,6,1,0,7,0,1,0,0,0,0,0,0,0,2,0,0,0,0,6,58,4,1,1,0,2,0,5,17,2,46,2,3,1,0,39,0.666666666666667,1,0,1,0,0,0,0,0,0,1,0,0,39;19,43,,58,43,0,1,2,1,0,0.5,0,0,0,0,0,6,0,54,266,3,0,0,1,0,5,48,0,198
2015,3,IND,REG,2015_03_IND_TEN,TEN,18,30,260,2,2,3,-15,1,0,298,91,10,-3.42657695151866,0.6758052110672,0,9,6,3,1,23,133,2,0,0,9,5.64107190602226,0,5,5,1,0,18,30,260,2,0,0,298,91,10,1.35736330179498,0,9,6,3,1,0,48,0,18,8,32,0,3,22,6,2,95,6,1,0,0,0,0,0,0,0,0,1,0,0,0,0,11,71,3,1,0,0,1,0,0,0,0,0,0,0,0,0,,,0,0,0,0,0,0,0,0,0,0,0,0,,,,0,0,0,5,5,0,0,1,0,0,0,0,0,5,0,54,249,1,0,0,0,2,3,-1,0,250
2015,3,JAX,REG,2015_03_JAX_NE,NE,17,33,242,2,1,2,-6,1,0,391,101,12,7.5054420353992,-5.28469013445305,0,8,5,5,1,20,57,0,0,0,1,-7.85746799746994,0,0,0,0,0,17,33,242,2,0,0,391,101,12,7.83917556040995,0,8,5,5,1,0,52,0,16,3,12,0,2,12,4,0,0,4,0,0,0,0,0,0,0,0,0,1,1,0,0,0,7,114,1,1,0,0,1,0,0,0,3,41,1,1,0,0,40,1,0,0,0,1,0,0,0,0,0,0,0,0,40,,,40,0,0,2,2,0,0,1,0,0,0,0,0,4,0,57,195,1,0,0,0,1,3,26,0,169
2015,3,KC,REG,2015_03_KC_GB,GB,24,40,290,1,1,7,-39,2,0,252,169,13,-0.0336289750700817,-9.53178986907005,1,9,6,4,1,18,75,3,0,0,6,1.14412375510437,0,3,2,0,0,24,40,290,1,0,0,252,169,13,9.90397026526649,1,9,6,4,1,0,52,6,8,6,16,0,1,8,4,0,0,2,0,0,0,0,0,0,0,0,0,2,0,0,0,0,7,38,6,2,0,0,2,0,5,18,4,114,0,0,0,0,,,0,0,0,0,0,0,0,0,0,0,0,0,,,,0,0,0,2,2,0,0,1,0,0,0,0,0,6,0,61,301,2,1,0,0,1,4,30,0,271
2015,3,LA,REG,2015_03_PIT_STL,PIT,19,29,197,0,1,2,-10,0,0,215,100,9,-9.76531717649594,-2.10551085143254,0,10,2,1,0,18,71,0,0,0,2,-3.82685254121068,0,3,2,1,0,19,29,197,0,0,0,215,100,9,-6.85516766927139,0,10,2,1,0,0,39,0,26,8,45,1,5,33,5,1,0,4,0,0,0,0,0,0,0,0,0,0,0,0,0,0,7,47,4,0,0,0,0,0,3,32,2,48,2,2,0,0,49,1,0,1,0,1,0,0,0,0,0,0,0,0,49;27,,,76,0,0,0,0,0,0,,0,0,0,0,0,4,0,50,170,2,0,0,1,3,0,0,0,150
2015,3,LAC,REG,2015_03_SD_MIN,MIN,26,40,309,2,1,4,-30,1,1,343,104,12,-4.94849288399564,4.96936913579702,0,9,6,4,0,28,90,0,0,0,8,-4.1429900979274,0,1,1,0,0,26,40,309,2,0,0,343,104,12,5.19257616467075,0,9,6,4,0,0,34,9,11,3,4,0,0,0,3,1,0,3,0,0,0,0,0,0,0,0,0,0,0,0,0,0,7,74,4,1,0,0,1,1,1,0,1,19,0,0,0,0,,,0,0,0,0,0,0,0,0,0,0,0,0,,,,0,0,0,2,2,0,0,1,0,0,0,0,0,6,0,68,263,2,1,1,0,1,3,38,0,225
2015,3,LV,REG,2015_03_OAK_CLE,CLE,20,32,314,2,0,0,0,0,0,237,196,11,15.8923775954034,-1.68335419148207,0,12,6,4,2,30,155,1,0,0,6,3.26456306542968,0,2,2,2,1,20,32,314,2,1,1,237,196,11,13.11773914726,0,12,6,4,2,0,42,0,16,8,31,1,5,25,12,1,0,10,0,0,0,0,0,0,0,0,0,0,0,1,0,0,12,85,3,1,0,0,1,1,3,6,2,60,2,2,0,0,35,1,0,1,1,0,0,0,0,0,0,0,0,0,23;35,,,58,0,0,3,3,0,0,1,0,0,0,0,0,4,0,46,157,1,0,1,0,0,3,9,0,148
2015,3,MIA,REG,2015_03_BUF_MIA,BUF,26,49,297,2,3,2,-8,1,0,431,100,13,-14.8237563708534,-5.40713819922233,1,14,6,2,1,20,102,0,0,0,7,3.78736214517267,0,2,1,0,0,26,49,297,2,0,0,431,100,13,-13.0410201903286,1,14,6,2,1,0,51,0,4,7,12,0,0,0,3,0,0,1,0,0,0,0,0,0,0,0,0,1,0,0,0,0,6,36,2,1,0,0,1,0,1,19,4,63,0,0,0,0,,,0,0,0,0,0,0,0,0,0,0,0,0,,,,0,0,0,0,1,1,0,0,0,0,0,0,0,4,0,59,196,3,1,1,0,0,2,7,0,189
2015,3,MIN,REG,2015_03_SD_MIN,LAC,13,24,121,0,1,0,0,0,0,197,66,8,-4.47025258219107,-4.89294398576021,0,6,3,0,0,31,163,3,0,0,8,3.5506044041831,0,4,2,2,1,13,24,121,0,0,0,197,66,8,-4.47025258219107,0,6,3,0,0,0,47,10,12,4,25,1,4,30,13,1,91,5,1,0,0,0,0,0,0,0,0,0,0,1,0,0,3,39,3,0,0,0,0,0,3,38,2,53,1,1,0,0,24,1,0,1,0,0,0,0,0,0,0,0,0,0,24,,,24,0,0,4,4,0,0,1,0,0,0,0,0,4,0,60,165,2,0,1,0,2,1,0,0,165
2015,3,NE,REG,2015_03_JAX_NE,JAX,33,42,358,2,0,2,-12,0,0,192,211,19,22.5693214871342,10.0935781147422,0,15,7,3,1,32,125,4,0,0,12,7.63838122269954,0,3,2,1,0,33,41,358,2,0,0,192,211,19,25.6621430989262,0,15,7,3,1,0,33,0,8,2,9,1,2,6,2,1,27,6,0,0,0,0,0,0,0,0,0,0,0,0,0,0,4,30,3,0,0,0,0,0,3,26,0,0,3,3,0,0,46,1,0,1,0,2,0,0,0,0,0,0,0,0,46;20;46,,,112,0,0,6,6,0,0,1,0,0,0,0,0,0,0,,0,0,0,0,0,0,0,0,0,0
2015,3,NO,REG,2015_03_NO_CAR,CAR,31,38,310,0,1,1,0,0,0,270,143,18,11.7270257597998,14.578750807988,0,16,5,3,0,24,70,2,0,0,5,0.265722625234164,0,0,0,0,0,31,38,310,0,1,1,270,143,18,8.00114280583562,0,16,5,3,0,1,32,0,36,3,8,0,1,3,3,0,0,3,0,0,0,0,0,0,0,0,0,0,0,0,0,0,8,55,5,1,0,0,1,1,2,82,4,86,1,1,0,0,31,1,0,0,1,0,0,0,0,0,0,0,0,0,31,,,31,0,0,1,1,0,0,1,0,0,0,0,0,2,0,47,92,2,1,0,0,1,0,0,0,92
2015,3,NYG,REG,2015_03_WAS_NYG,WAS,23,32,279,2,0,0,0,0,0,250,84,13,16.9437847794157,7.11137354373932,0,10,6,5,1,31,84,1,0,0,5,-6.03214994262089,0,1,0,0,0,23,32,279,2,0,0,250,84,13,16.9437847794157,0,10,6,5,1,0,33,21,21,2,14,2,1,11,6,2,6,8,0,1,1,1,0,0,0,0,0,1,0,0,0,0,8,67,6,0,1,0,1,0,1,0,2,17,3,3,0,0,48,1,0,0,2,1,0,0,0,0,0,0,0,0,35;36;48,,,119,0,0,3,3,0,0,1,0,0,0,0,0,4,0,45,171,2,0,1,0,2,1,10,0,161
2015,3,NYJ,REG,2015_03_PHI_NYJ,PHI,35,58,283,2,3,1,-7,0,0,504,91,14,-13.0685479898933,-1.79167631371268,0,14,6,2,0,16,47,0,0,0,4,-1.43952234595781,0,1,0,0,0,35,58,283,2,2,1,504,91,14,-17.5548121229625,0,14,6,2,0,0,33,0,36,4,9,1,1,10,6,0,0,2,0,0,0,0,0,0,0,0,0,0,0,1,0,0,6,53,6,2,0,1,2,1,7,69,4,82,1,1,0,0,53,1,0,0,0,0,1,0,0,0,0,0,0,0,53,,,53,0,0,2,2,0,0,1,0,0,0,0,0,8,0,54,371,3,2,1,0,2,3,89,1,282
2015,3,PHI,REG,2015_03_PHI_NYJ,NYJ,14,28,118,1,0,1,-10,0,0,165,70,6,-3.60089336447032,-13.74785559518,0,4,3,2,0,38,123,1,1,1,8,-10.069831690751,0,4,3,1,0,14,28,118,1,0,0,165,70,6,-1.52932818694585,0,4,3,2,0,1,50,1,21,3,10,2,1,7,6,3,0,9,0,0,0,0,0,0,0,0,0,0,0,1,11,0,5,21,1,1,0,0,1,1,3,89,1,10,1,1,0,0,30,1,0,0,1,0,0,0,0,0,0,0,0,0,30,,,30,0,0,3,3,0,0,1,0,0,0,0,0,9,0,56,440,2,0,0,0,2,7,69,0,371
2015,3,PIT,REG,2015_03_PIT_STL,LA,25,30,230,0,1,5,-33,1,0,178,109,11,2.32710567587513,13.2438437143962,0,9,4,2,0,22,62,1,0,0,4,-7.71065875914637,0,2,2,1,0,25,30,230,0,0,0,178,109,11,8.82603867956663,0,9,4,2,0,0,30,0,30,4,13,0,2,10,3,1,20,2,0,0,0,0,0,0,0,0,0,1,0,0,0,0,4,63,1,1,0,0,1,0,0,0,1,22,2,2,0,0,41,1,0,1,0,1,0,0,0,0,0,0,0,0,21;41,,,62,0,0,0,0,0,0,,0,0,0,0,0,4,0,57,196,2,0,0,0,1,3,32,0,164
2015,3,SEA,REG,2015_03_CHI_SEA,CHI,20,30,235,1,0,4,-23,0,0,223,101,12,5.61890855492181,15.2914303999681,0,8,6,5,0,29,159,0,0,0,5,-3.12304435953236,0,4,4,1,0,20,26,235,1,0,0,223,101,12,15.2387073134637,0,8,6,5,0,1,22,0,34,4,14,0,2,15,6,0,0,2,0,0,0,0,0,0,0,0,0,0,0,0,0,0,5,41,4,0,0,0,0,0,4,73,1,105,4,4,0,0,48,1,0,1,1,2,0,0,0,0,0,0,0,0,31;21;45;48,,,145,0,0,2,2,0,0,1,0,0,0,0,0,4,0,46,166,2,1,2,0,1,0,0,0,166
2015,3,SF,REG,2015_03_SF_ARI,ARI,9,19,67,0,4,2,-14,0,0,139,38,3,-23.9202492967015,-18.3611007113206,0,3,0,0,0,29,103,1,0,0,7,-3.36720882204827,0,4,4,0,0,9,19,67,0,0,0,139,38,3,-20.643180949497,0,3,0,0,0,0,47,4,16,2,5,1,1,4,3,1,0,3,0,0,0,0,0,0,0,0,0,1,0,0,0,0,6,45,2,1,0,0,1,0,1,37,4,95,0,0,0,0,,,0,0,0,0,0,0,0,0,0,0,0,0,,,,0,0,0,1,1,0,0,1,0,0,0,0,0,6,0,56,283,4,2,0,0,1,3,14,0,269
2015,3,TB,REG,2015_03_TB_HOU,HOU,17,36,261,1,1,0,0,0,0,447,69,11,-2.16704166395086,-8.29634095941271,0,11,10,4,0,20,57,0,0,0,2,-5.21682461217279,0,2,1,0,0,17,34,261,1,0,0,447,69,11,-0.389721448968747,0,11,10,4,0,0,47,11,47,6,13,1,1,1,4,1,0,7,0,2,0,0,0,0,0,0,0,2,0,0,0,0,10,84,6,0,2,0,2,0,5,48,1,27,1,4,3,0,58,0.25,0,0,0,0,1,0,0,0,1,1,1,0,58,41;33;57,,58,131,0,0,1,1,0,0,0,0,0,0,0,7,0,55,312,3,0,0,0,2,5,17,0,295
2015,3,TEN,REG,2015_03_IND_TEN,IND,27,44,367,2,2,3,-22,0,0,426,154,18,0.329351131221045,2.8213232755661,0,16,11,7,0,27,88,2,0,0,7,-2.54711292889465,0,3,2,0,0,27,43,367,2,0,0,426,154,18,5.60935708001372,0,16,11,7,0,0,31,0,14,4,16,1,3,15,4,2,72,5,0,0,0,0,0,0,0,0,0,0,0,0,0,0,6,55,4,0,0,0,0,0,3,-1,0,0,2,2,0,0,38,1,0,1,1,0,0,0,0,0,0,0,0,0,38;21,,,59,0,0,3,3,0,0,1,0,0,0,0,0,5,0,49,212,2,0,1,0,4,0,0,0,212
2015,3,WAS,REG,2015_03_WAS_NYG,NYG,30,49,316,1,2,1,-11,0,0,468,115,16,4.17025496096477,0.0858236332328952,1,15,6,3,0,20,88,0,1,1,3,-7.72013017334393,0,2,1,1,0,30,49,316,1,1,0,468,115,16,6.01653844405092,1,15,6,3,0,1,31,25,25,1,1,0,0,0,2,0,0,1,0,0,0,0,0,0,0,0,0,0,0,0,0,0,7,58,4,2,0,2,2,1,1,10,4,158,2,2,0,0,44,1,0,0,1,1,0,0,0,0,0,0,0,0,44;37,,,81,0,0,1,1,0,0,1,0,0,0,0,0,1,1,36,36,0,0,0,0,0,1,0,0,36
2015,4,ARI,REG,2015_04_STL_ARI,LA,29,46,352,1,1,4,-18,1,0,403,145,17,4.63236620270327,0.0636467668745253,0,18,9,6,0,21,113,0,0,0,7,0.167523340041556,0,6,6,1,0,29,45,352,1,1,1,403,145,17,4.73563686938468,0,18,9,6,0,0,43,1,7,8,23,1,1,7,7,0,0,4,0,0,0,0,0,0,0,0,0,1,0,0,0,0,3,20,6,3,0,0,3,2,5,32,1,19,5,5,0,0,42,1,0,3,1,1,0,0,0,0,0,0,0,0,21;27;42;38;29,,,157,0,0,1,1,0,0,1,0,0,0,0,0,1,0,44,44,0,0,1,0,0,0,0,0,44
2015,4,ATL,REG,2015_04_HOU_ATL,HOU,19,27,256,1,0,2,-13,0,0,133,153,10,9.6473968407372,-4.02814458917688,0,8,6,3,2,35,135,4,0,0,8,1.20267361389427,0,4,4,1,0,19,27,256,1,0,0,133,153,10,13.4183762279572,0,8,6,3,2,0,46,0,8,2,9,2,1,8,5,1,-1,10,0,0,0,0,0,0,0,0,0,0,0,3,105,2,10,80,0,0,0,0,0,0,2,29,1,29,0,0,0,0,,,0,0,0,0,0,0,0,0,0,0,0,0,,,,0,0,0,6,6,0,0,1,0,0,0,0,0,6,0,55,286,1,0,1,0,1,4,40,0,246
2015,4,BAL,REG,2015_04_BAL_PIT,PIT,21,34,186,1,1,5,-21,1,1,197,113,10,-13.2072408053017,-1.74459327350963,0,9,3,1,0,39,191,1,2,0,10,-2.07620945615846,0,6,4,2,0,21,33,186,1,0,0,197,113,10,-3.19246392654309,0,9,3,1,0,0,46,6,12,9,37,0,4,28,6,0,0,1,0,0,0,0,0,0,0,0,0,2,-13,0,0,0,4,30,3,1,2,0,3,1,1,14,1,24,3,3,0,0,52,1,0,0,0,2,1,0,0,0,0,0,0,0,40;42;52,,,134,0,0,2,2,0,0,1,1,1,0,0,52,4,0,57,204,0,0,0,0,1,3,51,0,153
2015,4,BUF,REG,2015_04_NYG_BUF,NYG,28,42,274,1,1,2,-16,0,0,401,78,11,-3.40292873800771,5.4512236444723,0,12,6,5,0,24,55,0,0,0,2,-8.46405310492264,0,1,0,0,0,28,42,274,1,1,1,401,78,11,-6.06825102769343,0,12,6,5,0,0,33,17,17,2,4,0,1,1,1,1,29,6,0,1,0,0,0,0,0,0,0,1,0,0,0,0,17,135,3,1,1,0,2,1,5,20,4,68,1,2,1,0,51,0.5,0,0,0,0,1,0,0,0,1,0,0,0,51,30,,51,30,0,1,1,0,0,1,0,0,0,0,0,7,0,62,363,2,1,2,0,1,3,18,0,345
2015,4,CAR,REG,2015_04_CAR_TB,TB,11,22,124,2,0,2,-13,0,0,228,72,7,-0.922326326046192,-5.53587444803932,0,7,2,1,0,33,133,0,2,1,8,1.21019403566606,0,5,4,0,0,11,22,124,2,0,0,228,72,7,1.51164208554447,0,7,2,1,0,0,41,15,17,3,19,0,2,17,7,4,80,9,1,0,0,0,0,0,0,0,0,1,57,1,0,1,5,45,2,1,1,0,2,1,2,5,1,26,3,3,0,0,27,1,0,3,0,0,0,0,0,0,0,0,0,0,24;27;27,,,78,0,0,4,4,0,0,1,0,0,0,0,0,4,0,56,154,2,0,0,1,1,2,15,0,119
2015,4,CHI,REG,2015_04_OAK_CHI,LV,28,43,281,2,1,3,-8,0,0,268,164,17,12.3326264925709,-0.920052722442982,0,9,4,4,0,29,98,0,1,1,4,-16.7002675289242,0,4,1,0,0,28,43,281,2,1,0,268,168,17,14.9713803264021,0,9,4,4,0,0,45,0,8,5,29,0,2,23,2,1,13,3,0,0,0,0,0,0,0,0,0,1,-2,1,0,0,7,48,5,2,1,0,3,2,2,17,1,21,3,3,0,0,54,1,1,0,0,1,1,0,0,0,0,0,0,0,19;54;49,,,122,0,0,1,2,0,1,0.5,1,1,0,0,49,3,0,51,136,1,0,0,0,0,3,29,0,107
2015,4,CIN,REG,2015_04_KC_CIN,KC,17,24,321,1,0,0,0,0,0,289,139,10,19.2883223134002,9.78249311447144,0,9,8,7,2,26,124,4,0,0,8,5.43922850866523,1,3,2,0,0,17,24,321,1,0,0,289,139,10,19.2883223134002,0,9,8,7,2,0,49,1,29,8,49,1,5,38,10,0,0,4,0,0,0,0,0,0,0,0,0,1,0,1,25,0,11,84,4,0,1,0,1,0,1,7,3,53,0,1,1,0,,0,0,0,0,0,0,0,0,0,0,1,0,0,,44,,0,44,0,4,4,0,0,1,0,0,0,0,0,3,0,67,143,2,1,2,0,0,0,0,0,143
2015,4,CLE,REG,2015_04_CLE_SD,LAC,32,41,356,2,0,4,-24,1,1,182,231,16,9.6807553220194,14.048820771277,1,16,8,3,1,21,100,0,0,0,2,-1.70913364458829,0,1,1,1,0,32,40,356,2,0,0,182,231,16,18.4071404472113,1,16,8,3,1,0,39,9,9,4,17,0,2,11,4,0,0,6,0,0,0,0,0,0,0,0,0,0,0,0,0,0,12,91,6,1,0,0,1,1,2,41,3,110,4,4,0,0,40,1,0,1,2,1,0,0,0,0,0,0,0,0,36;28;33;40,,,137,0,0,1,1,0,0,1,0,0,0,0,0,4,0,57,192,3,1,0,0,2,1,5,0,187
2015,4,DAL,REG,2015_04_DAL_NO,NO,16,26,246,1,0,3,-26,0,0,261,117,11,10.8321919677898,1.38623244487322,0,8,5,3,1,28,115,1,0,0,4,-3.35532983229496,0,3,3,1,1,16,26,246,1,0,0,261,117,11,15.2283171013698,0,8,5,3,1,0,52,0,18,5,29,0,3,24,4,0,0,2,0,0,0,0,0,0,0,0,0,0,0,0,0,0,6,30,4,0,0,0,0,0,0,0,2,40,2,2,0,0,38,1,0,0,2,0,0,0,0,0,0,0,0,0,30;38,,,68,0,0,2,2,0,0,1,0,0,0,0,0,5,0,53,209,3,0,1,0,1,3,34,0,175
2015,4,DEN,REG,2015_04_MIN_DEN,MIN,17,27,213,1,2,2,-13,0,0,236,80,11,-1.96924767119968,2.47310046796446,0,8,5,4,1,24,144,1,0,0,4,-0.145143197267316,0,2,2,1,1,17,27,213,1,0,0,236,80,11,0.961839980962346,0,8,5,4,1,0,49,1,17,10,57,3,7,57,9,0,0,3,0,0,0,0,0,0,0,0,0,0,0,1,0,0,8,40,4,0,0,0,0,0,1,2,2,55,3,3,0,0,47,1,0,0,2,1,0,0,0,0,0,0,0,0,33;47;39,,,119,0,0,2,2,0,0,1,0,0,0,0,0,3,0,50,141,1,1,1,0,0,1,7,0,134
2015,4,DET,REG,2015_04_DET_SEA,SEA,24,35,203,0,0,0,0,0,0,243,110,10,1.16130888421314,0.757436624595097,0,9,4,2,0,18,53,0,0,0,1,-3.5282464522752,0,0,0,0,0,24,35,203,0,1,1,243,110,10,-5.7181676054607,0,9,4,2,0,0,47,0,24,8,40,3,6,52,10,0,0,0,0,1,0,0,0,0,0,0,0,1,0,3,27,1,4,37,5,1,1,1,2,1,3,29,2,54,1,1,0,0,41,1,0,0,0,1,0,0,0,0,0,0,0,0,41,,,41,0,0,1,1,0,0,1,0,0,0,0,0,8,0,62,367,3,0,0,1,2,5,42,0,305
2015,4,GB,REG,2015_04_GB_SF,SF,22,32,224,1,0,3,-24,0,0,246,113,8,4.87331884461098,4.42226063460112,0,6,3,2,0,33,162,1,0,0,9,4.21527593175415,0,6,4,0,0,22,32,224,1,0,0,246,113,8,9.28763939894408,0,6,3,2,0,0,34,5,5,7,44,1,6,41,7,1,0,3,0,0,0,0,0,0,0,0,0,0,0,0,0,0,8,65,5,0,0,0,0,0,3,14,0,0,1,2,1,0,31,0.5,0,0,1,0,0,0,0,0,0,1,0,0,31,44,,31,44,0,2,2,0,0,1,0,0,0,0,0,6,0,51,235,1,2,0,0,1,3,12,0,223
2015,4,HOU,REG,2015_04_HOU_ATL,ATL,29,57,382,2,1,1,-8,0,0,795,92,19,4.67123184433301,-6.09030613773748,0,18,8,5,1,17,54,1,1,1,3,-9.06312349543441,0,1,1,0,0,29,57,382,2,2,2,795,92,19,-4.90384715238026,0,18,8,5,1,0,42,2,22,4,11,0,2,13,2,0,0,3,0,0,0,0,0,0,0,0,0,0,0,0,0,0,5,35,5,2,1,0,3,3,4,40,3,70,0,1,1,0,,0,0,0,0,0,0,0,0,0,0,0,1,0,,53,,0,53,0,3,3,0,0,1,0,0,0,0,0,4,0,60,194,1,1,0,0,1,2,29,0,165
2015,4,IND,REG,2015_04_JAX_IND,JAX,30,47,282,1,0,3,-16,1,0,399,121,14,3.41963919475313,-1.35548064049254,0,13,6,2,0,24,60,0,2,2,3,-16.1183091083466,0,1,1,1,0,30,47,282,1,0,0,399,121,14,8.01060513665072,0,13,6,2,0,0,44,0,32,5,27,1,1,9,6,0,0,5,0,0,0,0,0,0,0,0,0,1,0,0,0,0,4,45,5,3,0,0,3,2,2,16,3,72,3,3,0,0,54,1,0,1,1,0,1,0,0,0,0,0,0,0,54;32;27,,,113,0,0,1,1,0,0,1,1,1,0,0,27,6,0,57,287,2,0,1,0,1,4,17,0,270
2015,4,JAX,REG,2015_04_JAX_IND,IND,28,50,298,1,0,1,-9,0,0,408,106,15,0.954997520389626,-3.59763645745338,0,11,4,3,1,28,142,0,1,0,5,-1.26903179886307,0,3,2,1,0,28,47,298,1,1,0,408,106,15,4.06118349163658,0,11,4,3,1,0,43,0,30,4,14,3,3,16,8,0,0,3,0,1,0,0,0,0,0,0,0,2,-15,2,0,0,13,92,4,1,2,1,3,0,4,17,0,0,2,4,2,0,32,0.5,0,1,1,0,0,0,0,0,0,1,1,0,20;32,53;48,,52,101,0,1,1,0,0,1,0,0,0,0,0,8,0,47,307,5,0,0,0,6,2,16,0,291
2015,4,KC,REG,2015_04_KC_CIN,CIN,31,45,386,0,0,5,-38,0,0,288,216,13,8.23946066303306,5.68736930226171,0,15,5,5,2,23,113,0,0,0,8,2.48109332529233,0,4,3,1,0,31,43,386,0,1,1,288,216,13,13.6513620285912,0,15,5,5,2,0,32,0,22,1,1,0,0,0,0,0,0,1,0,0,0,0,0,0,0,0,0,0,0,0,0,0,7,46,6,1,0,0,1,1,0,0,5,109,7,7,0,0,51,1,0,2,1,2,2,0,0,0,0,0,0,0,22;40;51;34;40;29;51,,,267,0,0,0,0,0,0,,0,0,0,0,0,1,0,62,62,0,0,0,0,0,1,7,0,55
2015,4,LA,REG,2015_04_STL_ARI,ARI,16,24,171,3,0,1,-7,0,0,154,92,7,4.31360785346586,3.78724274535974,0,7,3,1,1,26,164,0,1,0,6,-1.25295331527013,0,6,6,4,1,16,24,171,3,0,0,154,92,7,6.87766479943056,0,7,3,1,1,0,53,1,11,9,29,3,4,18,10,1,0,6,0,0,0,0,0,0,0,0,0,1,0,2,0,0,7,66,1,1,0,0,1,0,0,0,5,121,1,1,0,0,30,1,0,0,1,0,0,0,0,0,0,0,0,0,30,,,30,0,0,3,3,0,0,1,0,0,0,0,0,7,0,57,348,2,0,0,0,2,5,32,0,316
2015,4,LAC,REG,2015_04_CLE_SD,CLE,23,38,358,3,0,2,-11,0,0,251,230,15,13.0240196696222,-5.38923208777969,0,11,8,5,2,21,91,0,0,0,3,-2.89393853163347,0,3,2,1,0,23,37,358,3,0,0,251,230,15,16.8307006306103,0,11,8,5,2,0,41,17,19,6,28,1,4,24,10,0,0,3,0,0,0,0,0,0,0,0,0,0,0,1,0,0,6,31,4,0,0,0,0,0,1,5,5,112,3,3,0,0,46,1,0,0,1,2,0,0,0,0,0,0,0,0,46;45;34,,,125,0,0,3,3,0,0,1,1,1,0,0,34,5,0,47,186,2,1,2,0,0,2,41,0,145
2015,4,LV,REG,2015_04_OAK_CHI,CHI,20,33,196,2,1,2,-23,0,0,188,95,12,-0.771419065464234,-8.38679192644177,0,9,4,2,0,22,70,0,1,1,3,-9.42070745335934,0,1,1,0,0,20,33,196,2,0,0,188,95,12,2.6460742973304,0,9,4,2,0,0,58,0,10,6,20,2,3,8,5,1,11,5,0,0,0,0,1,0,0,0,0,0,-9,2,0,0,5,47,2,0,1,0,1,1,3,29,3,58,2,2,0,0,41,1,0,1,0,1,0,0,0,0,0,0,0,0,29;41,,,70,0,0,2,2,0,0,1,0,0,0,0,0,5,0,54,242,2,0,2,0,1,2,17,0,225
2015,4,MIA,REG,2015_04_NYJ_MIA,NYJ,19,44,198,2,2,3,-31,1,0,402,85,8,-20.5678418450989,-14.0836611390114,0,9,5,2,1,11,59,0,0,0,4,0.762399104423821,0,4,3,0,0,19,44,198,2,0,0,402,85,8,-15.6072573347483,0,9,5,2,1,0,52,0,12,4,14,0,0,0,2,1,38,6,0,0,0,0,0,0,0,0,0,1,0,0,0,0,9,80,4,1,0,0,1,0,3,67,6,141,0,0,0,0,,,0,0,0,0,0,0,0,0,0,0,0,0,,,,0,0,0,2,2,0,0,1,0,0,0,0,0,7,0,59,322,2,1,0,0,2,4,32,0,290
2015,4,MIN,REG,2015_04_MIN_DEN,DEN,27,41,269,1,0,7,-57,1,1,341,79,13,-1.0808265789661,5.12767892058303,0,12,8,3,0,21,113,1,0,0,5,2.61016864562407,0,3,1,1,1,27,41,269,1,2,0,341,79,13,10.6754997139082,0,12,8,3,0,0,40,0,6,4,16,0,2,13,4,2,32,6,0,0,0,0,0,0,0,0,0,2,0,0,0,0,9,63,3,3,0,0,3,1,1,7,2,34,2,3,1,0,38,0.666666666666667,0,0,2,0,0,0,0,0,1,0,0,0,38;33,38,,71,38,0,2,2,0,0,1,0,0,0,0,0,5,0,54,217,3,0,0,0,4,1,2,0,215
2015,4,NO,REG,2015_04_DAL_NO,DAL,33,41,359,2,0,3,-24,0,0,175,239,17,8.83407713519274,5.62468243808281,0,13,6,4,1,25,103,1,0,0,7,-1.23715251534522,0,4,2,0,0,33,41,359,2,0,0,175,239,17,14.4867511015605,0,13,6,4,1,0,35,0,22,5,31,0,3,26,4,0,0,4,0,0,0,0,0,0,0,0,0,0,0,0,0,0,8,64,6,0,0,0,0,0,3,34,1,34,2,3,1,0,51,0.666666666666667,0,1,0,0,1,0,0,0,1,0,0,0,51;29,30,,80,30,0,2,2,0,0,1,0,0,0,0,0,4,0,47,166,3,1,0,0,3,0,0,0,166
2015,4,NYG,REG,2015_04_NYG_BUF,BUF,20,35,212,3,1,1,-1,0,0,251,128,8,-1.88753530940822,-9.80611043316977,0,7,4,3,1,28,92,0,1,0,4,0.303589353556279,1,2,1,0,0,20,35,212,3,0,0,251,128,8,-0.870874927368373,0,7,4,3,1,0,36,16,34,5,30,1,2,16,4,1,0,5,0,0,0,0,0,0,0,0,0,1,-6,1,0,0,11,85,2,0,1,0,1,0,3,18,1,25,1,1,0,0,47,1,0,0,0,1,0,0,0,0,0,0,0,0,47,,,47,0,0,1,2,1,0,0.5,0,0,0,0,0,8,0,55,355,4,0,1,0,2,5,20,0,335
2015,4,NYJ,REG,2015_04_NYJ_MIA,MIA,16,29,218,1,1,0,0,0,0,286,98,8,7.08709959620996,-6.47490281483223,0,8,3,3,1,43,207,2,0,0,13,5.1320336657227,0,8,5,1,0,16,29,218,1,0,0,286,98,8,7.08709959620996,0,8,3,3,1,0,39,0,6,4,32,1,3,31,10,2,0,11,0,0,0,0,0,0,0,0,0,0,0,0,0,0,14,163,2,0,0,0,0,0,4,32,2,45,2,3,1,0,48,0.666666666666667,0,1,0,1,0,0,0,0,0,1,0,0,22;48,40,,70,40,0,3,3,0,0,1,0,0,0,0,0,5,0,51,212,1,1,0,0,1,3,67,0,145
2015,4,PHI,REG,2015_04_PHI_WAS,WAS,15,28,270,3,0,5,-37,0,0,378,70,6,8.92953717471231,-3.45918812922069,0,8,5,4,2,18,87,0,1,1,4,-4.79380071209744,0,3,2,1,0,15,28,270,3,0,0,378,70,6,13.6395350809164,0,8,4,4,2,0,47,9,31,1,1,1,1,0,2,0,0,2,0,0,0,0,0,0,0,0,0,0,-3,1,0,0,8,72,5,0,2,0,2,2,1,45,0,0,0,1,1,0,,0,0,0,0,0,0,0,0,0,1,0,0,0,,33,,0,33,0,2,3,1,0,0.666666666666667,0,0,0,0,0,6,0,46,251,2,0,1,1,2,2,2,0,229
2015,4,PIT,REG,2015_04_BAL_PIT,BAL,19,26,124,1,0,4,-28,0,0,178,46,8,-15.8462855339287,6.26484281741656,0,6,3,0,0,33,167,1,1,0,8,1.35979317445576,0,5,2,2,0,19,26,124,1,0,0,178,46,8,-7.7546678297924,0,6,3,0,0,0,48,14,20,8,41,1,5,21,7,1,37,5,0,1,0,0,0,0,0,0,0,2,0,1,0,0,4,20,7,0,2,0,2,0,3,51,1,31,2,4,2,0,45,0.5,0,0,1,1,0,0,0,0,0,2,0,0,45;36,49;41,,81,90,0,2,2,0,0,1,0,0,0,0,0,6,0,51,239,2,1,1,0,3,1,14,0,225
2015,4,SEA,REG,2015_04_DET_SEA,DET,20,26,287,1,0,6,-52,2,2,193,151,12,-2.58451556236489,10.5848235579637,0,10,6,6,1,31,110,0,1,0,6,-8.2436417946592,0,4,2,0,0,20,26,287,1,0,0,193,151,12,16.344361979722,0,10,6,6,1,0,34,1,29,2,2,1,0,0,3,0,0,4,0,1,0,0,0,0,0,0,0,1,-12,0,0,0,5,30,1,3,2,1,5,3,5,42,3,46,2,2,0,0,52,1,0,0,0,0,2,0,0,0,0,0,0,0,51;52,,,103,0,0,1,1,0,0,1,0,0,0,0,0,4,0,50,122,3,0,0,0,1,3,29,0,93
2015,4,SF,REG,2015_04_GB_SF,GB,13,25,160,0,1,6,-41,0,0,240,106,7,-8.09207373065023,-11.9780368804932,0,4,2,2,2,19,77,0,1,0,1,-4.80283122760011,0,2,1,0,0,13,25,160,0,1,0,240,106,7,3.12980867247948,0,4,2,2,2,0,48,10,12,5,26,0,3,24,5,0,0,1,0,1,0,0,0,0,0,0,0,3,0,0,0,0,4,30,4,1,2,0,3,0,3,12,1,20,1,1,0,0,33,1,0,0,1,0,0,0,0,0,0,0,0,0,33,,,33,0,0,0,0,0,0,,0,0,0,0,0,6,0,59,247,1,3,0,0,0,3,14,0,233
2015,4,TB,REG,2015_04_CAR_TB,CAR,26,43,287,2,4,2,-17,0,0,297,108,15,-14.9844965945057,-0.79465966399123,0,13,6,5,0,30,141,1,0,0,8,0.971480992797296,0,3,2,2,0,26,41,287,2,0,0,297,108,15,-7.6421061953252,0,13,6,5,0,0,32,13,13,6,27,1,2,13,4,0,0,4,0,0,0,0,0,0,0,0,0,0,-2,1,0,0,5,48,4,0,1,0,1,1,2,15,3,92,1,3,2,0,42,0.333333333333333,0,0,0,1,0,0,0,1,0,1,0,0,42,29;43,,42,72,0,2,3,1,0,0.666666666666667,0,0,0,0,0,2,0,41,82,0,0,0,0,0,2,5,0,77
2015,4,WAS,REG,2015_04_PHI_WAS,PHI,31,46,290,1,0,1,0,0,0,314,139,18,11.4633920884347,1.6738289076349,0,12,4,2,1,32,127,1,1,0,4,-3.67164408303193,0,3,3,1,1,31,46,290,1,1,1,314,139,18,8.34298186657298,0,12,4,2,1,0,24,9,13,6,42,0,5,37,8,0,0,4,0,0,0,0,0,0,0,0,0,1,0,2,0,0,10,110,2,1,1,0,2,1,2,2,1,22,3,3,0,0,38,1,0,1,2,0,0,0,0,0,0,0,0,0,20;38;33,,,91,0,0,2,2,0,0,1,0,0,0,0,0,5,0,63,221,0,0,1,1,2,1,45,0,156
2015,5,ARI,REG,2015_05_ARI_DET,DET,12,18,171,3,0,2,-13,0,0,237,43,7,6.62823815620504,8.80996121300591,0,8,3,2,1,25,187,3,0,0,7,8.26152597356122,0,5,5,3,2,12,18,171,3,0,0,237,43,7,10.3250951163936,0,8,3,2,1,0,54,2,16,7,13,3,1,0,11,4,81,8,0,0,0,0,0,0,0,0,0,0,0,2,4,0,9,70,3,0,0,0,0,0,2,16,1,35,0,0,0,0,,,0,0,0,0,0,0,0,0,0,0,0,0,,,,0,0,0,6,6,0,0,1,0,0,0,0,0,6,0,49,227,3,0,1,0,3,2,2,0,225
2015,5,ATL,REG,2015_05_WAS_ATL,WAS,24,42,254,0,2,3,-12,1,1,414,92,14,-8.85490739734663,-7.49252651418958,0,12,5,2,0,32,176,1,1,0,12,7.31229509526747,0,5,2,0,0,24,42,254,0,1,0,414,92,14,-1.81230404413358,0,12,5,2,0,0,48,1,3,4,14,1,1,0,5,2,76,3,1,0,0,0,0,0,0,0,0,2,0,0,0,1,4,62,4,3,0,0,3,1,2,14,0,0,2,4,2,0,42,0.5,0,1,0,1,0,0,0,0,1,1,0,0,42;28,38;48,,70,86,0,1,1,0,0,1,0,0,0,0,0,1,0,51,51,0,0,0,0,0,1,10,0,41
2015,5,BAL,REG,2015_05_CLE_BAL,CLE,19,35,210,1,0,1,-14,0,0,220,150,9,1.6191420984042,-11.978634595871,0,8,4,2,1,31,181,3,0,0,10,7.8389393708494,0,5,4,2,1,19,35,210,1,0,0,220,150,9,3.61561208875451,0,8,4,2,1,0,54,0,20,8,42,0,4,35,7,0,0,3,0,0,0,0,0,0,0,0,0,0,0,0,0,0,12,98,4,0,0,0,0,0,3,30,6,143,1,2,1,0,23,0.5,0,1,0,0,0,0,0,0,0,0,1,0,23,51,,23,51,0,3,3,0,0,1,0,0,0,0,0,6,0,57,297,2,4,0,0,0,2,2,0,295
2015,5,BUF,REG,2015_05_BUF_TEN,TEN,11,18,113,1,0,4,-31,0,0,164,27,6,-3.0426678248914,-2.02380932039685,0,3,1,1,1,28,127,1,1,0,5,4.21481710660737,0,3,3,3,0,11,18,113,1,0,0,164,27,6,4.40055088908412,0,3,1,1,1,0,49,0,20,5,12,0,2,8,7,1,0,5,0,1,0,0,0,0,0,0,0,1,0,0,0,0,7,62,2,2,0,0,2,1,3,40,1,24,0,0,0,0,,,0,0,0,0,0,0,0,0,0,0,0,0,,,,0,0,0,2,2,0,0,1,0,0,0,0,0,7,0,65,357,1,0,0,0,2,5,66,0,291
2015,5,CHI,REG,2015_05_CHI_KC,KC,26,45,252,2,0,2,-11,1,1,343,97,14,-1.94853926980146,-5.19025776121351,0,9,5,3,0,26,87,0,0,0,5,-2.23287847352913,0,2,0,0,0,26,45,252,2,0,0,343,97,14,5.42943508718885,0,9,5,3,0,0,40,0,6,4,13,0,3,11,4,0,0,3,0,0,0,0,0,1,0,0,0,1,0,0,0,0,6,49,4,1,1,0,2,1,3,20,0,0,2,2,0,0,44,1,0,0,1,1,0,0,0,0,0,0,0,0,44;30,,,74,0,0,0,0,0,0,,0,0,0,0,0,5,0,49,235,0,2,0,0,0,3,17,0,218
2015,5,CIN,REG,2015_05_SEA_CIN,SEA,30,44,331,2,1,4,-21,0,0,305,127,18,7.21045928579406,1.97292226691579,0,15,5,5,1,31,109,1,1,1,6,-11.543013765163,0,2,2,0,0,30,43,331,2,0,0,305,127,18,13.9351680426917,0,15,5,5,1,0,36,0,28,3,9,0,4,16,10,1,0,5,0,0,0,0,0,0,0,0,0,0,0,0,0,0,7,50,5,1,0,0,1,1,5,93,4,87,2,2,0,0,42,1,0,0,1,1,0,0,0,0,0,0,0,0,31;42,,,73,0,0,3,3,0,0,1,1,1,0,0,42,6,0,51,293,3,0,2,1,1,2,8,0,265
2015,5,CLE,REG,2015_05_CLE_BAL,BAL,36,51,457,2,0,4,-35,0,0,413,242,18,15.8328118111581,5.2243649375205,1,16,12,8,1,25,83,1,0,0,4,-1.31759864789284,0,2,1,0,0,36,51,457,2,0,0,413,242,18,22.3240605419624,1,16,12,8,1,0,41,0,30,5,26,0,1,14,2,0,0,4,0,0,0,0,0,0,0,0,0,0,0,0,0,0,9,74,4,0,0,0,0,0,2,2,1,15,4,4,0,0,43,1,0,0,2,2,0,0,0,0,0,0,0,0,43;43;37;32,,,155,0,0,1,1,0,0,1,1,1,0,0,32,5,0,51,217,2,0,1,0,1,3,30,0,187
2015,5,DAL,REG,2015_05_NE_DAL,NE,26,39,187,0,1,3,-24,0,0,235,95,10,-15.5454103342764,-1.46293999292912,0,7,3,1,0,24,102,0,0,0,5,0.883041749213589,0,3,2,0,0,26,39,187,0,1,1,235,95,10,-17.269213999649,0,7,3,1,0,0,39,0,20,5,29,1,5,28,8,0,0,3,0,0,0,0,0,0,0,0,0,0,0,0,0,0,7,50,5,1,0,0,1,1,2,6,1,21,2,2,0,0,51,1,0,1,0,0,1,0,0,0,0,0,0,0,51;23,,,74,0,0,0,0,0,0,,0,0,0,0,0,6,0,59,298,1,2,0,0,0,4,52,0,246
2015,5,DEN,REG,2015_05_DEN_OAK,LV,22,35,266,0,2,2,-12,0,0,287,141,11,-6.63255495489126,-0.614801304680961,0,10,6,3,2,18,43,0,0,0,2,-6.83324803196592,0,1,0,0,0,22,35,266,0,0,0,287,141,11,-3.92370267495995,0,10,6,3,2,0,45,8,18,6,23,3,4,26,7,1,74,6,1,0,0,0,0,1,0,0,0,0,0,2,0,0,6,103,4,0,0,0,0,0,1,4,2,54,3,3,0,0,52,1,0,2,0,0,1,0,0,0,0,0,0,0,25;20;52,,,97,0,0,1,1,0,0,1,0,0,0,0,0,6,0,44,252,1,1,2,2,0,1,25,0,187
2015,5,DET,REG,2015_05_ARI_DET,ARI,41,70,379,2,4,1,0,0,0,517,167,22,-10.8077177259916,-8.39082015787854,0,14,6,5,1,18,56,0,1,1,3,-7.25189103547018,0,1,1,0,0,41,68,379,2,1,1,517,167,22,-12.3617700754626,0,14,6,5,1,0,33,0,10,4,15,0,2,13,5,0,0,1,0,0,0,0,0,0,0,0,0,0,0,0,0,0,9,85,2,3,0,1,3,2,2,2,3,94,1,1,0,0,40,1,0,0,0,1,0,0,0,0,0,0,0,0,40,,,40,0,0,2,2,0,0,1,0,0,0,0,0,4,0,54,172,3,0,1,0,1,2,16,0,156
2015,5,GB,REG,2015_05_STL_GB,LA,19,30,241,2,2,2,-5,1,1,149,184,9,-5.97664479118517,-8.10563216606776,0,9,4,2,1,27,86,0,0,0,4,-7.6538766688318,0,1,1,0,0,19,30,241,2,0,0,149,184,9,-0.0968200784290789,0,9,4,2,1,0,49,3,11,3,14,1,3,18,12,4,50,9,1,0,0,0,0,1,0,0,0,0,0,0,0,0,7,67,3,1,0,0,1,1,2,9,0,0,1,1,0,0,35,1,0,0,1,0,0,0,0,0,0,0,0,0,35,,,35,0,0,3,3,0,0,1,0,0,0,0,0,4,0,53,191,0,0,0,2,0,2,4,0,147
2015,5,HOU,REG,2015_05_IND_HOU,IND,31,41,362,2,2,1,0,0,0,408,130,17,14.5945456099751,10.5116591220949,0,16,6,5,1,28,82,0,0,0,5,-7.09714875437203,0,1,1,0,0,31,41,362,2,0,0,408,130,17,15.3672759660574,0,16,6,5,1,0,29,9,27,2,5,0,0,0,3,0,0,4,0,0,0,0,0,0,0,0,0,0,0,0,0,0,13,125,6,0,0,0,0,0,2,11,0,0,2,2,0,0,49,1,0,0,1,1,0,0,0,0,0,0,0,0,36;49,,,85,0,0,2,2,0,0,1,0,0,0,0,0,3,0,55,123,0,1,0,0,0,2,16,0,107
2015,5,IND,REG,2015_05_IND_HOU,HOU,18,29,213,2,0,0,0,0,0,238,67,10,10.8490357954949,0.690775390329032,0,9,4,4,1,30,110,1,0,0,6,-1.44016349379672,0,3,2,1,0,18,29,213,2,0,0,238,67,10,10.8490357954949,0,9,4,4,1,0,50,3,15,4,7,0,1,0,3,2,48,2,0,0,0,0,0,0,0,0,0,0,0,0,0,0,7,65,1,0,0,0,0,0,2,16,2,74,2,2,0,0,48,1,0,0,0,2,0,0,0,0,0,0,0,0,48;42,,,90,0,0,3,3,0,0,1,0,0,0,0,0,3,0,53,147,2,0,0,0,1,2,11,0,136
2015,5,JAX,REG,2015_05_JAX_TB,TB,23,33,303,4,1,6,-33,0,0,341,113,15,8.82595242541746,10.6451494153589,0,12,5,4,1,17,55,0,1,1,3,-7.76689846179215,0,3,1,1,0,23,32,303,4,0,0,341,113,15,17.4122132269479,0,12,5,4,1,0,39,11,13,5,28,0,2,23,4,0,0,4,0,0,0,0,0,0,0,0,0,0,0,0,0,0,3,12,4,1,0,0,1,1,2,8,3,93,1,1,0,0,31,1,0,0,1,0,0,0,0,0,0,0,0,0,31,,,31,0,0,4,4,0,0,1,0,0,0,0,0,4,0,63,221,1,0,1,0,0,3,85,0,136
2015,5,KC,REG,2015_05_CHI_KC,CHI,16,30,181,1,0,3,-11,0,0,188,92,9,-4.09980053714402,-14.7371795773506,0,8,5,2,0,25,117,0,0,0,6,1.39410564536229,0,1,1,0,0,16,30,181,1,0,0,188,92,9,0.0307037377132129,0,8,5,2,0,0,46,0,14,3,5,1,2,11,5,0,0,7,0,0,0,0,0,0,0,0,0,0,0,1,0,1,3,49,5,0,0,0,0,0,3,17,2,30,1,3,1,1,35,0.333333333333333,0,0,1,0,0,0,0,0,0,0,0,1,35,66,27,35,66,27,2,2,0,0,1,0,1,1,0,66,7,0,55,331,4,1,0,1,2,3,20,0,291
2015,5,LA,REG,2015_05_STL_GB,GB,12,31,161,1,4,3,-18,1,0,305,97,8,-21.8437096648971,-14.8915385891651,0,6,3,2,1,36,191,0,0,0,8,-0.471932866144925,0,5,2,1,1,12,29,161,1,0,0,305,97,8,-15.2984261914491,0,6,3,2,1,0,42,1,13,1,3,1,2,5,3,2,29,5,0,0,0,0,0,0,0,0,0,1,0,1,0,0,8,40,5,1,0,0,1,0,2,4,1,25,1,4,2,1,42,0.25,0,0,0,1,0,0,0,0,0,0,1,1,42,53;63,50,42,116,50,1,1,0,0,1,0,0,0,0,0,4,0,51,181,1,0,0,1,1,2,9,0,152
2015,5,LAC,REG,2015_05_PIT_SD,PIT,35,48,365,2,1,2,-11,0,0,250,245,20,3.45738899537312,5.0335164492329,0,19,7,4,0,19,52,0,1,1,2,-7.40478379983688,0,0,0,0,0,35,48,365,2,0,0,250,245,20,5.71740349863605,0,19,7,4,0,0,36,13,13,6,20,0,3,9,6,1,0,5,0,0,0,0,0,0,0,0,0,0,0,0,0,0,7,54,5,1,0,0,1,1,2,5,1,30,2,3,1,0,54,0.666666666666667,0,0,0,1,1,0,0,0,0,0,0,1,40;54,60,,94,60,0,2,2,0,0,1,0,0,0,0,0,5,0,58,267,0,0,0,0,0,5,27,0,240
2015,5,LV,REG,2015_05_DEN_OAK,DEN,26,39,249,1,1,4,-26,1,1,267,144,13,-13.7040027931813,1.21141374111176,0,10,5,4,0,25,65,0,0,0,3,-2.50000174168963,0,1,0,0,0,26,39,249,1,1,0,267,144,13,-3.63175713333527,0,10,5,4,0,0,33,5,23,2,10,0,2,12,5,2,11,6,0,1,0,0,0,0,0,0,0,1,0,0,0,0,6,41,3,3,0,0,3,2,1,25,2,45,1,3,1,1,50,0.333333333333333,0,0,0,0,1,0,0,0,0,1,0,0,50,40,38,50,40,38,1,1,0,0,1,0,0,0,0,0,4,0,61,207,3,0,1,0,2,1,4,0,203
2015,5,NE,REG,2015_05_NE_DAL,DAL,20,27,275,2,0,5,-28,1,0,153,180,11,10.9045625174226,4.42492111965462,0,10,7,4,1,23,109,1,0,0,5,-1.6962780711386,0,3,2,1,0,20,27,275,2,0,0,153,180,11,18.636427054826,0,10,7,4,1,0,44,1,17,5,30,1,3,24,5,1,25,6,0,0,0,0,0,0,0,0,0,1,0,1,7,0,9,64,5,1,0,0,1,0,4,52,0,0,3,3,0,0,57,1,0,0,1,1,1,0,0,0,0,0,0,0,49;57;34,,,140,0,0,3,3,0,0,1,0,0,0,0,0,4,0,60,175,3,0,1,0,1,2,6,0,169
2015,5,NO,REG,2015_05_NO_PHI,PHI,26,43,335,2,1,5,-43,2,2,426,134,14,-7.37119676716084,0.387125444966693,0,13,8,7,2,21,96,0,0,0,5,0.689735063235275,0,4,2,0,0,26,43,335,2,1,1,426,134,14,1.60755105722074,0,13,8,7,2,0,62,1,7,3,9,0,0,0,0,2,0,6,0,0,0,0,0,0,0,0,0,0,0,0,0,0,7,78,3,3,0,0,3,3,1,1,4,85,1,1,0,0,21,1,0,1,0,0,0,0,0,0,0,0,0,0,21,,,21,0,0,2,2,0,0,1,0,0,0,0,0,6,0,57,237,3,2,2,1,1,0,0,0,217
2015,5,NYG,REG,2015_05_SF_NYG,SF,41,54,441,3,1,0,0,0,0,338,220,23,21.8544802602373,10.5855463810687,0,18,10,4,1,21,84,0,0,0,6,-4.0987132068378,0,2,0,0,0,41,53,441,3,0,0,338,220,23,22.2143276517272,0,18,10,4,1,0,35,16,16,1,3,3,2,6,5,0,0,4,0,0,0,0,0,0,0,0,0,0,0,0,0,0,6,65,6,0,0,0,0,0,3,31,2,44,3,3,0,0,41,1,0,2,0,1,0,0,0,0,0,0,0,0,22;41;24,,,87,0,0,3,3,0,0,1,0,0,0,0,0,2,0,55,90,1,0,0,0,1,1,16,0,74
2015,5,PHI,REG,2015_05_NO_PHI,NO,32,45,333,2,2,0,0,0,0,357,191,18,2.15565957325534,6.79228842258453,0,14,6,3,1,34,186,2,0,0,11,4.55109425630456,0,6,4,2,0,32,45,333,2,0,0,357,191,18,2.15565957325534,0,14,6,3,1,0,46,0,10,7,38,3,5,43,7,1,44,7,0,0,0,0,0,0,0,0,0,0,0,3,2,0,4,35,2,0,0,0,0,0,0,0,1,40,4,4,0,0,41,1,0,2,1,1,0,0,0,0,0,0,0,0,39;29;26;41,,,135,0,0,3,4,1,0,0.75,0,0,0,0,0,1,0,50,50,0,0,0,0,0,1,1,0,49
2015,5,PIT,REG,2015_05_PIT_SD,LAC,13,26,203,1,1,3,-9,0,0,324,108,5,-2.38465728463143,-3.25411365677913,0,5,4,3,1,27,155,1,0,0,8,5.05673091573408,0,3,3,3,0,13,24,203,1,0,0,324,108,5,2.82312632499725,0,5,4,3,1,0,46,9,11,5,16,1,2,11,5,1,70,3,1,0,0,0,0,0,0,0,0,0,0,1,0,0,8,86,5,0,0,0,0,0,5,27,2,62,1,1,0,0,47,1,0,0,0,1,0,0,0,0,0,0,0,0,47,,,47,0,0,3,3,0,0,1,0,0,0,0,0,8,0,56,322,6,0,2,0,4,2,5,0,317
2015,5,SEA,REG,2015_05_SEA_CIN,CIN,15,23,213,1,1,4,-16,0,0,281,67,9,-2.17549338824988,12.0099546557123,0,7,4,4,1,30,200,1,0,0,7,6.92810234322678,0,3,3,2,1,15,22,213,1,0,0,281,67,9,5.29706772342383,0,7,4,4,1,0,64,0,16,7,26,1,4,21,4,1,32,5,0,0,0,0,0,0,0,0,0,0,0,1,23,1,10,112,3,0,0,0,0,0,2,8,1,21,1,1,0,0,24,1,0,1,0,0,0,0,0,0,0,0,0,0,24,,,24,0,0,3,3,0,0,1,0,0,0,0,0,8,0,62,407,0,1,0,1,1,5,93,0,294
2015,5,SF,REG,2015_05_SF_NYG,NYG,23,35,262,2,0,2,-6,1,0,189,172,11,9.98279613067582,0.292403442519052,0,8,6,4,0,27,124,1,1,0,8,5.62836335598379,0,4,4,1,0,23,35,262,2,1,0,189,172,11,11.5849584720884,0,8,6,4,0,0,36,28,28,1,2,0,0,0,7,1,0,3,0,0,0,0,0,0,0,0,0,1,0,0,0,0,4,28,2,3,0,2,3,0,1,16,2,25,2,2,0,0,43,1,0,1,0,1,0,0,0,0,0,0,0,0,43;22,,,65,0,0,3,3,0,0,1,0,0,0,0,0,3,0,50,138,0,0,0,0,0,3,31,0,107
2015,5,TB,REG,2015_05_JAX_TB,JAX,13,19,209,1,0,2,-23,0,0,174,131,11,13.913666073797,9.77803203794691,1,12,4,1,1,40,183,2,0,0,8,-4.85166207485018,0,5,5,2,0,13,18,209,1,0,0,174,131,11,18.628288586024,1,12,4,1,1,0,36,7,13,6,28,1,6,33,9,1,1,6,0,0,0,0,0,0,0,0,0,0,0,1,3,1,10,72,2,0,0,0,0,0,3,85,0,0,3,3,0,0,47,1,0,0,1,2,0,0,0,0,0,0,0,0,35;45;47,,,127,0,0,3,3,0,0,1,0,0,0,0,0,3,0,49,101,1,0,1,0,0,2,8,0,93
2015,5,TEN,REG,2015_05_BUF_TEN,BUF,21,32,187,0,1,2,-8,0,0,221,115,10,-1.91215478993719,0.899719540029764,0,9,3,1,0,28,97,1,0,0,4,-2.8899659049639,0,2,1,1,0,21,32,187,0,0,0,221,115,10,1.7214824825828,0,9,3,1,0,0,35,0,16,4,27,2,4,31,5,0,0,0,0,0,0,0,0,0,0,0,0,0,0,1,0,0,9,74,4,0,0,0,0,0,5,66,3,53,2,2,0,0,41,1,0,1,0,1,0,0,0,0,0,0,0,0,21;41,,,62,0,0,1,1,0,0,1,0,0,0,0,0,6,0,58,251,3,0,0,1,2,3,40,0,191
2015,5,WAS,REG,2015_05_WAS_ATL,ATL,21,32,219,1,2,1,0,0,0,218,119,13,-8.04828742149046,-2.5648501701653,0,11,6,3,0,24,51,1,0,0,4,-4.42909441876691,0,0,0,0,0,21,32,219,1,1,0,218,119,13,-7.16710176461136,0,11,6,3,0,0,54,0,12,3,14,3,3,12,5,2,36,7,0,0,0,0,0,0,0,0,0,0,0,1,0,0,5,51,2,1,0,1,1,0,1,10,2,53,2,3,1,0,52,0.666666666666667,0,1,0,0,1,0,0,0,0,0,1,0,28;52,53,,80,53,0,1,1,0,0,1,0,0,0,0,0,4,0,57,201,2,0,1,0,1,2,14,0,187
2015,6,ARI,REG,2015_06_ARI_PIT,PIT,29,45,421,1,2,1,-7,0,0,538,120,18,7.04975780787807,7.5220716947859,0,17,7,5,3,20,55,0,1,0,2,-5.03008300579875,0,1,0,0,0,29,44,421,1,1,1,538,120,18,4.64268591104936,0,17,7,5,3,0,39,5,13,6,17,0,1,5,2,0,0,2,0,0,0,0,0,0,1,0,0,1,-7,0,0,0,9,111,4,1,1,0,2,1,2,23,6,122,2,3,1,0,39,0.666666666666667,0,0,2,0,0,0,0,0,0,1,0,0,31;39,47,,70,47,0,1,1,0,0,1,0,0,0,0,0,3,0,48,129,1,0,0,1,1,1,8,0,101
2015,6,ATL,REG,2015_06_ATL_NO,NO,30,44,295,2,0,5,-32,2,1,314,127,15,5.92647598771146,0.305315089780231,0,11,4,3,0,21,150,1,2,1,8,-6.65068850788521,0,6,6,1,0,30,43,295,2,0,0,314,127,15,16.9960825573653,0,11,4,3,0,0,56,0,18,3,11,0,1,8,4,0,0,1,0,0,0,0,0,0,0,0,0,2,-8,0,0,0,7,41,6,3,2,0,5,3,2,21,1,19,0,0,0,0,,,0,0,0,0,0,0,0,0,0,0,0,0,,,,0,0,0,3,3,0,0,1,0,0,0,0,0,3,1,47,124,0,0,0,0,1,2,12,0,112
2015,6,BAL,REG,2015_06_BAL_SF,SF,33,53,343,2,2,0,0,0,0,566,140,16,4.47542660547251,2.80280508674108,0,13,8,3,0,22,77,0,0,0,9,-2.66195203637471,0,1,1,1,0,33,52,343,2,0,0,566,140,16,4.53295139413158,0,13,8,3,0,0,37,7,11,3,4,1,3,14,7,0,0,4,0,0,0,0,0,0,1,0,0,0,0,0,0,0,3,15,4,0,0,0,0,0,1,9,1,41,2,3,1,0,36,0.666666666666667,0,1,1,0,0,0,0,0,0,1,0,0,22;36,45,,58,45,0,2,2,0,0,1,0,0,0,0,0,3,0,62,159,2,0,1,0,1,1,4,0,155
2015,6,BUF,REG,2015_06_CIN_BUF,CIN,28,42,263,1,1,2,-7,0,0,368,66,13,-0.287210216396488,6.76959313452244,0,7,5,3,0,23,112,2,0,0,9,5.56033544673119,0,3,2,1,0,28,40,263,1,0,0,368,66,13,4.2914183269022,0,7,5,3,0,0,36,13,21,2,15,0,0,0,1,0,0,3,0,0,0,0,0,0,0,0,0,0,0,0,0,0,8,93,5,0,0,0,0,0,0,0,4,72,0,0,0,0,,,0,0,0,0,0,0,0,0,0,0,0,0,,,,0,0,0,3,3,0,0,1,0,0,0,0,0,5,0,53,243,0,1,0,0,0,4,37,0,206
2015,6,CAR,REG,2015_06_CAR_SEA,SEA,20,36,269,1,2,3,-21,0,0,429,95,14,1.70211937345448,-3.81592848471233,0,13,6,4,0,33,135,3,0,0,10,4.14428439710173,0,1,0,0,0,20,35,269,1,0,0,429,95,14,7.05207308460376,0,13,6,4,0,0,35,0,38,6,29,0,4,22,7,0,0,4,0,0,0,0,0,0,0,0,0,0,0,0,0,0,5,25,4,0,0,0,0,0,2,18,0,0,0,0,0,0,,,0,0,0,0,0,0,0,0,0,0,0,0,,,,0,0,0,3,4,1,0,0.75,0,0,0,0,0,5,0,59,243,1,0,0,0,1,4,28,0,215
2015,6,CHI,REG,2015_06_CHI_DET,DET,26,41,353,1,1,1,0,0,0,350,168,13,8.28474030188889,-0.0290685310596373,1,10,8,6,2,31,91,2,0,0,7,-3.82138062792365,0,2,0,0,0,26,41,353,1,1,0,350,168,13,8.82148429663292,1,10,8,6,2,0,52,3,15,3,18,1,2,14,8,1,0,2,0,0,0,0,0,0,0,0,0,1,0,2,0,0,9,76,4,1,0,0,1,0,4,27,2,50,4,4,0,0,38,1,0,3,1,0,0,0,0,0,0,0,0,0,27;23;38;29,,,117,0,0,2,2,0,0,1,0,0,0,0,0,5,0,52,222,2,0,0,0,2,3,0,0,222
2015,6,CIN,REG,2015_06_CIN_BUF,BUF,22,33,243,3,0,0,0,0,0,284,97,15,15.8219263016649,1.24995554938461,0,9,4,3,1,28,112,1,1,0,5,-0.880834009498358,0,3,2,0,0,22,33,243,3,0,0,284,97,15,15.8219263016649,0,9,4,3,1,0,33,15,25,3,12,0,2,7,7,1,10,5,0,0,0,0,0,0,0,0,0,1,-13,0,0,0,3,20,2,0,1,0,1,0,4,37,4,84,2,2,0,0,47,1,0,0,1,1,0,0,0,0,0,0,0,0,47;39,,,86,0,0,4,4,0,0,1,0,0,0,0,0,3,0,52,121,3,0,0,0,3,0,0,0,121
2015,6,CLE,REG,2015_06_DEN_CLE,DEN,20,39,213,2,2,4,-24,1,1,334,71,10,-23.2269620462803,-12.732226955585,0,11,2,2,1,33,109,0,0,0,8,-4.10151340404991,0,3,2,0,0,20,39,213,2,0,0,334,71,10,-13.1368370233586,0,11,2,2,1,0,58,0,22,2,3,0,0,0,2,3,48,5,1,0,0,0,0,0,0,0,0,0,0,0,0,0,6,30,3,1,0,0,1,1,3,34,4,85,1,1,0,0,26,1,0,1,0,0,0,0,0,0,0,0,0,0,26,,,26,0,0,2,2,0,0,1,0,0,0,0,0,7,0,60,322,2,1,1,1,1,3,19,0,283
2015,6,DEN,REG,2015_06_DEN_CLE,CLE,26,48,290,1,3,0,0,0,0,466,144,15,-11.2485872015346,-5.27266168847997,0,14,5,2,1,33,152,0,0,0,6,-0.465216930315364,0,4,2,1,0,26,47,290,1,0,0,466,144,15,-11.0360477045866,0,14,5,2,1,0,51,0,22,6,17,1,4,24,9,2,62,6,1,1,0,0,0,0,0,0,0,1,0,1,0,0,8,81,7,0,1,0,1,0,3,19,6,110,4,5,1,0,39,0.8,0,2,2,0,0,0,0,0,0,0,1,0,29;25;39;34,51,,127,51,0,2,2,0,0,1,1,1,0,0,34,7,0,57,319,0,1,0,1,2,3,34,0,265
2015,6,DET,REG,2015_06_CHI_DET,CHI,27,42,405,4,1,2,-14,0,0,367,166,17,10.7460924559728,2.99027029424906,0,13,9,8,3,32,155,0,1,0,6,1.86640597316651,0,5,2,1,0,27,40,405,4,0,0,367,166,17,19.7435708514113,0,13,9,8,3,0,56,1,15,3,4,1,1,0,7,1,0,9,0,2,0,0,0,0,0,0,0,1,0,0,0,0,10,98,6,1,2,0,3,2,3,0,3,69,3,3,0,0,39,1,0,1,2,0,0,0,0,0,0,0,0,0,39;32;27,,,98,0,0,4,4,0,0,1,1,1,0,0,27,4,0,60,221,0,0,0,0,0,4,27,0,194
2015,6,GB,REG,2015_06_SD_GB,LAC,16,29,255,2,0,3,-18,0,0,266,168,11,4.66583178723415,-3.77830076834251,0,9,7,6,1,17,133,1,1,0,3,5.1176148429804,0,3,3,2,1,16,29,255,2,0,0,266,168,11,10.1797847498227,0,9,7,6,1,0,61,2,18,5,11,2,3,15,13,0,0,7,0,0,0,0,0,0,0,0,0,1,0,1,0,0,6,50,5,1,0,0,1,0,2,18,3,59,2,2,0,0,28,1,0,2,0,0,0,0,0,0,0,0,0,0,23;28,,,51,0,0,3,3,0,0,1,0,0,0,0,0,4,0,50,162,2,1,0,0,1,2,-7,0,169
2015,6,HOU,REG,2015_06_HOU_JAX,JAX,24,36,293,3,0,1,-6,0,0,295,107,15,17.3830184115098,4.4288941555553,0,13,6,3,0,31,95,0,1,0,6,-3.08392215630738,0,2,2,0,0,24,36,293,3,0,0,295,107,15,18.8550407567994,0,13,6,3,0,0,47,0,10,3,20,0,3,20,8,3,34,8,1,0,0,0,0,0,0,0,0,1,0,0,0,0,10,69,5,1,0,0,1,0,2,25,1,14,1,1,0,0,41,1,0,0,0,1,0,0,0,0,0,0,0,0,41,,,41,0,0,4,4,0,0,1,0,0,0,0,0,4,0,43,155,1,0,0,2,1,1,7,0,108
2015,6,IND,REG,2015_06_NE_IND,NE,30,50,312,3,0,3,-23,0,0,465,107,16,2.22970431781141,-1.16490460932255,0,15,7,3,0,22,120,0,0,0,6,-0.663875134690898,0,3,3,2,0,30,48,312,3,0,0,465,107,16,9.80355629202677,0,15,7,3,0,0,30,0,30,2,11,0,2,11,6,1,14,6,1,0,0,0,0,0,0,0,0,0,0,0,0,0,11,103,5,0,0,0,0,0,3,15,1,19,0,0,0,0,,,0,0,0,0,0,0,0,0,0,0,0,0,,,,0,0,0,3,4,0,1,0.75,0,0,0,0,0,6,0,56,287,3,1,0,0,3,2,8,0,279
2015,6,JAX,REG,2015_06_HOU_JAX,HOU,30,53,331,3,3,3,-20,1,0,488,110,18,-3.52878899217467,-4.87569278141238,0,11,7,6,0,21,83,0,0,0,4,-0.991275533626322,0,2,1,0,0,30,53,331,3,0,0,488,110,18,1.32479141053045,0,11,7,6,0,0,48,0,8,4,10,1,1,6,5,0,0,5,0,0,0,0,0,0,0,0,0,1,0,0,0,0,7,64,6,0,1,0,1,0,1,7,3,79,0,0,0,0,,,0,0,0,0,0,0,0,0,0,0,0,0,,,,0,0,0,2,3,1,0,0.666666666666667,0,0,0,0,0,5,0,55,234,2,0,1,1,1,2,25,0,189
2015,6,KC,REG,2015_06_KC_MIN,MIN,22,37,282,1,0,2,-11,0,0,339,136,13,6.05226837578358,-5.14915774802904,0,11,4,3,1,18,57,0,1,1,2,-11.7527093092795,0,0,0,0,0,22,37,282,1,0,0,339,136,13,9.86982922456356,0,11,4,3,1,0,43,10,12,9,32,1,2,12,3,2,5,6,0,0,0,0,0,0,0,0,0,0,0,0,0,0,8,95,6,1,0,0,1,1,2,24,2,39,1,1,0,0,48,1,0,0,0,1,0,0,0,0,0,0,0,0,48,,,48,0,0,1,1,0,0,1,0,0,0,0,0,6,0,55,250,3,1,1,0,2,2,14,0,236
2015,6,LAC,REG,2015_06_SD_GB,GB,43,65,503,2,0,3,-15,0,0,640,208,26,19.9096262642922,8.42968184214372,0,21,8,4,1,21,60,0,2,1,4,-9.33785427073599,0,1,1,1,0,43,65,503,2,0,0,640,208,26,25.073832504502,0,21,8,4,1,0,32,4,8,5,24,1,3,18,5,0,0,0,0,0,0,0,0,0,0,0,0,1,0,0,0,0,9,76,5,2,0,0,2,1,2,-7,3,55,2,2,0,0,36,1,0,0,2,0,0,0,0,0,0,0,0,0,36;32,,,68,0,0,2,2,0,0,1,0,0,0,0,0,3,0,44,117,0,0,0,1,0,2,18,0,79
2015,6,MIA,REG,2015_06_MIA_TEN,TEN,22,29,266,2,2,2,-12,0,0,227,100,14,6.95032977935625,11.3360874611756,0,14,5,3,0,32,180,2,0,0,11,7.97025743831182,0,6,4,3,0,22,29,266,2,0,0,227,100,14,10.0575081002316,0,14,5,3,0,0,39,0,26,8,54,2,6,46,8,2,30,7,1,0,0,0,0,0,0,0,0,0,0,2,31,0,9,97,3,0,0,0,0,0,1,6,2,45,1,1,0,0,30,1,0,0,1,0,0,0,0,0,0,0,0,0,30,,,30,0,0,5,5,0,0,1,0,0,0,0,0,3,0,47,131,1,0,0,0,2,1,14,0,117
2015,6,MIN,REG,2015_06_KC_MIN,KC,17,31,249,1,2,2,-12,0,0,289,110,10,0.381931298228562,-5.33767356987922,0,11,6,4,1,35,84,0,1,0,4,-7.9193999809504,0,3,2,1,0,17,31,249,1,0,0,289,110,10,3.29871968406031,0,11,6,4,1,0,39,5,7,2,6,1,2,11,4,0,0,3,0,0,0,0,0,0,0,0,0,1,0,1,0,0,5,50,3,1,0,0,1,0,2,14,2,51,3,3,0,0,45,1,0,1,0,2,0,0,0,0,0,0,0,0,24;45;45,,,114,0,0,1,1,0,0,1,0,0,0,0,0,4,0,50,181,0,0,1,1,0,2,24,0,137
2015,6,NE,REG,2015_06_NE_IND,IND,23,37,312,3,1,2,-11,0,0,228,152,15,7.56552106454449,-6.39316737651825,0,15,6,5,0,25,116,1,0,0,5,1.2983562971931,0,2,1,1,0,23,37,312,3,0,0,228,152,15,10.5094633888029,0,15,6,5,0,0,43,0,24,3,13,0,3,23,10,0,0,5,0,0,0,0,1,0,0,0,0,0,0,0,0,0,8,72,5,0,0,0,0,0,2,8,1,5,2,2,0,0,40,1,0,0,1,1,0,0,0,0,0,0,0,0,40;35,,,75,0,0,4,4,0,0,1,0,0,0,0,0,5,0,57,239,2,1,0,0,1,3,15,0,224
2015,6,NO,REG,2015_06_ATL_NO,ATL,30,39,312,1,0,1,-8,0,0,223,165,16,17.1016296676393,6.64148177856054,0,12,9,4,0,32,81,2,0,0,7,-10.5490386383769,0,2,0,0,0,30,39,312,1,0,0,223,165,16,18.3360042778808,0,12,9,4,0,1,48,0,14,5,29,3,5,32,7,0,0,7,0,0,0,1,0,0,0,0,4,0,0,3,0,0,3,15,5,0,0,0,0,0,2,12,0,0,1,3,2,0,31,0.333333333333333,0,0,1,0,0,0,0,0,0,1,1,0,31,51;48,,31,99,0,4,4,0,0,1,0,0,0,0,0,4,0,57,175,1,1,0,1,0,2,21,0,134
2015,6,NYG,REG,2015_06_NYG_PHI,PHI,24,38,189,1,2,3,-23,1,0,209,98,11,-14.3663551000063,-1.47267224060165,0,7,3,0,0,23,81,0,0,0,3,-6.63787270232569,0,2,2,0,0,24,36,189,1,1,1,209,98,11,-11.1714176196256,0,7,3,0,0,0,56,0,18,5,37,1,1,10,3,3,43,8,0,0,0,0,0,0,0,0,0,1,0,1,7,0,12,94,4,2,0,0,2,1,3,1,4,79,0,0,0,0,,,0,0,0,0,0,0,0,0,0,0,0,0,,,,0,0,0,1,1,0,0,1,0,0,0,0,0,8,0,51,339,2,1,2,0,1,4,25,0,314
2015,6,NYJ,REG,2015_06_WAS_NYJ,WAS,19,26,253,2,1,0,0,0,0,190,142,11,12.4218104520003,8.80324416435682,0,13,5,4,0,41,221,2,0,0,10,1.078168144766,0,7,6,2,1,19,26,253,2,2,2,190,142,11,1.41806219435582,0,13,5,4,0,0,35,0,30,2,6,0,1,5,7,2,6,6,0,0,0,0,0,0,0,0,0,0,0,0,0,0,1,5,2,2,0,0,2,2,3,34,3,47,2,3,1,0,39,0.666666666666667,0,0,2,0,0,0,0,0,0,1,0,0,35;39,49,,74,49,0,4,4,0,0,1,0,0,0,0,0,1,1,49,49,1,0,0,0,1,0,0,0,49
2015,6,PHI,REG,2015_06_NYG_PHI,NYG,24,38,280,1,3,1,-10,0,0,385,109,11,-3.79348595890118,2.16562031088649,0,10,6,3,1,37,158,1,2,0,10,-1.96404895948945,0,4,2,1,0,24,37,280,1,1,1,385,109,11,-6.18210718910914,0,10,6,3,1,0,56,0,6,8,42,2,3,23,5,2,17,6,1,0,0,0,0,0,0,0,0,2,-21,1,0,0,9,72,2,1,2,0,3,1,4,25,2,33,2,2,0,0,39,1,0,0,2,0,0,0,0,0,0,0,0,0,37;39,,,76,0,0,3,3,0,0,1,0,0,0,0,0,4,0,57,217,1,0,0,1,0,3,1,0,196
2015,6,PIT,REG,2015_06_ARI_PIT,ARI,11,20,174,2,0,1,-5,0,0,219,111,6,4.22820405292393,-2.37464070320129,0,4,3,3,1,32,141,0,0,0,6,-3.73360609205559,0,5,2,1,0,11,20,174,2,0,0,219,111,6,5.56625959419714,0,4,3,3,1,0,48,6,10,6,23,1,1,7,5,2,0,8,0,0,0,0,0,0,0,0,0,0,0,1,0,0,6,48,3,0,0,0,0,0,1,8,4,89,4,4,0,0,51,1,0,1,0,2,1,0,0,0,0,0,0,0,47;48;51;28,,,174,0,0,1,1,0,0,1,0,0,0,0,0,5,0,79,238,1,1,1,1,0,2,23,0,195
2015,6,SEA,REG,2015_06_CAR_SEA,CAR,18,30,241,1,0,4,-22,0,0,367,67,10,1.37856916304779,-1.48948818445206,0,9,7,5,2,26,115,1,0,0,4,-4.88114024603213,0,3,2,1,0,18,30,241,1,0,0,367,67,10,6.66219472977617,0,10,7,5,2,0,35,0,36,6,27,0,3,21,6,2,6,8,0,0,0,0,0,0,0,0,0,0,0,0,0,0,7,48,4,0,0,0,0,0,4,28,2,27,3,3,0,0,50,1,0,0,1,1,1,0,0,0,0,0,0,0,30;50;43,,,123,0,0,2,2,0,0,1,0,0,0,0,0,7,0,68,351,2,1,0,1,3,2,18,0,313
2015,6,SF,REG,2015_06_BAL_SF,BAL,16,27,340,2,0,3,-14,0,0,301,168,11,10.7198443420517,-1.6337686114841,0,10,8,6,3,25,65,0,0,0,2,-6.98841539339628,0,1,1,0,0,16,27,340,2,0,0,301,168,11,14.2708304966547,0,10,8,6,3,0,38,16,16,2,3,0,0,0,1,2,45,9,0,1,0,0,0,0,0,0,0,1,0,0,0,0,4,25,3,1,0,0,1,0,1,4,0,0,4,4,0,0,53,1,0,1,1,1,1,0,0,0,0,0,0,0,53;31;26;42,,,152,0,0,1,1,0,0,1,0,0,0,0,0,4,0,52,152,1,1,1,1,0,1,9,0,123
2015,6,TEN,REG,2015_06_MIA_TEN,MIA,26,41,282,1,2,6,-46,2,2,298,97,15,-22.5636971650441,0.548472404479981,0,16,5,3,0,18,63,0,0,0,4,-0.0044797119917348,0,1,1,0,0,26,40,282,1,0,0,298,97,15,-5.31691303458354,0,16,5,3,0,0,49,0,14,4,17,0,2,12,3,2,45,6,0,0,0,0,0,0,0,0,0,0,0,0,0,0,7,50,6,2,0,0,2,2,1,14,3,79,1,1,0,0,37,1,0,0,1,0,0,0,0,0,0,0,0,0,37,,,37,0,0,1,1,0,0,1,0,0,0,0,0,3,0,61,125,2,0,1,0,1,1,6,0,119
2015,6,WAS,REG,2015_06_WAS_NYJ,NYJ,25,44,196,1,2,1,-5,0,0,375,84,12,-8.47274348139792,-6.87809400260449,0,9,4,1,0,17,34,0,0,0,1,-7.05682642183087,0,0,0,0,0,25,44,196,1,0,0,375,84,12,-6.98775394680008,0,9,4,1,0,1,41,0,42,2,3,2,0,0,4,1,28,4,0,0,0,1,0,0,0,0,0,0,0,2,-1,0,3,15,6,0,0,0,0,0,0,0,5,96,2,2,0,0,54,1,0,0,1,0,1,0,0,0,0,0,0,0,54;30,,,84,0,0,2,2,0,0,1,0,0,0,0,0,6,0,53,288,1,0,1,0,2,3,34,0,254
2015,7,ARI,REG,2015_07_BAL_ARI,BAL,20,29,275,2,0,2,-11,0,0,230,139,14,9.7163814582322,9.62103317890849,0,13,6,4,0,28,150,1,0,0,5,0.175404864159646,0,3,2,2,1,20,28,275,2,0,0,230,139,14,14.2483925229179,0,13,6,4,0,0,41,4,6,8,41,1,3,31,5,1,0,4,0,2,0,0,0,0,0,0,0,1,0,1,0,0,4,40,3,0,2,1,2,0,4,19,0,0,2,3,1,0,21,0.666666666666667,0,2,0,0,0,0,0,0,0,0,1,0,21;21,55,,42,55,0,2,3,1,0,0.666666666666667,0,0,0,0,0,3,1,55,144,0,0,0,0,2,1,8,0,136
2015,7,ATL,REG,2015_07_ATL_TEN,TEN,22,38,251,1,2,0,0,0,0,301,99,10,-5.00222192862642,-4.43993775468124,0,11,7,4,0,31,127,0,0,0,9,-2.63768927176716,0,6,2,0,0,22,38,251,1,0,0,301,99,10,-5.00222192862642,0,11,7,4,0,0,32,0,14,3,15,0,1,8,7,2,21,3,0,0,0,0,0,0,0,0,0,1,0,0,0,0,6,53,4,0,1,0,1,0,1,12,1,28,1,2,1,0,27,0.5,0,1,0,0,0,0,0,0,0,1,0,0,27,47,,27,47,0,1,1,0,0,1,0,0,0,0,0,4,0,53,174,2,1,0,0,3,0,0,0,174
2015,7,BAL,REG,2015_07_BAL_ARI,ARI,26,40,252,1,1,3,-31,0,0,242,129,14,5.84486756617374,-1.22516506757492,1,9,5,4,0,16,55,1,0,0,3,-3.42382376251044,0,3,2,0,0,26,39,252,1,0,0,242,129,14,12.4621204740398,1,9,5,4,0,0,44,3,9,3,13,0,2,11,4,0,0,2,0,1,0,1,0,0,0,0,4,0,0,0,0,0,9,64,5,1,0,0,1,1,1,8,1,28,1,1,0,0,44,1,0,0,0,1,0,0,0,0,0,0,0,0,44,,,44,0,0,1,1,0,0,1,0,0,0,0,0,6,0,51,272,2,0,1,0,1,4,19,0,253
2015,7,BUF,REG,2015_07_BUF_JAX,JAX,24,42,298,2,2,4,-38,2,1,369,98,13,-10.8217526092915,-5.88152121220316,0,11,5,3,1,28,115,0,0,0,10,3.61459455701709,1,5,3,0,0,24,42,298,2,1,1,369,98,13,-5.56247749483674,0,11,5,3,1,0,36,0,12,3,8,1,2,7,4,1,44,6,1,0,0,0,0,0,0,0,0,2,-2,0,0,0,10,87,5,3,1,0,4,2,2,37,4,87,3,3,0,0,38,1,0,1,2,0,0,0,0,0,0,0,0,0,31;38;26,,,95,0,0,2,2,0,0,1,0,0,0,0,0,3,0,57,148,1,1,1,0,1,0,0,0,148
2015,7,CAR,REG,2015_07_PHI_CAR,PHI,14,24,197,1,3,1,-7,0,0,208,88,11,-4.58656027185348,-3.53309027850628,0,8,5,5,0,33,204,2,0,0,9,5.40776331095454,0,5,3,2,1,14,24,197,1,0,0,208,88,11,-2.83456308644814,0,8,5,5,0,0,49,0,26,8,36,1,5,33,9,1,0,6,0,0,0,0,0,0,0,0,0,0,0,0,0,0,5,43,5,0,0,0,0,0,1,5,2,27,2,2,0,0,35,1,0,1,1,0,0,0,0,0,0,0,0,0,35;29,,,64,0,0,3,3,0,0,1,0,0,0,0,0,4,0,45,157,3,1,0,0,2,1,2,0,155
2015,7,CLE,REG,2015_07_CLE_STL,LA,30,37,297,0,0,4,-15,2,2,206,165,12,-3.3270378677452,9.94727396302753,0,16,5,4,0,24,82,0,0,0,3,-5.53697346133413,0,2,1,1,0,30,36,297,0,2,2,206,162,12,-1.22769615820275,0,16,5,4,0,0,34,0,24,5,20,1,2,13,4,0,0,1,0,0,0,0,0,0,0,0,0,0,0,1,4,0,11,98,1,4,0,0,4,4,2,4,1,21,2,2,0,0,44,1,0,1,0,1,0,0,0,0,0,0,0,0,25;44,,,69,0,0,0,0,0,0,,0,0,0,0,0,5,0,53,227,2,0,0,1,2,2,15,0,192
2015,7,DAL,REG,2015_07_DAL_NYG,NYG,17,27,227,1,3,1,0,0,0,261,72,10,-8.12715771535187,2.81070984072155,0,9,5,5,0,41,233,1,0,0,14,12.2155339215242,0,8,5,1,0,17,27,227,1,0,0,261,72,10,-7.74457441232408,0,9,5,5,0,0,24,16,16,2,13,0,2,13,3,0,0,5,0,1,0,0,0,0,0,0,0,0,0,0,0,0,7,46,5,0,1,0,1,1,2,7,3,66,2,2,0,0,48,1,0,0,1,1,0,0,0,0,0,0,0,0,30;48,,,78,0,0,2,2,0,0,1,0,0,0,0,0,2,0,34,66,0,0,0,0,2,0,0,0,66
2015,7,DET,REG,2015_07_MIN_DET,MIN,18,26,256,2,0,7,-59,0,0,209,157,9,-5.60909647223129,3.36205363273621,0,8,5,3,2,17,77,0,0,0,3,-1.62961615409586,0,2,2,0,0,18,26,256,2,0,0,209,157,9,6.1259687145142,0,8,5,3,2,0,57,3,19,12,53,1,4,31,11,0,0,2,0,0,1,0,0,0,0,0,0,0,0,1,0,0,5,30,4,0,0,0,0,0,1,9,4,85,1,1,0,0,52,1,0,0,0,0,1,0,0,0,0,0,0,0,52,,,52,0,0,2,2,0,0,1,0,0,0,0,0,6,0,53,296,1,0,0,0,2,4,23,0,273
2015,7,HOU,REG,2015_07_HOU_MIA,MIA,23,49,273,3,1,4,-22,2,0,361,85,18,-3.40192211583769,-15.7997762670322,0,10,6,5,0,25,71,1,0,0,6,-4.84418377472321,0,3,0,0,0,23,49,273,3,1,0,361,85,18,-0.361082337112632,0,10,6,5,0,0,50,0,16,8,50,1,4,41,6,0,0,0,0,0,0,0,0,0,0,0,0,3,0,1,0,0,3,25,5,3,0,0,3,0,2,21,3,88,0,0,0,0,,,0,0,0,0,0,0,0,0,0,0,0,0,,,,0,0,0,2,3,1,0,0.666666666666667,0,0,0,0,0,8,0,55,384,2,0,1,0,1,6,19,0,365
2015,7,IND,REG,2015_07_NO_IND,NO,23,44,333,3,2,4,-32,0,0,392,133,10,-9.03560370404739,-10.5744165736575,0,9,4,4,2,13,75,0,0,0,3,0.255014911468606,0,2,2,0,0,23,43,333,3,0,0,392,133,10,-1.34227656677831,0,9,4,4,2,0,50,0,42,6,24,1,2,14,8,1,0,3,0,2,0,0,0,0,0,0,0,2,0,0,0,0,7,42,6,2,1,0,3,1,5,38,4,91,0,0,0,0,,,0,0,0,0,0,0,0,0,0,0,0,0,,,,0,0,0,3,3,0,0,1,0,0,0,0,0,10,0,61,517,1,0,1,1,0,8,44,0,453
2015,7,JAX,REG,2015_07_BUF_JAX,BUF,13,29,182,2,1,2,-7,0,0,372,37,9,-0.685091824620031,-12.7638432486304,0,7,6,5,0,32,120,1,0,0,6,-5.33015316247474,0,3,3,1,0,13,29,182,2,0,0,372,37,9,1.22497410664801,0,7,6,5,0,0,58,0,4,9,36,3,4,38,6,2,29,9,1,1,0,0,0,0,0,0,0,0,0,2,6,1,10,66,3,1,0,1,1,0,0,0,2,20,0,0,0,0,,,0,0,0,0,0,0,0,0,0,0,0,0,,,,0,0,0,4,5,1,0,0.8,0,0,0,0,0,6,0,56,269,0,0,1,0,3,2,37,0,232
2015,7,KC,REG,2015_07_PIT_KC,PIT,21,32,251,1,0,2,-12,0,0,207,125,11,6.7846211591151,3.44831193647077,0,10,6,3,1,29,138,1,0,0,7,-0.899175170847439,0,3,2,1,0,21,31,251,1,0,0,207,125,11,10.8393993394913,0,10,6,3,1,0,33,0,18,2,9,1,2,17,2,2,33,6,0,0,0,0,0,0,0,0,0,0,0,1,-1,0,6,66,4,0,0,0,0,0,1,25,3,76,3,4,1,0,30,0.75,0,2,1,0,0,0,0,0,0,0,1,0,30;22;27,54,,79,54,0,2,2,0,0,1,0,0,0,0,0,3,0,57,164,0,0,0,0,2,1,2,0,162
2015,7,LA,REG,2015_07_CLE_STL,CLE,15,23,163,0,0,2,-13,0,0,131,105,5,-4.96075253185107,-7.72425921066948,0,6,4,3,1,26,158,2,0,0,9,2.7421239555697,0,6,6,2,1,15,23,163,0,1,1,131,105,5,-7.55155226695341,0,6,4,3,1,0,50,0,22,5,18,4,4,15,7,0,0,3,0,0,0,0,0,0,0,0,0,0,0,4,15,1,9,75,2,1,0,0,1,1,2,15,2,55,1,3,2,0,39,0.333333333333333,0,0,1,0,0,0,0,0,1,0,0,1,39,63;35,,39,98,0,3,3,0,0,1,0,0,0,0,0,5,0,56,244,3,1,1,0,1,2,4,0,240
2015,7,LAC,REG,2015_07_OAK_SD,LV,38,58,336,3,2,1,-9,0,0,323,195,15,-0.247742609885763,0.387438806620511,2,12,5,3,0,21,90,0,0,0,9,1.33571993031742,0,2,1,0,0,38,55,336,3,1,0,323,195,15,4.66508897404768,2,12,5,3,0,0,45,11,11,3,17,0,1,7,1,0,0,1,0,0,0,0,0,0,0,0,0,1,0,0,0,0,9,86,7,1,0,0,1,0,0,0,4,84,2,2,0,0,44,1,0,0,0,2,0,0,0,0,0,0,0,0,40;44,,,84,0,0,1,1,0,0,1,0,0,0,0,0,5,0,46,211,0,0,0,0,0,5,50,0,161
2015,7,LV,REG,2015_07_OAK_SD,LAC,24,31,289,3,0,1,-7,0,0,215,146,10,12.5599889950106,12.1886649439412,0,8,7,4,2,26,130,1,0,0,8,-0.383207414182834,0,5,5,1,0,24,31,289,3,0,0,215,146,10,13.6875046754001,0,8,7,4,2,0,51,10,10,4,12,1,1,9,4,2,28,7,0,0,0,0,0,0,0,0,0,0,0,0,0,0,14,136,3,0,0,0,0,0,5,50,1,32,3,3,0,0,32,1,0,1,2,0,0,0,0,0,0,0,0,0,29;32;31,,,92,0,0,4,4,0,0,1,0,0,0,0,0,4,0,44,152,2,0,1,2,1,0,0,0,112
2015,7,MIA,REG,2015_07_HOU_MIA,HOU,19,20,296,4,0,4,-41,0,0,54,252,11,13.5594150860126,22.8540202975273,0,11,4,4,3,35,248,1,1,1,8,-3.66807660914492,0,6,6,2,1,19,20,296,4,0,0,54,252,11,20.1544124151843,0,11,4,4,3,0,51,0,8,7,32,3,4,22,6,1,23,10,1,0,0,0,0,0,0,0,0,0,0,0,0,0,8,52,2,1,0,0,1,1,6,19,2,64,1,1,0,0,53,1,0,0,0,0,1,0,0,0,0,0,0,0,53,,,53,0,0,5,6,1,0,0.833333333333333,0,0,0,0,0,5,0,55,246,2,1,1,1,0,2,21,0,205
2015,7,MIN,REG,2015_07_MIN_DET,DET,25,35,316,2,0,4,-31,1,0,279,168,16,15.6178315467838,12.7349878058714,0,14,8,5,1,35,140,0,1,1,7,-8.82037073146785,0,3,3,1,1,25,34,316,2,0,0,279,168,16,21.5275614320705,0,14,8,5,1,0,38,1,13,7,52,0,7,59,13,0,0,0,0,0,0,0,0,0,0,0,0,1,0,0,0,0,3,31,6,1,1,0,2,1,4,23,4,107,5,5,0,0,53,1,0,1,2,0,2,0,0,0,0,0,0,0,37;53;51;35;22,,,198,0,0,1,2,1,0,0.5,0,0,0,0,0,2,0,50,90,1,0,0,0,1,1,9,0,81
2015,7,NE,REG,2015_07_NYJ_NE,NYJ,34,54,355,2,0,3,-18,0,0,382,116,17,7.73136512643283,-2.44827585087882,0,13,6,5,0,9,16,1,1,0,3,2.32940563885495,0,1,0,0,0,34,54,355,2,0,0,382,116,17,12.2530584668529,0,13,6,5,0,0,29,21,23,1,12,1,2,12,3,0,0,7,0,0,0,0,0,0,0,0,0,1,0,1,0,0,4,38,3,1,0,0,1,0,3,38,3,83,3,3,0,0,46,1,0,1,1,1,0,0,0,0,0,0,0,0,38;46;24,,,108,0,0,3,3,0,0,1,0,0,0,0,0,3,0,47,134,3,0,0,0,2,1,6,0,128
2015,7,NO,REG,2015_07_NO_IND,IND,29,45,280,1,1,2,-14,0,0,349,163,12,-0.434756790520623,2.07113373008641,0,11,8,5,1,36,183,3,0,0,9,3.08307007537223,0,5,4,3,1,29,44,280,1,1,0,349,163,12,4.02368824055884,0,11,8,5,1,0,42,0,8,3,27,2,4,32,10,2,25,12,0,0,0,0,0,0,0,0,0,1,0,1,4,0,12,100,5,1,0,0,1,0,8,44,0,0,0,0,0,0,,,0,0,0,0,0,0,0,0,0,0,0,0,,,,0,0,0,3,4,1,0,0.75,0,0,0,0,0,10,0,58,487,5,1,1,1,2,5,38,0,429
2015,7,NYG,REG,2015_07_DAL_NYG,DAL,13,24,170,0,0,2,-13,0,0,176,83,7,-0.330764354036387,-12.3864368846019,0,6,3,3,1,25,132,1,0,0,4,-2.31645621627104,0,4,3,1,0,13,24,170,0,0,0,176,83,7,3.11740239909838,0,6,3,3,1,1,32,28,28,0,0,0,1,0,6,3,70,5,1,0,0,0,0,0,0,0,0,0,0,1,0,0,3,13,2,0,0,0,0,0,0,0,3,149,2,2,0,0,47,1,0,0,1,1,0,0,0,0,0,0,0,0,47;34,,,81,0,0,3,3,0,0,1,0,0,0,0,0,5,0,53,235,1,0,0,2,1,2,7,0,188
2015,7,NYJ,REG,2015_07_NYJ_NE,NE,22,39,295,2,0,2,-12,1,1,338,124,19,11.0297523426799,-4.75774972866743,0,16,7,5,0,29,89,0,0,0,3,-1.14254132081987,0,1,0,0,0,22,39,295,2,0,0,338,124,19,15.1894835367658,0,16,7,5,0,0,42,7,9,3,18,1,3,18,5,0,0,3,0,0,0,0,0,0,0,0,0,0,0,0,0,0,4,29,3,1,0,0,1,1,1,6,2,58,3,3,0,0,55,1,0,1,1,0,1,0,0,0,0,0,0,0,20;30;55,,,105,0,0,2,2,0,0,1,0,0,0,0,0,4,0,50,161,0,0,1,0,0,3,38,0,123
2015,7,PHI,REG,2015_07_PHI_CAR,CAR,26,46,205,0,1,5,-33,1,0,217,123,12,-14.5303095888391,-11.3821476697922,0,8,3,3,0,30,177,1,0,0,6,5.21486326289596,0,3,2,2,1,26,46,205,0,0,0,217,123,12,-7.9209212021248,0,8,3,3,0,0,30,0,32,2,8,0,1,7,2,3,23,4,0,0,0,0,0,0,0,0,0,1,0,0,0,0,7,46,5,1,0,0,1,0,1,2,0,0,3,4,1,0,52,0.75,0,2,0,0,1,0,0,0,0,0,1,0,52;29;24,50,,105,50,0,1,1,0,0,1,0,0,0,0,0,5,0,54,233,3,1,0,0,3,1,5,0,228
2015,7,PIT,REG,2015_07_PIT_KC,KC,16,29,209,1,2,2,-17,1,1,286,78,9,-8.04063389987137,-4.21953701547214,0,8,7,4,1,24,147,0,0,0,7,1.81478373688879,0,4,3,2,1,16,28,209,1,0,0,286,78,9,-1.76836696627909,0,8,7,4,1,0,49,0,10,2,9,0,2,12,8,0,0,3,0,0,0,0,0,0,0,0,0,0,0,0,0,0,1,5,4,1,0,0,1,1,1,2,4,116,2,2,0,0,36,1,0,1,1,0,0,0,0,0,0,0,0,0,24;36,,,60,0,0,1,1,0,0,1,0,0,0,0,0,2,0,48,91,1,0,1,0,0,1,25,0,66
2015,7,SEA,REG,2015_07_SEA_SF,SF,18,24,235,1,2,5,-23,0,0,235,110,9,4.10399200738127,12.8273960823814,0,8,6,4,1,41,176,1,0,0,11,2.5511131674675,0,5,4,0,0,18,24,235,1,0,0,235,110,9,10.0137497688406,0,8,6,4,1,0,34,5,11,6,35,1,6,43,9,0,0,1,0,0,0,0,0,0,0,0,0,0,0,0,0,0,6,50,2,0,0,0,0,0,5,11,1,20,2,2,0,0,49,1,0,0,0,2,0,0,0,0,0,0,0,0,49;46,,,95,0,0,2,2,0,0,1,0,0,0,0,0,4,0,53,187,1,0,1,1,1,1,9,0,158
2015,7,SF,REG,2015_07_SEA_SF,SEA,13,24,124,0,0,6,-43,0,0,169,61,5,-11.3140955095338,-11.8307878573736,0,4,2,2,0,15,61,0,1,0,3,-3.24278142501134,0,1,1,0,0,13,24,124,0,0,0,169,61,5,-5.45576196088647,0,4,2,2,0,0,46,16,20,6,27,0,5,23,8,2,0,3,0,0,0,0,0,0,0,0,0,1,0,0,0,0,4,33,3,1,0,0,1,0,1,9,4,104,1,1,0,0,35,1,0,0,1,0,0,0,0,0,0,0,0,0,35,,,35,0,0,0,0,0,0,,0,0,0,0,0,9,0,54,390,2,2,1,0,1,5,11,0,379
2015,7,TB,REG,2015_07_TB_WAS,WAS,21,29,297,2,0,1,-8,0,0,256,108,12,17.5399744835761,10.5185576554002,0,13,7,5,1,30,190,0,1,0,9,1.78205772663789,0,4,4,2,1,21,29,297,2,1,1,256,108,12,18.6240513444375,0,13,7,5,1,0,42,5,15,2,2,1,1,12,7,0,0,4,0,0,0,0,0,0,0,0,0,1,0,1,43,1,16,142,4,1,1,0,2,1,3,18,1,15,3,3,0,0,45,1,0,2,0,1,0,0,0,0,0,0,0,0,22;45;21,,,88,0,0,3,3,0,0,1,0,0,0,0,0,2,0,49,89,0,0,1,0,0,1,4,0,85
2015,7,TEN,REG,2015_07_ATL_TEN,ATL,22,35,187,1,2,1,-8,0,0,309,70,10,-13.6831891556503,-1.95421278476715,0,8,2,0,0,16,77,0,1,0,5,-1.41792224743404,0,3,2,0,0,22,35,187,1,0,0,309,70,10,-12.1618712256895,0,8,2,0,0,0,46,0,12,1,1,0,0,0,2,2,8,9,0,0,0,0,0,0,0,0,0,1,-6,0,0,0,5,45,5,0,1,0,1,0,0,0,1,27,0,0,0,0,,,0,0,0,0,0,0,0,0,0,0,0,0,,,,0,0,0,1,1,0,0,1,0,0,0,0,0,7,0,54,305,5,2,1,0,3,1,12,0,293
2015,7,WAS,REG,2015_07_TB_WAS,TB,33,40,317,3,0,1,-12,1,1,265,135,16,5.77556730588057,17.6613612473011,0,11,6,3,0,19,50,1,0,0,4,0.625122859404655,0,1,0,0,0,33,40,317,3,0,0,265,135,16,14.7989939373461,0,11,6,3,0,0,26,11,45,0,0,1,1,8,6,0,0,2,0,0,0,0,0,0,0,0,0,0,0,1,0,0,4,20,4,1,0,0,1,1,1,4,2,48,1,1,0,0,35,1,0,0,1,0,0,0,0,0,0,0,0,0,35,,,35,0,0,4,4,0,0,1,0,0,0,0,0,4,0,52,189,1,0,1,0,0,3,18,0,171
2015,8,ARI,REG,2015_08_ARI_CLE,CLE,23,38,374,4,1,1,-2,0,0,496,136,17,25.4575451563305,11.113755284129,0,14,7,6,1,38,119,0,3,2,6,-14.2575440443761,0,1,1,0,0,23,37,374,4,1,1,496,136,17,21.6879130097532,0,14,7,6,1,0,44,0,4,6,20,1,1,8,9,1,0,4,0,0,0,0,0,0,0,0,0,0,0,1,0,0,5,25,4,4,0,1,4,3,4,50,3,63,2,2,0,0,37,1,0,0,2,0,0,0,0,0,0,0,0,0,37;35,,,72,0,0,4,4,0,0,1,0,0,0,0,0,2,0,50,100,0,0,0,0,0,2,19,0,81
2015,8,ATL,REG,2015_08_TB_ATL,TB,37,45,397,2,1,1,-2,1,0,270,183,19,20.9110718318687,13.2726442813873,0,15,8,2,0,27,101,0,1,1,7,-12.9661251431652,0,3,3,1,0,37,45,397,2,1,1,270,183,19,14.9767581704499,0,15,8,2,0,0,42,0,16,5,15,0,2,4,7,0,0,2,0,0,0,0,0,0,0,0,0,1,-13,0,0,0,11,124,6,2,2,0,4,3,2,23,2,58,2,2,0,0,24,1,0,2,0,0,0,0,0,0,0,0,0,0,21;24,,,45,0,0,2,2,0,0,1,0,0,0,0,0,0,0,,0,0,0,0,0,0,0,0,0,0
2015,8,BAL,REG,2015_08_SD_BAL,LAC,25,37,319,1,0,3,-26,0,0,296,125,14,10.8332878741435,0.924163170762964,0,12,7,3,1,25,72,1,1,0,6,-3.65567886998685,0,1,0,0,0,25,37,319,1,0,0,296,125,14,16.5336020649269,0,12,7,3,1,0,39,0,26,6,17,0,1,11,7,0,0,2,0,0,0,0,1,0,0,0,0,1,-9,0,0,0,5,46,2,0,1,0,1,0,2,17,1,33,5,5,0,0,48,1,0,1,1,3,0,0,0,0,0,0,0,0,48;29;48;45;39,,,209,0,0,2,2,0,0,1,1,1,0,0,39,2,0,62,122,1,0,1,0,0,1,-2,0,124
2015,8,CAR,REG,2015_08_IND_CAR,IND,16,35,248,2,1,2,-9,0,0,438,67,10,-0.583720300359341,-10.7700644220625,0,9,6,4,2,36,140,1,2,2,7,-8.71587122301571,0,5,3,0,0,16,35,248,2,0,0,438,67,10,2.05355373093517,0,9,6,4,2,0,55,0,30,6,20,2,2,8,5,3,14,14,0,0,0,0,0,0,0,0,0,0,-2,1,0,0,6,55,5,1,1,0,2,2,2,18,2,37,3,3,0,0,52,1,0,0,1,1,1,0,0,0,0,0,0,0,39;42;52,,,133,0,0,2,3,1,0,0.666666666666667,1,1,0,0,52,7,0,61,293,1,1,0,0,2,4,16,0,277
2015,8,CHI,REG,2015_08_MIN_CHI,MIN,22,33,211,1,0,1,-3,0,0,337,71,11,4.56992855485329,6.44877318179969,0,9,5,3,0,25,97,1,0,0,6,-0.607844609068707,0,1,1,0,0,22,33,211,1,0,0,337,71,11,6.43826757281819,0,9,5,3,0,0,39,0,8,3,11,0,1,7,2,1,15,4,0,2,0,0,0,0,0,0,0,1,0,0,0,0,4,38,5,0,2,1,2,0,2,3,3,78,2,3,1,0,55,0.666666666666667,0,0,1,0,1,0,0,0,0,0,1,0,55;33,51,,88,51,0,2,2,0,0,1,0,0,0,0,0,5,0,53,221,1,1,0,0,1,3,77,1,144
2015,8,CIN,REG,2015_08_CIN_PIT,PIT,23,38,231,1,2,3,-13,0,0,331,84,11,0.830275795473471,-2.75505047879721,0,5,5,5,0,23,78,0,1,0,3,-6.52373819061782,0,3,3,0,0,23,38,231,1,0,0,331,84,11,4.22854204376961,0,5,5,5,0,0,49,3,5,5,24,0,3,22,6,3,51,8,0,0,0,0,0,0,0,0,0,2,-24,0,0,0,10,94,3,0,2,0,2,0,3,38,2,52,3,4,0,1,45,0.75,0,0,0,3,0,0,0,0,0,0,0,0,44;45;44,,42,133,0,42,1,1,0,0,1,0,0,0,0,0,4,0,42,136,3,1,2,0,1,0,0,0,136
2015,8,CLE,REG,2015_08_ARI_CLE,ARI,21,40,223,3,1,1,-8,1,0,327,109,12,1.12451696072822,-6.04254972189665,0,9,4,1,1,20,39,0,2,1,1,-9.62369338804274,0,1,0,0,0,21,40,223,3,0,0,327,109,12,3.47170169887249,0,9,4,1,1,0,51,0,24,3,6,4,1,2,7,1,0,3,0,0,0,0,0,0,0,0,0,2,-4,3,34,0,7,35,6,1,2,0,3,1,2,19,2,46,0,0,0,0,,,0,0,0,0,0,0,0,0,0,0,0,0,,,,0,0,0,2,3,1,0,0.666666666666667,0,0,0,0,0,6,0,56,299,2,0,0,0,2,4,50,0,249
2015,8,DAL,REG,2015_08_SEA_DAL,SEA,13,26,97,0,0,1,-6,0,0,122,80,4,-8.14914263617146,-20.148564932438,0,4,0,0,0,30,129,0,0,0,8,1.85548674105667,0,3,3,1,0,13,26,97,0,0,0,122,80,4,-7.85673610418933,0,4,0,0,0,0,36,2,22,5,10,0,0,0,6,1,9,2,0,1,0,0,0,1,0,0,19,1,0,0,0,0,5,40,5,0,1,0,1,0,2,8,0,0,4,4,0,0,52,1,0,1,2,0,1,0,0,0,0,0,0,0,33;35;52;27,,,147,0,0,0,0,0,0,,0,0,0,0,0,4,0,53,188,1,1,1,0,1,1,12,0,176
2015,8,DEN,REG,2015_08_GB_DEN,GB,21,29,340,0,1,0,0,0,0,303,149,15,15.9861454364837,8.64472450881169,0,16,10,6,1,34,160,3,0,0,9,2.08439026286158,0,5,5,1,0,21,29,340,0,0,0,303,149,15,15.9861454364837,0,16,10,6,1,0,32,0,18,6,34,3,3,27,7,0,0,1,0,0,1,0,0,0,0,0,0,0,0,0,0,0,11,93,3,0,0,0,0,0,3,12,1,13,2,2,0,0,50,1,0,1,0,0,1,0,0,0,0,0,0,0,50;24,,,74,0,0,3,3,0,0,1,0,0,0,0,0,3,0,46,120,2,1,0,0,1,1,9,0,111
2015,8,DET,REG,2015_08_DET_KC,KC,23,38,227,1,2,6,-32,0,0,273,91,13,-12.0544818345722,-6.86918112792467,0,12,4,2,0,14,81,0,0,0,2,1.1930240195943,0,2,2,1,0,23,38,227,1,0,0,273,91,13,-4.04053676657232,0,12,4,2,0,0,54,0,10,9,34,0,3,15,4,0,0,6,0,0,0,0,0,0,0,0,0,0,0,0,0,0,8,81,1,0,0,0,0,0,1,2,6,151,1,1,0,0,35,1,0,0,1,0,0,0,0,0,0,0,0,0,35,,,35,0,0,1,1,0,0,1,0,0,0,0,0,6,0,53,282,0,0,0,0,0,6,41,0,241
2015,8,GB,REG,2015_08_GB_DEN,DEN,14,22,77,0,0,3,-27,1,0,127,35,3,-11.7051175549627,-2.2118443115191,0,2,1,0,0,21,90,1,0,0,7,1.90129245555727,0,5,3,0,0,14,22,77,0,2,0,127,35,3,-6.52751942803155,0,2,1,0,0,0,49,1,13,5,11,0,0,0,3,1,0,6,0,0,0,0,0,0,0,0,0,3,0,0,0,0,2,15,4,3,0,0,3,0,1,9,2,45,1,1,0,0,56,1,0,0,0,0,1,0,0,0,0,0,0,0,56,,,56,0,0,1,1,0,0,1,0,0,0,0,0,5,0,49,231,1,0,0,0,2,3,12,0,219
2015,8,HOU,REG,2015_08_TEN_HOU,TEN,23,35,235,2,0,3,-21,0,0,266,79,11,-3.66667801881064,1.38733255512574,0,10,2,2,1,23,56,0,0,0,1,-7.48836258874508,0,0,0,0,0,23,34,235,2,0,0,266,79,11,1.93587304680753,0,10,2,2,1,0,43,5,23,8,42,2,7,46,16,1,22,5,0,0,0,0,0,0,0,0,0,0,0,2,0,0,7,85,2,0,0,0,0,0,3,28,1,29,2,2,0,0,38,1,0,1,1,0,0,0,0,0,0,0,0,0,38;24,,,62,0,0,2,2,0,0,1,0,0,0,0,0,8,0,60,407,2,0,1,1,1,5,63,0,324
2015,8,IND,REG,2015_08_IND_CAR,CAR,23,47,231,2,3,2,-8,1,0,566,38,14,-7.38001565004883,-5.72231428490745,0,10,3,2,0,35,136,0,1,0,5,-10.5507419427446,0,3,1,1,0,23,45,231,2,0,0,566,38,14,-4.38589349573662,0,10,3,2,0,0,42,0,32,3,18,1,2,9,5,1,0,5,0,0,0,0,0,0,0,0,0,2,-1,2,0,0,2,15,5,2,1,0,3,1,4,16,5,150,4,4,0,0,50,1,0,1,1,1,1,0,0,0,0,0,0,0,47;34;24;50,,,155,0,0,2,2,0,0,1,0,0,0,0,0,6,0,53,292,2,0,2,2,0,2,18,0,234
2015,8,KC,REG,2015_08_DET_KC,DET,20,28,149,2,0,3,-15,0,0,70,131,10,4.06824213326944,-2.67397942287581,0,6,3,1,0,32,206,4,0,0,10,12.1649830410024,0,6,4,2,1,20,28,149,2,0,0,70,131,10,9.03504691933084,0,6,3,1,0,0,46,0,6,5,26,0,6,32,8,2,-1,9,0,0,0,0,0,0,0,0,0,0,0,0,0,0,3,20,3,0,0,0,0,0,6,41,2,77,1,1,0,0,33,1,0,0,1,0,0,0,0,0,0,0,0,0,33,,,33,0,0,6,6,0,0,1,0,0,0,0,0,4,0,46,164,3,0,2,0,1,1,2,0,162
2015,8,LA,REG,2015_08_SF_STL,SF,14,23,191,1,0,0,0,0,0,232,128,5,2.56678621770541,-3.37683752827022,1,4,3,3,2,41,197,2,0,0,7,-1.56340957865229,0,2,2,1,1,14,23,191,1,1,1,232,128,5,-4.488111151413,1,4,3,3,2,0,39,0,20,9,20,0,3,11,9,0,0,8,0,0,1,0,0,0,0,0,0,0,0,0,0,0,12,93,1,1,0,0,1,1,3,-1,2,19,1,2,0,1,38,0.5,0,0,1,0,0,0,0,0,0,0,0,0,38,,40,38,0,40,2,2,0,0,1,0,0,0,0,0,8,0,60,436,4,1,1,0,1,5,38,0,398
2015,8,LAC,REG,2015_08_SD_BAL,BAL,28,37,301,3,0,1,-11,0,0,207,192,15,16.8132339223773,13.8778111173047,0,12,4,4,1,26,81,0,1,0,4,-3.24963938485598,0,0,0,0,0,28,36,301,3,0,0,207,192,15,19.549597509347,0,12,4,4,1,0,37,0,26,4,36,0,3,26,5,0,0,4,0,0,0,0,0,0,0,0,0,1,-2,0,0,0,6,66,5,0,1,0,1,0,1,-2,0,0,2,2,0,0,49,1,0,0,0,2,0,0,0,0,0,0,0,0,42;49,,,91,0,0,2,3,0,1,0.666666666666667,0,0,0,0,0,4,0,54,177,1,1,0,0,1,2,17,0,160
2015,8,LV,REG,2015_08_NYJ_OAK,NYJ,23,36,333,4,0,0,0,0,0,247,201,13,16.6942151074336,-2.00292617082596,0,11,6,5,2,25,118,0,0,0,7,1.02924254146637,0,4,4,2,0,23,36,333,4,0,0,247,201,13,16.6942151074336,0,11,6,5,2,0,55,0,4,9,33,0,3,19,7,1,0,8,0,0,0,0,0,0,0,0,0,0,0,0,0,0,6,61,3,0,0,0,0,0,4,6,4,101,2,3,1,0,52,0.666666666666667,0,0,0,1,1,0,0,0,0,0,1,0,52;47,52,,99,52,0,4,4,0,0,1,0,0,0,0,0,3,0,52,135,1,1,0,0,0,2,10,0,125
2015,8,MIA,REG,2015_08_MIA_NE,NE,28,44,300,0,2,5,-45,0,0,417,143,16,-9.71495667394319,2.8113697850427,0,13,7,4,0,13,15,1,1,0,2,-5.24368423834676,0,0,0,0,0,28,43,300,0,0,0,417,143,16,-0.388839051975625,0,13,7,4,0,0,39,0,34,3,17,0,2,14,7,0,0,0,0,1,0,0,0,0,0,0,0,0,-9,0,0,0,7,40,1,0,2,2,2,0,4,9,2,68,0,1,1,0,,0,0,0,0,0,0,0,0,0,0,0,0,1,,63,,0,63,0,1,1,0,0,1,0,0,0,0,0,6,0,70,349,1,0,0,2,0,4,38,0,271
2015,8,MIN,REG,2015_08_MIN_CHI,CHI,17,30,187,1,1,1,-7,0,0,232,96,7,0.356969258386913,-1.49479848997934,0,7,4,3,1,25,147,0,0,0,8,2.62327286102345,0,5,4,0,0,17,29,187,1,0,0,232,96,7,1.9389419344834,0,7,4,3,1,1,46,0,10,3,5,0,1,3,6,0,0,1,0,1,0,0,0,0,0,0,0,1,0,0,0,0,4,35,3,0,1,0,1,0,3,77,3,55,3,3,0,0,48,1,0,0,1,2,0,0,0,0,0,0,0,0,43;48;36,,,127,0,0,2,2,0,0,1,1,1,0,0,36,4,0,37,134,3,0,0,0,2,2,3,0,131
2015,8,NE,REG,2015_08_MIA_NE,MIA,26,38,356,4,0,2,-14,0,0,323,189,16,15.967562040324,4.29102656872649,0,17,10,4,1,26,95,0,0,0,8,-1.61543339601485,0,3,1,0,0,26,38,356,4,0,0,323,189,16,19.2041108764924,0,17,10,4,1,0,40,0,14,8,49,0,5,45,10,2,31,6,0,0,1,0,0,0,0,0,0,0,0,0,0,0,8,69,2,0,0,0,0,0,4,38,1,17,2,2,0,0,52,1,0,0,1,0,1,0,0,0,0,0,0,0,52;36,,,88,0,0,4,4,0,0,1,0,0,0,0,0,6,0,57,264,4,0,0,0,2,4,9,0,255
2015,8,NO,REG,2015_08_NYG_NO,NYG,39,50,505,7,2,0,0,0,0,438,206,24,23.2640361138037,10.2975004911423,0,18,11,8,2,26,103,0,0,0,10,1.17656266718404,0,4,1,0,0,39,50,505,7,0,0,438,206,24,23.2640361138037,0,18,11,8,2,0,46,0,14,4,25,1,2,8,2,0,0,4,0,1,0,0,0,0,0,0,0,1,0,1,1,0,12,93,2,1,0,0,1,0,2,30,2,26,1,1,0,0,50,1,0,0,0,0,1,0,0,0,0,0,0,0,50,,,50,0,0,7,7,0,0,1,1,1,0,0,50,2,0,48,95,0,1,0,0,0,1,13,0,82
2015,8,NYG,REG,2015_08_NYG_NO,NO,30,41,350,6,0,3,-21,1,0,350,141,16,24.5458088082378,6.31695237101578,0,10,7,6,1,21,87,0,0,0,5,-2.141985310358,0,3,3,0,0,30,41,350,6,1,1,350,141,16,26.6376265497529,0,10,7,6,1,0,51,0,24,4,8,1,0,0,3,2,65,4,1,0,0,0,0,0,0,0,0,1,0,0,0,0,6,53,5,1,1,0,2,1,1,13,5,169,0,0,0,0,,,0,0,0,0,0,0,0,0,0,0,0,0,,,,0,0,0,7,7,0,0,1,0,0,0,0,0,4,0,62,212,1,0,1,1,0,2,30,0,162
2015,8,NYJ,REG,2015_08_NYJ_OAK,LV,31,47,311,2,1,3,-19,0,0,407,118,16,4.74539949606175,3.77363185299204,0,11,4,4,0,21,74,0,0,0,4,-3.12329643207058,0,2,2,1,0,31,47,311,2,0,0,407,118,16,10.0045368291997,0,11,4,4,0,0,45,1,9,1,2,0,0,0,5,0,0,2,0,0,0,0,0,0,0,0,0,0,0,0,0,0,6,40,5,0,0,0,0,0,2,10,2,38,2,2,0,0,40,1,0,0,1,1,0,0,0,0,0,0,0,0,40;38,,,78,0,0,2,2,0,0,1,0,0,0,0,0,4,0,52,182,1,0,0,0,0,4,6,0,176
2015,8,PIT,REG,2015_08_CIN_PIT,CIN,28,45,262,1,3,3,-22,0,0,457,125,15,-12.7304561467427,-2.29482511679331,0,14,4,2,0,19,116,0,0,0,3,2.7116229365929,0,1,1,1,1,28,45,262,1,0,0,457,125,15,-8.70654464383189,0,14,4,2,0,0,42,4,14,7,39,0,3,13,6,2,49,7,0,0,0,0,0,1,0,0,1,0,0,0,0,0,10,91,5,0,0,0,0,0,0,0,2,34,1,1,0,0,32,1,0,0,1,0,0,0,0,0,0,0,0,0,32,,,32,0,0,1,1,0,0,1,0,0,0,0,0,6,0,46,213,3,1,1,0,1,3,38,0,175
2015,8,SEA,REG,2015_08_SEA_DAL,DAL,19,30,210,1,1,0,0,0,0,251,116,11,1.40530749600338,5.52072422257785,0,10,5,1,0,31,113,0,0,0,8,-1.64711407881026,0,3,1,0,0,19,29,210,1,0,0,251,116,11,7.42082142938351,0,10,5,1,0,0,40,0,12,5,14,0,1,6,4,0,0,6,0,0,0,0,0,0,0,0,0,0,0,0,0,0,5,40,5,0,0,0,0,0,1,12,1,18,2,3,0,1,26,0.666666666666667,0,2,0,0,0,0,0,0,0,0,0,0,26;24,,47,50,0,47,1,1,0,0,1,0,0,0,0,0,4,0,55,193,0,0,0,0,2,2,8,0,185
2015,8,SF,REG,2015_08_SF_STL,LA,20,41,162,0,0,3,-11,0,0,271,95,8,-16.9064484636561,-18.6815346523029,0,7,2,1,0,21,38,0,0,0,1,-6.93261907924898,0,0,0,0,0,20,41,162,0,0,0,271,95,8,-13.254817780669,0,7,2,1,0,0,40,1,25,2,6,1,0,0,4,0,0,2,0,0,0,0,0,1,0,0,0,0,0,1,8,0,13,93,1,0,0,0,0,0,5,38,2,49,2,2,0,0,54,1,0,1,0,0,1,0,0,0,0,0,0,0,54;26,,,80,0,0,0,0,0,0,,0,0,0,0,0,10,0,60,460,3,1,4,1,1,3,-1,0,441
2015,8,TB,REG,2015_08_TB_ATL,ATL,16,29,177,1,0,2,-4,0,0,293,31,11,2.35798087294378,-2.02017693684019,0,7,4,3,0,32,117,1,0,0,5,-3.47563818242634,0,3,2,1,0,16,29,177,1,0,0,293,31,11,5.4030271282564,0,7,4,3,0,0,55,0,22,3,9,2,1,2,10,1,15,3,0,0,0,0,0,0,0,0,0,0,0,3,29,0,8,43,2,0,0,0,0,0,0,0,0,0,3,3,0,0,38,1,0,1,2,0,0,0,0,0,0,0,0,0,38;23;31,,,92,0,0,2,2,0,0,1,1,1,0,0,31,3,0,53,127,2,0,0,0,1,2,23,0,104
2015,8,TEN,REG,2015_08_TEN_HOU,HOU,22,31,171,0,1,7,-46,1,1,224,80,9,-22.6171878210249,6.05601456857497,0,8,1,0,0,20,86,0,0,0,3,-1.20936106110457,0,1,1,1,0,22,31,171,0,0,0,224,80,9,-7.78116718523472,0,8,1,0,0,0,37,4,26,2,15,0,3,21,7,0,0,4,0,0,0,0,0,0,0,0,0,0,0,0,0,0,6,45,6,2,0,0,2,2,5,63,4,97,2,2,0,0,44,1,0,0,1,1,0,0,0,0,0,0,0,0,35;44,,,79,0,0,0,0,0,0,,0,0,0,0,0,7,0,60,349,3,1,0,0,3,3,28,0,321
2015,9,ATL,REG,2015_09_ATL_SF,SF,30,45,303,1,0,2,-18,0,0,313,104,15,-0.340297488074171,1.27929124567244,0,13,6,3,1,14,17,0,0,0,2,-4.48316343262559,0,0,0,0,0,30,45,303,1,0,0,313,104,15,4.42803927972226,0,13,6,3,1,0,38,11,13,2,4,0,0,0,2,2,2,4,0,0,0,0,0,0,0,0,0,1,0,0,0,0,6,63,5,0,1,0,1,0,4,76,4,115,3,3,0,0,44,1,1,0,1,1,0,0,0,0,0,0,0,0,44;36;19,,,99,0,0,1,1,0,0,1,0,0,0,0,0,7,0,57,304,5,0,1,0,5,1,17,0,287
2015,9,BUF,REG,2015_09_MIA_BUF,MIA,11,12,181,1,0,3,-27,0,0,140,45,7,8.88484569799039,28.4722288449605,0,6,2,2,2,36,266,3,0,0,10,9.06387956149104,0,9,6,3,1,11,12,181,1,0,0,140,45,7,13.8650697068952,0,6,2,2,2,0,48,8,8,4,18,1,2,27,6,0,0,5,0,0,1,0,0,0,0,0,0,0,0,1,2,0,13,94,2,0,0,0,0,0,0,0,3,32,1,1,0,0,43,1,0,0,0,1,0,0,0,0,0,0,0,0,43,,,43,0,0,4,4,0,0,1,0,0,0,0,0,3,0,58,150,1,0,0,0,1,2,18,0,132
2015,9,CAR,REG,2015_09_GB_CAR,GB,15,30,297,3,1,0,0,0,0,350,97,10,6.13346535454006,-5.50194146304295,0,10,7,6,2,36,130,1,0,0,9,-3.93492110593715,0,4,2,1,0,15,29,297,3,0,0,350,97,10,7.57743460705937,0,10,7,6,2,0,43,0,22,7,49,2,5,38,14,1,-1,7,0,0,0,0,0,0,0,0,0,0,0,1,0,0,6,45,3,0,0,0,0,0,5,35,2,33,3,4,1,0,49,0.75,0,2,0,1,0,0,0,0,0,1,0,0,20;49;22,43,,91,43,0,4,4,0,0,1,0,0,0,0,0,6,0,60,289,0,1,0,0,1,4,18,0,271
2015,9,CHI,REG,2015_09_CHI_SD,LAC,27,40,345,2,1,1,-8,1,1,426,135,20,7.59504166599615,13.575012668183,0,17,8,4,1,29,109,1,0,0,5,0.116440777652431,1,2,1,0,0,27,38,345,2,0,0,426,135,20,13.0645232536972,0,17,8,4,1,0,40,8,8,2,18,1,2,18,7,0,0,6,0,0,0,0,0,0,0,0,0,0,0,1,0,0,6,55,2,1,0,0,1,1,2,22,2,46,0,2,2,0,,0,0,0,0,0,0,0,0,0,1,1,0,0,,47;34,,0,81,0,2,2,0,0,1,0,0,0,0,0,2,0,44,85,1,0,0,0,2,0,0,0,85
2015,9,CIN,REG,2015_09_CLE_CIN,CLE,21,27,234,3,0,2,-15,0,0,195,115,13,15.787544658524,19.1234110593796,0,9,6,2,0,37,152,1,0,0,8,-0.811845455747326,0,5,3,1,0,21,25,234,3,0,0,195,115,13,20.5862953897449,0,9,6,2,0,0,34,0,8,5,33,0,3,24,6,0,0,5,0,0,0,0,0,0,0,0,0,0,0,0,0,0,2,20,2,0,0,0,0,0,3,9,1,13,1,1,0,0,28,1,0,1,0,0,0,0,0,0,0,0,0,0,28,,,28,0,0,4,4,0,0,1,0,0,0,0,0,2,1,43,79,1,0,0,0,1,1,0,0,79
2015,9,CLE,REG,2015_09_CLE_CIN,CIN,15,33,168,1,0,3,-24,0,0,313,82,9,-4.80060215959601,-12.7205687941927,0,8,3,2,0,17,69,0,0,0,4,-0.965201984217856,0,3,1,0,0,15,33,168,1,0,0,313,82,9,-0.250478942196783,0,8,3,2,0,0,49,0,14,6,23,0,2,15,2,0,0,2,0,0,0,1,0,0,0,0,1,0,0,0,0,0,4,28,1,0,0,0,0,0,1,0,2,42,1,1,0,0,27,1,0,1,0,0,0,0,0,0,0,0,0,0,27,,,27,0,0,1,1,0,0,1,0,0,0,0,0,6,0,56,274,1,1,1,1,0,3,9,0,245
2015,9,DAL,REG,2015_09_PHI_DAL,PHI,25,38,299,3,1,4,-22,2,0,295,158,11,1.1253012771381,0.0394571471858669,0,10,6,3,1,29,134,0,0,0,8,2.81843064393615,0,5,4,0,0,25,37,299,3,0,0,295,158,11,7.74002467420771,0,10,6,3,1,0,45,1,19,5,21,0,1,8,7,0,0,4,0,0,0,0,0,0,0,0,0,2,0,0,0,0,8,58,5,2,0,0,2,0,2,5,1,79,2,2,0,0,44,1,0,0,0,2,0,0,0,0,0,0,0,0,41;44,,,85,0,0,3,3,0,0,1,0,0,0,0,0,4,0,55,175,2,1,0,0,3,0,0,0,175
2015,9,DEN,REG,2015_09_DEN_IND,IND,21,36,281,2,2,1,-7,0,0,389,128,13,3.68817807965409,-0.637571182515886,0,11,6,4,1,14,35,0,0,0,2,-4.59649173065554,0,2,1,0,0,21,36,281,2,0,0,389,128,13,5.14309010059535,0,11,6,4,1,1,43,0,44,5,17,0,1,7,11,0,0,7,0,0,0,0,0,0,0,0,0,0,0,0,0,0,8,56,6,0,0,0,0,0,1,83,2,69,1,1,0,0,29,1,0,1,0,0,0,0,0,0,0,0,0,0,29,,,29,0,0,3,3,0,0,1,0,0,0,0,0,5,0,53,215,2,0,1,0,1,3,2,0,213
2015,9,GB,REG,2015_09_GB_CAR,CAR,25,48,369,4,1,5,-38,1,0,447,164,16,4.23108932975447,-6.3030238263309,1,13,11,8,2,19,71,0,1,1,3,-6.46187027206179,0,1,1,0,0,25,48,369,4,0,0,447,164,16,14.2772745854454,1,13,11,8,2,0,39,0,34,4,22,0,0,0,2,1,4,4,0,0,0,0,0,0,0,0,0,1,0,0,0,0,7,87,6,2,0,0,2,1,4,18,3,71,0,0,0,0,,,0,0,0,0,0,0,0,0,0,0,0,0,,,,0,0,0,3,3,0,0,1,0,0,0,0,0,8,0,56,357,2,1,2,0,0,5,35,0,322
2015,9,IND,REG,2015_09_DEN_IND,DEN,21,36,252,2,0,1,-7,0,0,256,120,13,11.3609464092636,-3.31778032439096,0,8,5,3,0,40,120,1,0,0,7,-7.59117933391826,0,4,1,0,0,21,35,252,2,0,0,256,120,13,13.4748275881041,0,8,5,3,0,0,30,0,8,4,15,0,1,7,9,2,1,5,0,0,0,0,0,0,0,0,0,0,0,0,0,0,4,30,4,0,0,0,0,0,3,2,2,33,2,2,0,0,55,1,0,0,0,1,1,0,0,0,0,0,0,0,43;55,,,98,0,0,3,3,0,0,1,0,0,0,0,0,5,0,52,226,1,2,1,0,1,1,83,1,143
2015,9,JAX,REG,2015_09_JAX_NYJ,NYJ,24,40,381,2,2,6,-43,2,1,481,117,16,0.15859793846515,4.27423991262913,0,13,12,10,1,19,98,0,0,0,3,-0.575473110307939,0,3,1,1,1,24,40,381,2,0,0,481,117,16,14.7496053660961,0,13,12,10,1,0,43,0,24,7,28,1,2,11,4,0,0,5,0,1,0,0,0,0,0,0,0,1,0,0,0,0,4,30,5,1,2,0,3,2,2,20,4,117,3,3,0,0,45,1,0,0,2,1,0,0,0,0,0,0,0,0,45;39;35,,,119,0,0,2,2,0,0,1,0,0,0,0,0,5,0,50,203,3,0,0,0,1,4,42,0,161
2015,9,LA,REG,2015_09_STL_MIN,MIN,18,33,168,0,0,1,-8,0,0,265,53,5,-8.31843316888989,-3.89789309232466,0,7,3,3,1,36,160,1,0,0,10,-1.36310070844669,0,7,6,2,0,18,31,168,0,0,0,265,53,5,-3.89056670440913,0,7,3,3,1,0,48,5,5,6,17,1,1,11,7,1,0,3,0,0,0,0,0,0,0,0,0,1,0,0,0,0,12,87,7,0,1,0,1,0,4,27,0,0,4,5,1,0,61,0.8,0,0,1,1,1,1,0,0,0,1,0,0,61;35;45;53,48,,194,48,0,0,0,0,0,,0,0,0,0,0,8,0,63,372,2,0,3,0,1,4,40,0,332
2015,9,LAC,REG,2015_09_CHI_SD,CHI,26,42,280,1,0,2,-18,0,0,301,149,12,3.86752747957646,-4.07809916706312,0,12,3,1,1,19,77,0,0,0,5,-1.42876678763423,0,2,1,0,0,26,42,280,1,1,1,301,149,12,0.849108832227581,0,12,3,1,1,0,43,12,12,3,5,1,1,8,5,1,68,6,1,0,0,0,0,0,0,0,0,0,0,1,0,0,8,54,6,1,0,0,1,1,0,0,1,24,2,2,0,0,31,1,0,1,1,0,0,0,0,0,0,0,0,0,31;22,,,53,0,0,1,2,1,0,0.5,0,0,0,0,0,4,0,49,159,1,0,1,0,1,2,22,0,137
2015,9,LV,REG,2015_09_OAK_PIT,PIT,24,44,301,4,1,0,0,0,0,470,71,17,7.46190327632939,-4.33473898605867,0,14,7,5,0,25,139,1,2,1,6,-0.513183095201384,0,4,4,1,1,24,44,301,4,1,0,470,71,17,7.46190327632939,0,14,7,5,0,0,54,6,12,3,16,1,1,11,2,1,1,7,0,0,0,0,0,0,0,0,0,0,0,1,0,0,3,21,3,4,1,2,5,3,1,1,5,74,0,0,0,0,,,0,0,0,0,0,0,0,0,0,0,0,0,,,,0,0,0,5,5,0,0,1,0,0,0,0,0,7,0,50,277,3,1,3,0,0,3,2,0,275
2015,9,MIA,REG,2015_09_MIA_BUF,BUF,27,36,316,0,0,2,-27,1,1,211,202,16,2.88158852472778,11.0955218757902,0,11,7,7,1,24,108,2,1,0,6,3.55823537893593,0,2,2,1,0,27,35,316,0,0,0,211,202,16,9.74754671176197,0,11,7,7,1,0,37,9,9,5,35,0,3,27,3,0,0,0,0,0,0,0,0,0,0,0,0,1,-6,0,0,0,8,62,5,1,2,1,3,1,2,18,4,50,1,1,0,0,48,1,0,0,0,1,0,0,0,0,0,0,0,0,48,,,48,0,0,2,2,0,0,1,0,0,0,0,0,3,0,48,114,2,0,0,1,2,0,0,0,94
2015,9,MIN,REG,2015_09_STL_MIN,LA,15,27,159,0,1,1,-11,0,0,248,92,6,-8.62827701986926,-5.1394514463566,0,5,2,2,0,35,145,2,1,0,9,1.59027019002483,1,6,4,0,0,15,27,159,0,1,0,248,92,6,-7.57832090176335,0,5,2,2,0,0,46,9,11,7,16,0,1,8,10,0,0,5,0,0,0,0,0,0,0,0,0,1,0,0,0,0,6,67,4,1,1,1,2,0,4,40,4,96,2,2,0,0,40,1,0,0,1,1,0,0,0,0,0,0,0,0,34;40,,,74,0,0,1,1,0,0,1,1,1,0,0,40,8,0,61,334,1,1,2,1,0,4,27,0,287
2015,9,NE,REG,2015_09_WAS_NE,WAS,26,39,299,2,1,0,0,0,0,269,180,15,13.6348296849127,-1.632260512083,0,14,5,2,1,37,161,1,1,0,10,1.31183416102592,0,6,4,1,0,26,39,299,2,1,1,269,180,15,8.53781560429607,0,14,5,2,1,0,33,0,20,2,8,2,1,4,6,1,13,6,0,0,0,0,0,0,0,0,0,1,0,1,0,0,6,43,3,2,0,0,2,1,2,-2,2,18,2,2,0,0,21,1,0,2,0,0,0,0,0,0,0,0,0,0,21;21,,,42,0,0,3,3,0,0,1,0,0,0,0,0,2,0,48,69,1,1,0,0,0,1,9,0,60
2015,9,NO,REG,2015_09_TEN_NO,TEN,28,39,387,3,1,4,-32,0,0,411,131,18,16.2008239264416,6.6718557706246,0,18,8,6,0,27,61,1,0,0,5,-6.49593770276988,0,1,1,0,0,28,39,387,3,0,0,411,131,18,22.0473260191667,0,18,8,6,0,0,42,1,33,1,1,1,0,0,2,0,0,2,0,1,0,0,0,0,0,0,0,0,0,1,0,0,8,75,4,1,0,0,1,1,3,21,3,82,0,1,0,1,,0,0,0,0,0,0,0,0,0,0,0,0,0,,,46,0,0,46,4,4,0,0,1,0,0,0,0,0,4,0,49,183,2,1,0,0,1,2,12,0,171
2015,9,NYG,REG,2015_09_NYG_TB,TB,26,40,213,2,2,0,0,0,0,308,47,14,0.864529197758082,2.16696158051491,0,9,2,1,0,33,114,0,0,0,6,-4.73550075930336,0,1,0,0,0,26,40,213,2,1,0,308,47,14,0.864529197758082,0,9,2,1,0,0,36,9,9,1,1,2,0,0,8,0,0,2,0,0,0,0,0,0,0,0,0,0,0,3,5,1,6,49,4,1,0,1,1,0,0,0,2,54,4,4,0,0,53,1,0,0,2,1,1,0,0,0,0,0,0,0,35;35;53;44,,,167,0,0,2,2,0,0,1,0,0,0,0,0,1,0,64,64,1,0,0,0,0,1,1,0,63
2015,9,NYJ,REG,2015_09_JAX_NYJ,JAX,21,34,272,2,0,2,-11,0,0,222,133,12,8.3786877063103,0.159884288030512,0,13,7,4,1,28,29,2,1,0,2,-11.4086483257706,0,0,0,0,0,21,34,272,2,0,0,222,133,12,12.4120312882587,0,13,7,4,1,0,37,0,26,4,14,1,5,35,15,2,8,7,0,0,0,0,0,0,0,0,0,1,0,2,0,0,6,41,1,1,0,0,1,0,4,42,4,115,0,0,0,0,,,0,0,0,0,0,0,0,0,0,0,0,0,,,,0,0,0,4,4,0,0,1,0,0,0,0,0,9,0,52,351,5,1,4,0,2,2,20,0,331
2015,9,PHI,REG,2015_09_PHI_DAL,DAL,25,36,295,1,0,1,-8,0,0,175,171,9,1.56553294777555,3.25688446561495,0,9,6,6,2,35,172,2,0,0,13,10.9703737206291,0,5,3,2,0,25,36,295,1,0,0,175,171,9,4.01937232108471,0,9,6,6,2,0,53,2,8,6,28,2,4,22,4,1,67,3,1,0,0,0,0,0,0,0,0,0,0,0,0,0,10,70,3,0,0,0,0,0,0,0,0,0,2,2,0,0,53,1,0,0,1,0,1,0,0,0,0,0,0,0,31;53,,,84,0,0,3,3,0,0,1,0,0,0,0,0,5,0,59,241,4,0,1,0,2,2,5,0,236
2015,9,PIT,REG,2015_09_OAK_PIT,LV,28,50,413,2,1,1,-11,0,0,505,212,16,6.82947206131121,-6.36815249919891,1,13,7,6,3,30,195,2,0,0,9,5.66870289271254,0,5,5,2,1,28,50,413,2,0,0,505,212,16,9.20981901983669,1,13,7,6,3,0,36,9,17,2,5,4,0,0,2,1,25,8,0,1,0,0,0,0,0,0,0,0,0,3,0,0,5,42,6,1,0,0,1,1,3,2,4,83,3,4,1,0,38,0.75,1,0,2,0,0,0,0,0,0,1,0,0,34;38;18,41,,90,41,0,3,3,0,0,1,0,0,0,0,0,5,0,51,208,3,0,2,0,2,1,1,0,207
2015,9,SF,REG,2015_09_ATL_SF,ATL,15,26,185,2,2,0,0,0,0,264,101,8,3.48441682838751,-0.581814692570613,0,8,4,3,1,38,133,0,0,0,8,-2.6808339143754,0,3,1,1,0,15,26,185,2,0,0,264,101,8,3.48441682838751,0,8,4,3,1,0,50,3,5,6,31,0,2,18,7,0,0,9,0,0,0,0,0,0,0,0,0,0,0,0,0,0,5,30,2,0,0,0,0,0,1,17,3,80,1,1,0,0,44,1,0,0,0,1,0,0,0,0,0,0,0,0,44,,,44,0,0,2,2,0,0,1,0,0,0,0,0,5,0,58,241,0,0,0,0,1,4,76,0,165
2015,9,TB,REG,2015_09_NYG_TB,NYG,19,36,247,0,0,0,0,0,0,400,119,10,1.76527358786932,-6.05813964373536,0,9,7,2,1,23,136,1,2,2,6,-6.6285044158463,0,3,2,1,1,19,36,247,0,0,0,400,119,10,-4.97684407655818,0,9,7,2,1,0,37,21,25,3,5,1,0,0,2,2,34,6,0,1,0,0,0,0,0,0,0,1,0,0,0,0,9,79,6,2,2,0,4,3,1,1,4,87,4,5,1,0,53,0.8,0,3,0,0,1,0,0,0,0,1,0,0,25;28;21;53,43,,127,43,0,0,0,0,0,,0,0,0,0,0,2,0,49,85,1,0,0,1,1,0,0,0,65
2015,9,TEN,REG,2015_09_TEN_NO,NO,28,39,371,4,0,0,0,0,0,284,191,19,22.983783796406,5.15222113866073,1,15,8,8,1,28,112,0,1,1,3,-8.69589383108487,0,2,2,1,0,28,39,371,4,0,0,284,191,19,22.983783796406,1,15,8,8,1,0,51,0,18,4,32,1,4,32,8,1,0,3,0,0,0,0,0,1,0,0,0,1,0,1,0,0,9,66,2,1,1,0,2,1,2,12,4,96,2,3,1,0,51,0.666666666666667,0,1,0,0,1,0,0,0,0,0,1,0,51;29,55,,80,55,0,2,2,0,0,1,0,0,0,0,0,5,0,56,253,2,0,1,0,1,3,21,0,232
2015,9,WAS,REG,2015_09_WAS_NE,NE,22,40,217,1,1,1,-4,0,0,348,79,12,-2.34858103295068,-6.28424037247896,0,8,4,1,0,15,37,0,1,1,3,-7.6474940541666,0,1,0,0,0,22,40,217,1,1,0,348,79,12,-0.435265301617107,0,8,4,1,0,0,45,0,34,2,13,2,0,0,1,1,44,2,0,0,0,0,0,0,0,0,0,0,0,1,0,0,4,27,3,2,0,1,2,1,1,9,3,48,1,1,0,0,23,1,0,1,0,0,0,0,0,0,0,0,0,0,23,,,23,0,0,1,1,0,0,1,0,0,0,0,0,4,0,55,188,1,1,1,0,0,2,-2,0,190
2015,10,ARI,REG,2015_10_ARI_SEA,SEA,29,47,363,3,1,3,-29,2,2,524,69,20,0.325943177948557,7.00512852933672,0,18,6,5,0,33,117,1,0,0,5,-4.16335700958734,0,1,1,1,1,29,45,363,3,0,0,524,69,20,17.013218811048,0,18,6,5,0,0,28,0,20,2,13,1,1,0,9,1,24,7,0,0,1,0,0,0,0,0,0,0,0,0,0,0,9,66,4,2,0,0,2,2,3,29,5,101,3,3,0,0,43,1,0,0,1,2,0,0,0,0,0,0,0,0,33;43;43,,,119,0,0,4,4,0,0,1,0,0,0,0,0,3,0,46,134,1,0,0,0,2,1,0,0,134
2015,10,BAL,REG,2015_10_JAX_BAL,JAX,34,45,316,3,2,1,-8,1,1,360,145,15,-4.81073322779343,8.56224960751004,0,13,6,6,0,21,89,0,0,0,7,-0.764918401488103,0,3,3,0,0,34,45,316,3,0,0,360,145,15,0.836033392312633,0,13,6,6,0,0,41,0,14,8,32,0,3,20,7,1,3,12,0,1,0,0,0,1,0,0,0,0,0,0,0,0,9,121,5,1,1,0,2,2,4,54,1,50,0,1,1,0,,0,0,0,0,0,0,0,0,0,0,0,1,0,,58,,0,58,0,2,2,0,0,1,0,0,0,0,0,5,0,45,202,3,0,1,1,1,2,2,0,180
2015,10,BUF,REG,2015_10_BUF_NYJ,NYJ,17,27,158,1,0,4,-26,0,0,239,89,6,-4.06687500074055,0.771262554021982,0,6,3,2,0,33,148,0,1,0,7,-6.82542018982349,0,7,6,0,0,17,26,158,1,0,0,239,89,6,3.81571725951493,0,6,3,2,0,0,36,0,18,5,11,2,1,3,2,2,16,8,0,0,0,0,0,0,0,0,0,1,-15,2,19,1,5,44,4,0,1,0,1,0,3,13,1,22,3,3,0,0,47,1,0,1,0,2,0,0,0,0,0,0,0,0,47;41;29,,,117,0,0,1,2,1,0,0.5,0,0,0,0,0,8,0,57,347,2,1,2,0,1,4,14,0,333
2015,10,CAR,REG,2015_10_CAR_TEN,TEN,21,25,217,1,0,5,-33,0,0,266,40,13,7.43019834271187,22.119047999382,0,11,6,2,0,34,119,2,0,0,10,4.20716680748914,0,3,3,0,0,21,25,217,1,0,0,266,40,13,14.7059536760768,0,11,6,2,0,0,32,0,18,7,15,1,1,7,4,1,0,2,0,0,0,0,0,0,0,0,0,0,0,1,0,0,5,45,3,0,0,0,0,0,4,61,1,22,2,2,0,0,48,1,1,0,0,1,0,0,0,0,0,0,0,0,48;19,,,67,0,0,3,3,0,0,1,0,0,0,0,0,4,0,63,189,2,2,0,0,2,0,0,0,189
2015,10,CHI,REG,2015_10_CHI_STL,LA,19,24,258,3,0,2,-14,0,0,98,213,8,11.1127930108385,9.52016152441502,0,5,2,2,2,37,153,1,1,1,8,-5.06598204770125,0,4,3,2,0,19,24,258,3,0,0,98,213,8,14.3929862440026,0,5,2,2,2,0,40,0,8,1,9,1,1,9,10,1,39,6,0,1,0,0,0,0,0,0,0,0,0,1,0,0,4,44,1,2,0,0,2,2,3,9,2,31,3,3,0,0,37,1,0,0,3,0,0,0,0,0,0,0,0,0,35;37;36,,,108,0,0,4,4,0,0,1,0,0,0,0,0,4,0,52,187,2,0,0,0,1,3,16,0,171
2015,10,CIN,REG,2015_10_HOU_CIN,HOU,22,38,197,0,1,4,-15,0,0,370,114,9,-6.03232067671608,-5.96772251944793,0,8,4,2,0,20,74,0,0,0,5,-1.15365323040169,0,2,0,0,0,22,38,197,0,1,1,370,114,9,-5.06864132900493,0,8,4,2,0,0,30,0,36,5,21,0,3,18,5,1,0,8,0,1,0,0,0,0,0,0,0,1,0,0,0,0,9,70,6,1,1,0,2,1,5,43,3,51,2,2,0,0,42,1,0,0,1,1,0,0,0,0,0,0,0,0,42;39,,,81,0,0,0,0,0,0,,0,0,0,0,0,7,0,59,288,1,2,2,0,2,1,10,0,278
2015,10,CLE,REG,2015_10_CLE_PIT,PIT,33,45,372,1,1,6,-45,1,1,294,187,16,2.27209962362358,10.6795165273878,0,16,9,4,1,14,15,0,0,0,2,-4.00938029325334,0,1,0,0,0,33,45,372,1,1,1,294,187,16,11.168968751204,0,16,9,4,1,0,38,5,11,5,14,2,1,3,3,1,12,5,0,0,0,0,0,0,0,0,0,0,0,1,0,0,12,188,4,1,1,0,2,2,0,0,4,100,1,1,0,0,23,1,0,1,0,0,0,0,0,0,0,0,0,0,23,,,23,0,0,0,1,1,0,0,0,0,0,0,0,4,0,46,160,3,0,1,0,2,1,0,0,160
2015,10,DAL,REG,2015_10_DAL_TB,TB,19,29,186,0,1,3,-12,0,0,294,59,9,-1.14571659769369,5.54405578545162,0,9,5,2,0,21,42,0,1,0,2,-6.93866563156514,0,0,0,0,0,19,28,186,0,0,0,294,59,9,3.35051078914973,0,9,5,2,0,0,35,14,14,3,20,0,2,18,8,2,19,8,0,0,0,0,0,0,0,0,0,1,0,0,0,0,6,65,3,1,0,0,1,0,3,23,2,35,2,3,1,0,53,0.666666666666667,0,0,0,1,1,0,0,0,0,1,0,0,42;53,48,,95,48,0,0,0,0,0,,0,0,0,0,0,6,0,56,255,4,1,1,0,3,1,3,0,252
2015,10,DEN,REG,2015_10_KC_DEN,KC,19,44,181,1,5,5,-29,1,0,473,81,11,-22.0066399006464,-16.6291033112726,0,8,3,0,0,16,69,1,0,0,4,-1.95457912144763,0,2,1,0,0,19,43,181,1,0,0,473,81,11,-13.5284844597627,0,8,3,0,0,0,51,0,12,2,13,0,2,7,6,0,0,3,0,0,0,0,0,0,0,0,0,1,0,0,0,0,5,55,5,1,0,0,1,0,1,11,0,0,0,0,0,0,,,0,0,0,0,0,0,0,0,0,0,0,0,,,,0,0,0,1,1,0,0,1,0,0,0,0,0,6,0,51,277,0,1,1,0,1,3,6,0,271
2015,10,DET,REG,2015_10_DET_GB,GB,24,38,242,2,1,0,0,0,0,202,123,13,3.53707804760291,-4.94809017369622,0,11,2,1,1,26,45,0,1,0,2,-7.57825817854609,0,1,0,0,0,24,38,242,2,0,0,202,123,13,3.53707804760291,0,11,2,1,1,0,53,2,10,3,11,1,3,8,7,0,0,4,0,0,0,0,0,0,0,0,0,1,-5,0,0,0,3,35,7,0,1,0,1,0,4,39,2,134,2,2,0,0,51,1,0,0,0,1,1,0,0,0,0,0,0,0,49;51,,,100,0,0,0,2,2,0,0,0,0,0,0,0,7,0,56,297,4,1,3,0,1,2,7,0,290
2015,10,GB,REG,2015_10_DET_GB,DET,35,61,333,2,0,3,-8,0,0,497,148,17,1.55914457973476,-6.45011852184932,0,14,7,4,0,18,47,0,0,0,3,-2.13813824451063,0,0,0,0,0,35,60,333,2,1,0,497,148,17,5.3319719054728,0,14,7,4,0,0,40,5,23,4,11,0,0,0,3,1,2,5,0,0,0,0,0,0,0,0,0,0,0,0,0,0,5,55,6,1,0,1,1,0,2,7,3,78,1,2,1,0,44,0.5,0,0,0,1,0,0,0,0,0,0,1,0,44,52,,44,52,0,1,1,0,0,1,0,1,1,0,52,9,0,55,372,3,2,2,0,1,4,39,0,333
2015,10,HOU,REG,2015_10_HOU_CIN,CIN,17,33,192,1,1,3,-18,0,0,358,48,10,0.985367226011138,-10.0254632758372,0,10,3,2,0,25,82,0,0,0,4,-7.12810224812711,0,3,3,0,0,17,33,192,1,0,0,358,48,10,5.443641769995,0,10,3,2,0,0,42,0,24,7,30,1,4,15,5,1,2,6,0,0,0,0,0,0,0,0,0,0,0,1,0,0,5,54,2,0,0,0,0,0,1,10,3,64,1,1,0,0,22,1,0,1,0,0,0,0,0,0,0,0,0,0,22,,,22,0,0,1,1,0,0,1,0,0,0,0,0,8,0,64,374,3,0,1,1,1,5,43,0,311
2015,10,JAX,REG,2015_10_JAX_BAL,BAL,22,45,188,2,1,3,-20,0,0,310,97,10,-5.95833641752052,-14.033238126172,0,9,4,1,0,22,90,0,0,0,6,-3.38041302055281,0,4,2,0,0,22,45,188,2,0,0,310,97,10,-0.0679576741104103,0,9,4,1,0,0,41,0,32,2,3,1,1,8,1,2,1,5,0,0,0,0,0,0,0,0,0,0,0,2,0,0,4,30,4,0,0,0,0,0,2,2,0,0,3,4,0,1,53,0.75,0,1,0,1,1,0,0,0,0,0,0,0,21;45;53,,26,119,0,26,1,1,0,0,1,1,1,0,0,53,7,0,56,364,0,1,0,1,1,4,54,0,290
2015,10,KC,REG,2015_10_KC_DEN,DEN,17,31,204,1,0,2,-7,0,0,184,148,4,-3.43090668420267,-8.37871489986297,0,3,3,2,1,32,106,1,0,0,8,-4.6394251558379,0,3,3,0,0,17,31,204,1,0,0,184,148,4,-0.116546266078541,0,3,3,2,1,0,38,0,4,6,32,1,5,29,10,5,62,13,0,0,0,0,0,0,0,0,0,0,0,0,0,0,11,102,3,0,0,0,0,0,3,6,1,9,5,6,1,0,50,0.833333333333333,0,0,2,2,1,0,0,0,0,1,0,0,48;49;34;33;50,48,,214,48,0,2,2,0,0,1,0,0,0,0,0,5,0,59,226,4,1,3,0,0,1,11,0,215
2015,10,LA,REG,2015_10_CHI_STL,CHI,17,37,200,0,1,1,-9,0,0,316,149,7,-19.2824422949617,-19.8873733346527,0,8,4,3,0,21,94,1,1,1,4,-8.51303718611598,0,2,1,0,0,17,37,200,0,0,0,316,149,7,-17.393871735285,0,8,4,3,0,0,50,0,18,6,13,2,2,14,7,0,0,2,0,0,0,0,0,0,0,0,0,0,0,2,43,0,8,57,4,1,0,0,1,1,3,16,1,27,2,2,0,0,38,1,0,1,1,0,0,0,0,0,0,0,0,0,26;38,,,64,0,0,1,1,0,0,1,0,0,0,0,0,6,0,60,296,3,2,0,0,1,3,9,0,287
2015,10,LV,REG,2015_10_MIN_OAK,MIN,29,43,302,2,2,2,-15,0,0,311,121,15,-3.96197181302705,5.89268156668035,0,12,5,3,0,19,84,0,0,0,5,-0.402167333959369,0,3,1,0,0,29,41,302,2,1,0,311,121,15,1.26755452234647,0,12,5,3,0,0,38,10,20,5,20,1,4,18,7,0,0,0,0,0,0,0,0,1,0,0,0,1,0,0,0,0,8,82,3,1,0,0,1,0,2,2,6,145,0,0,0,0,,,0,0,0,0,0,0,0,0,0,0,0,0,,,,0,0,0,2,2,0,0,1,0,0,0,0,0,6,0,50,257,2,1,3,0,0,2,15,0,242
2015,10,MIA,REG,2015_10_MIA_PHI,PHI,21,36,217,2,0,4,-27,1,0,282,123,11,1.86241751588519,-5.24824062983195,0,7,5,3,1,26,99,0,0,0,4,-3.55616403947352,0,3,2,2,0,21,36,217,2,0,0,282,123,11,6.63979674387248,0,7,5,3,1,0,73,1,13,10,73,2,4,39,11,1,7,3,0,0,0,1,0,0,0,0,0,0,0,0,0,0,8,84,5,1,0,1,1,0,3,9,2,42,2,2,0,0,42,1,0,1,0,1,0,0,0,0,0,0,0,0,42;22,,,64,0,0,2,2,0,0,1,0,0,0,0,0,8,0,64,393,1,0,1,0,0,7,57,0,336
2015,10,MIN,REG,2015_10_MIN_OAK,LV,14,22,140,1,0,4,-18,1,0,87,124,6,-2.4278094211422,-0.716143420764378,0,5,3,2,0,33,263,1,0,0,13,12.8897894914655,0,8,6,1,1,14,21,140,1,0,0,87,124,6,3.51719521097224,0,5,3,2,0,1,43,9,17,3,16,1,2,15,4,2,4,7,0,0,0,0,0,0,0,0,0,0,0,0,0,0,3,15,4,1,0,1,1,0,2,15,2,105,3,5,1,1,38,0.6,0,1,2,0,0,0,0,0,0,0,1,0,20;38;34,53,39,92,53,39,3,3,0,0,1,0,0,0,0,0,3,0,53,143,0,0,0,1,0,2,2,0,121
2015,10,NE,REG,2015_10_NE_NYG,NYG,26,42,334,2,1,3,-5,2,1,436,107,15,5.3574664613232,1.14807748213047,0,11,3,3,2,23,77,1,0,0,5,1.15863809306757,0,3,1,0,0,26,41,334,2,0,0,436,107,15,12.4220287865028,0,11,3,3,2,0,33,24,24,2,19,2,3,19,4,0,0,6,0,0,0,0,0,0,0,0,0,1,0,1,0,0,7,93,6,2,0,0,2,1,2,84,4,71,2,2,0,0,54,1,0,0,1,0,1,0,0,0,0,0,0,0,31;54,,,85,0,0,3,3,0,0,1,1,1,0,0,54,4,0,57,200,1,0,0,0,0,4,41,0,159
2015,10,NO,REG,2015_10_NO_WAS,WAS,19,28,209,2,2,2,-17,0,0,194,140,10,-4.09593525220407,1.65695574666773,0,7,2,1,1,25,158,0,1,0,6,-4.42778347601416,0,3,2,1,1,19,28,209,2,0,0,194,140,10,-1.06782868754817,0,7,2,1,1,0,36,11,33,3,22,1,3,23,8,0,0,2,0,0,0,0,0,0,0,0,0,1,0,0,0,0,7,50,1,1,0,0,1,0,1,10,3,59,0,0,0,0,,,0,0,0,0,0,0,0,0,0,0,0,0,,,,0,0,0,2,2,0,0,1,0,0,0,0,0,4,0,54,189,0,0,0,0,0,4,26,0,163
2015,10,NYG,REG,2015_10_NE_NYG,NE,24,44,361,2,0,3,-19,1,1,460,154,16,5.85765813716653,-6.2527518380772,0,14,7,5,1,23,80,0,0,0,2,-3.64733677572804,0,1,0,0,0,24,44,361,2,0,0,460,154,16,13.9357351268785,0,14,7,5,1,0,40,16,16,2,8,2,3,5,5,1,2,6,0,0,0,0,0,0,0,0,0,1,0,1,8,0,8,49,6,2,0,0,2,1,4,41,3,31,4,4,0,0,53,1,0,1,2,0,1,0,0,0,0,0,0,0,37;38;53;29,,,157,0,0,2,2,0,0,1,0,0,0,0,0,4,0,53,164,1,0,0,0,2,2,84,0,80
2015,10,NYJ,REG,2015_10_BUF_NYJ,BUF,15,34,193,2,2,1,-3,0,0,402,97,9,-7.66979570116602,-14.3023189376382,0,8,6,4,0,24,128,0,1,1,6,-5.96662575495429,0,4,3,1,0,15,34,193,2,0,0,402,97,9,-6.78440986934804,0,8,6,4,0,0,40,0,30,5,36,0,4,26,9,0,0,1,0,0,0,0,0,0,0,0,0,0,0,0,0,0,3,20,3,2,0,0,2,2,4,14,3,47,1,1,0,0,29,1,0,1,0,0,0,0,0,0,0,0,0,0,29,,,29,0,0,2,2,0,0,1,0,0,0,0,0,5,0,68,258,1,0,1,0,1,3,13,0,245
2015,10,PHI,REG,2015_10_MIA_PHI,MIA,33,48,392,1,1,4,-39,2,0,306,220,15,0.597967060420718,4.01282707850138,0,14,8,6,2,35,83,1,0,0,10,-4.91565611455008,0,3,2,0,0,33,48,392,1,0,0,306,220,15,7.00915248537023,0,14,8,6,2,0,42,0,18,5,16,1,4,27,9,0,0,6,0,0,1,0,0,0,0,0,0,3,-20,0,0,0,7,54,5,2,1,0,3,0,7,57,2,51,1,2,1,0,37,0.5,0,0,1,0,0,0,0,0,1,0,0,0,37,32,,37,32,0,2,2,0,0,1,0,0,0,0,0,6,1,52,254,3,0,2,1,0,3,9,0,225
2015,10,PIT,REG,2015_10_CLE_PIT,CLE,25,37,402,3,1,1,-3,0,0,349,188,13,12.6646757133265,6.23633144675074,1,13,8,7,3,21,60,0,1,0,4,-8.99559817515547,0,2,1,0,0,25,37,402,3,1,1,349,188,13,9.61773404276646,1,13,8,7,3,0,48,7,11,9,51,1,5,37,8,1,9,3,0,1,0,0,0,0,0,0,0,2,0,2,3,0,5,50,3,2,1,0,3,1,1,0,0,0,3,3,0,0,34,1,0,2,1,0,0,0,0,0,0,0,0,0,24;34;25,,,83,0,0,1,2,1,0,0.5,0,0,0,0,0,1,0,42,42,0,0,1,0,0,0,0,0,42
2015,10,SEA,REG,2015_10_ARI_SEA,ARI,14,32,240,1,1,2,-12,1,0,338,92,7,-7.50764976996259,-7.62379842775839,0,8,5,5,1,18,115,2,1,0,9,5.9072248233133,0,5,3,1,0,14,27,240,1,0,0,338,92,7,-0.505759062667203,0,8,5,5,1,0,46,0,42,3,17,2,3,29,13,1,0,5,0,0,0,0,0,0,0,0,0,1,0,2,26,1,14,131,5,1,1,1,2,0,1,0,5,104,2,2,0,0,46,1,0,0,1,1,0,0,0,0,0,0,0,0,31;46,,,77,0,0,2,2,0,0,1,0,0,0,0,0,5,0,57,204,2,1,0,0,1,3,29,0,175
2015,10,TB,REG,2015_10_DAL_TB,DAL,22,39,264,0,2,2,-18,0,0,427,103,14,-4.54248349938097,-0.621307209918374,0,12,7,4,0,26,84,1,0,0,5,0.171391778159887,0,1,1,0,0,22,38,264,0,0,0,427,103,14,-0.984748350621877,0,12,7,4,0,0,35,13,15,5,23,1,3,12,4,1,0,2,0,1,0,0,0,0,0,0,0,1,0,0,0,0,7,62,3,0,1,0,1,0,1,3,0,0,1,2,1,0,52,0.5,0,0,0,0,1,0,0,0,0,1,0,0,52,46,,52,46,0,1,1,0,0,1,0,0,0,0,0,4,0,49,167,1,0,1,0,0,3,23,0,144
2015,10,TEN,REG,2015_10_CAR_TEN,CAR,16,24,185,0,1,1,-7,0,0,214,91,8,2.15621375463716,4.38969048360984,0,9,5,2,0,21,64,1,2,0,3,-6.02855834865477,0,2,1,1,0,16,24,185,0,1,1,214,91,8,1.11636526623088,0,9,5,2,0,0,48,0,20,9,35,0,5,33,7,0,0,0,0,0,0,0,0,0,0,0,0,2,-10,0,0,0,4,30,4,1,2,0,3,1,0,0,5,86,1,1,0,0,45,1,0,0,0,1,0,0,0,0,0,0,0,0,45,,,45,0,0,1,1,0,0,1,0,0,0,0,0,5,0,56,259,0,1,0,0,0,4,61,0,198
2015,10,WAS,REG,2015_10_NO_WAS,NO,20,25,324,4,0,3,-23,0,0,135,261,12,17.2828454628003,14.4759654402733,0,10,7,6,2,31,209,0,1,0,9,4.49408596234953,0,6,6,3,0,20,25,324,4,0,0,135,261,12,20.6220786943489,0,10,7,6,2,0,28,5,35,4,13,1,2,17,5,2,35,4,1,1,0,0,0,0,0,0,0,3,4,0,0,0,5,26,4,1,2,0,3,0,4,26,2,29,4,4,0,0,40,1,0,2,1,1,0,0,0,0,0,0,0,0,35;23;40;22,,,120,0,0,5,5,0,0,1,0,0,0,0,0,2,0,56,87,1,0,0,0,1,1,10,0,77
2015,11,ARI,REG,2015_11_CIN_ARI,CIN,20,31,317,4,2,2,-16,1,0,334,118,15,11.9216368663427,2.78749783833822,0,13,9,4,1,25,82,0,0,0,2,-2.91605411274941,0,0,0,0,0,20,30,317,4,1,0,334,118,15,15.8469381872518,0,13,9,4,1,0,45,4,8,5,37,1,4,37,7,0,0,4,0,0,0,0,0,0,0,0,0,2,0,1,0,0,7,40,3,2,0,0,2,0,3,23,3,82,2,2,0,0,32,1,0,1,1,0,0,0,0,0,0,0,0,0,24;32,,,56,0,0,4,4,0,0,1,1,1,0,0,32,4,0,55,185,3,0,0,0,2,2,5,0,180
2015,11,ATL,REG,2015_11_IND_ATL,IND,25,46,280,3,3,1,-5,0,0,486,60,15,-3.71468320156939,-9.61217601662097,0,12,6,3,0,24,100,0,1,1,3,-9.54256283922587,0,2,1,1,0,25,46,280,3,0,0,486,60,15,-2.31460223853148,0,12,6,3,0,0,51,2,12,3,12,1,2,11,8,2,24,4,0,0,0,0,0,0,0,0,0,0,0,1,0,0,6,69,3,1,0,0,1,1,1,1,1,26,0,1,1,0,,0,0,0,0,0,0,0,0,0,0,1,0,0,,46,,0,46,0,3,3,0,0,1,0,0,0,0,0,5,0,60,253,3,0,0,0,1,4,17,0,236
2015,11,BAL,REG,2015_11_STL_BAL,LA,27,44,299,1,2,1,-7,0,0,220,237,11,-8.83260223768212,-5.05058231741883,0,11,7,3,1,28,96,0,0,0,5,-7.29986161913653,0,2,2,0,0,27,43,299,1,2,0,220,237,11,-8.18514820517758,0,11,7,3,1,0,32,0,24,2,3,2,1,5,4,0,0,1,0,0,0,0,1,0,0,0,0,1,0,4,0,0,10,137,5,2,0,1,2,0,3,5,2,58,3,5,2,0,47,0.6,0,2,0,1,0,0,0,0,0,0,2,0,25;20;47,51;51,,92,102,0,1,1,0,0,1,1,1,0,0,47,7,0,56,336,2,0,0,0,2,5,12,0,324
2015,11,BUF,REG,2015_11_BUF_NE,NE,20,36,233,0,0,2,-8,1,0,393,65,9,1.34675274608137,-5.37696497307883,0,8,4,2,1,30,94,1,1,0,6,-5.63924016489182,0,2,1,1,0,20,36,233,0,0,0,393,65,9,3.27898282100043,0,8,4,2,1,0,33,0,24,2,8,1,1,6,10,1,4,2,0,2,0,0,0,0,0,0,0,3,0,0,0,0,5,44,4,3,1,0,4,1,4,8,2,30,2,3,1,0,52,0.666666666666667,0,0,1,0,1,0,0,0,0,1,0,0,52;33,48,,85,48,0,1,1,0,0,1,0,0,0,0,0,7,0,59,319,2,0,2,0,2,3,34,0,285
2015,11,CAR,REG,2015_11_WAS_CAR,WAS,21,34,246,5,0,2,-20,0,0,339,77,17,10.4644069029213,3.74723155708874,0,12,5,2,0,39,142,0,1,0,8,-3.08124028801103,0,4,2,0,0,21,34,246,5,0,0,339,77,17,14.3721171505944,0,12,5,2,0,0,35,0,16,6,24,5,5,35,8,1,28,3,0,0,0,0,0,0,0,0,0,1,0,4,0,0,8,66,3,0,1,0,1,0,1,1,2,31,3,3,0,0,48,1,0,1,0,2,0,0,0,0,0,0,0,0,42;48;25,,,115,0,0,5,5,0,0,1,0,0,0,0,0,4,0,56,207,1,0,0,1,1,2,3,0,184
2015,11,CHI,REG,2015_11_DEN_CHI,DEN,18,32,265,0,1,2,-4,1,1,321,84,9,-7.32215780964028,-0.792312016710639,0,9,7,6,1,25,86,1,0,0,5,-2.21191745960084,0,1,1,0,0,18,32,265,0,0,0,321,84,9,-0.634880659474523,0,9,7,6,1,0,56,0,14,5,33,0,5,31,6,0,0,1,0,0,0,0,0,0,0,0,0,0,0,0,0,0,0,0,2,1,0,0,1,1,1,4,2,54,3,3,0,0,46,1,0,0,2,1,0,0,0,0,0,0,0,0,46;37;37,,,120,0,0,0,0,0,0,,0,0,0,0,0,4,0,41,137,2,1,1,0,2,0,0,0,137
2015,11,CIN,REG,2015_11_CIN_ARI,ARI,22,39,315,2,0,4,-37,1,1,446,141,14,9.71631176408723,-4.29374407499264,0,14,6,6,2,28,99,2,1,0,6,-4.27815006213496,0,2,1,0,0,22,39,315,2,0,0,446,141,14,18.7846890570351,0,14,6,6,2,0,46,2,6,3,19,2,2,16,5,2,23,5,0,0,0,0,0,0,0,0,0,3,0,0,0,0,10,108,6,1,3,0,4,1,2,5,2,60,1,1,0,0,43,1,0,0,0,1,0,0,0,0,0,0,0,0,43,,,43,0,0,4,4,0,0,1,0,0,0,0,0,5,0,57,243,0,0,0,0,2,3,23,0,220
2015,11,DAL,REG,2015_11_DAL_MIA,MIA,18,28,227,2,2,2,-7,0,0,266,59,11,3.91144463449971,6.85452036559582,0,12,5,1,0,38,166,0,0,0,10,1.69898938131519,0,6,4,2,0,18,28,227,2,0,0,266,59,11,6.12753427482676,0,12,5,1,0,0,31,0,6,3,34,0,3,48,7,1,12,2,1,0,0,0,0,0,0,0,0,0,0,0,0,0,10,79,5,0,0,0,0,0,2,18,0,0,1,1,0,0,30,1,0,0,1,0,0,0,0,0,0,0,0,0,30,,,30,0,0,3,3,0,0,1,0,0,0,0,0,3,0,54,146,0,1,1,0,0,1,12,0,134
2015,11,DEN,REG,2015_11_DEN_CHI,CHI,20,27,250,2,0,5,-31,0,0,183,154,14,7.29986551678798,8.95060124220671,0,12,4,2,1,36,170,0,0,0,7,-3.06259080261225,0,5,3,0,0,20,27,250,2,0,0,183,154,14,15.2505460569641,0,12,4,2,1,0,43,0,6,2,4,1,2,4,5,1,14,9,0,0,0,0,0,0,0,0,0,0,0,1,-2,0,8,118,4,0,0,0,0,0,0,0,3,45,1,1,0,0,24,1,0,1,0,0,0,0,0,0,0,0,0,0,24,,,24,0,0,2,2,0,0,1,0,0,0,0,0,7,0,46,277,3,0,2,0,4,1,4,0,273
2015,11,DET,REG,2015_11_OAK_DET,LV,22,35,282,0,0,4,-16,0,0,250,173,15,5.98057307305337,-2.66742741360384,0,11,10,5,0,31,109,1,0,0,6,-8.55857523245504,0,2,1,0,0,22,34,282,0,0,0,250,173,15,12.1416225078525,0,11,10,5,0,0,38,1,5,5,19,1,1,5,3,0,0,4,0,0,1,0,0,0,0,0,0,0,0,0,0,0,7,55,2,0,0,0,0,0,3,22,3,80,3,3,0,0,51,1,0,1,0,1,1,0,0,0,0,0,0,0,29;41;51,,,121,0,0,1,1,0,0,1,0,0,0,0,0,5,0,57,238,1,0,1,0,0,4,16,0,222
2015,11,GB,REG,2015_11_GB_MIN,MIN,16,34,212,2,0,2,-16,0,0,330,96,10,8.58168773416471,-10.33365051536,1,9,5,4,0,34,124,0,0,0,6,-4.8406010871473,0,1,1,1,0,16,34,212,2,0,0,330,96,10,10.7262339321249,1,9,5,4,0,0,47,5,7,6,52,1,6,48,11,0,0,3,0,0,0,0,0,0,0,0,0,0,0,1,0,0,4,19,3,0,0,0,0,0,2,9,2,83,5,5,0,0,52,1,0,0,0,4,1,0,0,0,0,0,0,0,42;47;40;42;52,,,223,0,0,1,1,0,0,1,0,0,0,0,0,4,0,50,152,2,2,0,0,1,1,0,0,152
2015,11,HOU,REG,2015_11_NYJ_HOU,NYJ,17,35,250,3,0,1,-9,1,1,397,86,12,2.74002242362958,-11.1062708146432,0,9,7,4,1,37,123,0,0,0,6,-7.55512009450467,0,3,3,0,0,17,34,250,3,0,0,397,86,12,8.18866908312675,0,9,7,4,1,0,37,5,19,7,31,0,3,19,8,2,19,11,0,1,0,0,0,0,0,0,0,1,0,0,0,0,3,54,3,2,0,0,2,1,5,24,0,0,1,1,0,0,20,1,0,1,0,0,0,0,0,0,0,0,0,0,20,,,20,0,0,3,3,0,0,1,0,0,0,0,0,8,0,63,417,1,0,0,2,1,5,39,0,338
2015,11,IND,REG,2015_11_IND_ATL,ATL,23,32,213,2,2,2,-11,0,0,186,147,11,-0.586954089812934,5.19340266473591,0,8,2,2,0,27,74,0,1,1,3,-11.8766347484258,0,1,0,0,0,23,32,213,2,0,0,186,147,11,3.19635761668906,0,8,2,2,0,0,41,5,11,3,7,1,1,5,6,3,8,9,1,0,0,0,0,0,0,0,0,0,0,1,0,0,7,42,1,1,0,0,1,1,4,17,2,70,1,1,0,0,43,1,0,0,0,1,0,0,0,0,0,0,0,0,43,,,43,0,0,3,3,0,0,1,1,1,0,0,43,5,0,60,260,2,0,1,1,2,1,1,0,239
2015,11,JAX,REG,2015_11_TEN_JAX,TEN,21,31,242,1,1,4,-24,0,0,269,97,13,1.46351646897631,4.69867635157801,0,9,5,4,0,23,90,0,1,1,3,-8.16112383429215,0,3,2,0,0,21,31,242,1,0,0,269,97,13,6.95129832486877,0,9,5,4,0,0,52,0,2,8,30,1,4,19,4,0,0,5,0,0,0,0,0,0,0,0,0,0,0,1,0,0,8,88,4,1,0,0,1,1,2,76,0,0,4,4,0,0,36,1,0,1,3,0,0,0,0,0,0,0,0,0,31;32;20;36,,,119,0,0,1,1,0,0,1,0,0,0,0,0,4,0,59,192,3,0,0,0,1,3,15,0,177
2015,11,KC,REG,2015_11_KC_SD,LAC,20,25,253,0,0,3,-21,0,0,148,148,10,4.19131122173088,11.998433470726,0,10,7,5,1,31,153,3,0,0,9,5.5373890879564,0,3,2,2,1,20,25,253,0,0,0,148,148,10,9.37622975481021,0,10,7,5,1,0,36,10,10,4,30,0,3,29,5,1,17,4,1,0,0,0,0,0,0,0,0,0,0,1,0,0,5,35,4,0,0,0,0,0,2,13,0,0,2,2,0,0,28,1,0,2,0,0,0,0,0,0,0,0,0,0,28;24,,,52,0,0,3,4,1,0,0.75,0,0,0,0,0,5,0,43,203,4,0,1,0,3,1,0,0,203
2015,11,LA,REG,2015_11_STL_BAL,BAL,12,26,136,1,0,1,-5,1,1,218,71,6,-5.02693428738942,-16.5175719903066,0,5,4,2,0,29,82,1,3,2,4,-16.2119375975453,0,1,1,0,0,12,26,136,1,0,0,218,71,6,-2.25929753254834,0,5,4,2,0,0,47,0,34,6,18,2,1,7,6,2,29,5,0,1,0,0,0,0,0,0,0,0,-12,0,0,0,6,35,3,2,3,1,5,4,5,12,0,0,0,1,1,0,,0,0,0,0,0,0,0,0,0,0,0,1,0,,52,,0,52,0,1,2,0,1,0.5,0,0,0,0,0,8,0,63,367,4,0,3,1,1,3,5,0,342
2015,11,LAC,REG,2015_11_KC_SD,KC,19,30,178,0,1,3,-29,0,0,278,102,7,-9.84102279273793,-1.86071818073591,0,7,2,1,0,25,52,0,0,0,5,-10.4909861775866,0,1,0,0,0,19,30,178,0,0,0,278,102,7,-4.55771431396715,0,7,2,1,0,0,40,12,14,3,22,0,3,21,5,0,0,0,0,1,0,0,0,0,0,0,0,0,0,0,0,0,6,39,3,0,1,0,1,1,1,0,2,19,1,1,0,0,52,1,0,0,0,0,1,0,0,0,0,0,0,0,52,,,52,0,0,0,0,0,0,,0,0,0,0,0,6,0,57,281,2,0,0,0,4,2,13,0,268
2015,11,LV,REG,2015_11_OAK_DET,DET,13,25,169,0,0,1,-5,0,0,197,75,7,-0.565686945242623,-14.7289302349091,0,7,3,2,1,21,52,1,0,0,4,-3.41219487169292,0,1,1,0,0,13,25,169,0,1,0,197,75,7,0.713724004199912,0,7,3,2,1,0,56,3,5,6,20,0,4,16,5,0,0,8,0,0,0,0,0,0,0,0,0,3,0,0,0,0,6,31,4,1,2,0,3,0,4,16,3,61,2,2,0,0,56,1,0,0,0,1,1,0,0,0,0,0,0,0,48;56,,,104,0,0,1,1,0,0,1,0,0,0,0,0,5,0,66,217,3,0,1,0,1,3,22,0,195
2015,11,MIA,REG,2015_11_DAL_MIA,DAL,13,24,188,2,1,3,-48,0,0,214,78,6,-5.7090649366146,-8.71684888134832,0,7,4,4,1,14,70,0,0,0,2,-1.19239527150057,0,2,2,0,0,13,23,188,2,0,0,214,78,6,-2.67458472994622,0,7,4,4,1,0,48,0,18,7,20,0,2,7,7,2,17,4,0,0,0,0,0,0,0,0,0,1,0,0,0,0,9,74,4,0,1,0,1,0,1,12,3,39,0,0,0,0,,,0,0,0,0,0,0,0,0,0,0,0,0,,,,0,0,0,2,2,0,0,1,0,0,0,0,0,7,0,50,305,5,1,1,1,2,2,18,0,267
2015,11,MIN,REG,2015_11_GB_MIN,GB,25,38,296,1,0,6,-48,0,0,287,174,11,-4.27778724790551,1.84454748759399,0,11,8,2,1,18,94,1,1,1,5,-2.24680248228833,0,5,1,0,0,25,37,296,1,0,0,287,174,11,4.4745492869406,0,11,8,2,1,0,44,8,10,6,25,0,2,16,5,0,0,1,0,0,0,0,0,0,0,0,0,0,0,0,0,0,8,110,4,1,0,0,1,1,1,0,5,141,0,0,0,0,,,0,0,0,0,0,0,0,0,0,0,0,0,,,,0,0,0,1,2,1,0,0.5,0,0,0,0,0,6,0,48,245,1,0,0,1,3,2,9,0,216
2015,11,NE,REG,2015_11_BUF_NE,BUF,20,39,277,1,1,1,-6,0,0,347,158,12,2.92768956861721,-11.4705187317572,0,12,7,5,1,22,85,1,0,0,4,-3.3754327641218,0,1,1,0,0,20,38,277,1,0,0,347,158,12,5.31025463634899,0,12,7,5,1,0,49,0,12,6,25,3,2,8,5,0,0,5,0,0,0,0,0,0,0,0,0,0,0,1,5,0,5,61,4,1,0,1,1,0,3,34,2,10,2,3,1,0,35,0.666666666666667,0,0,2,0,0,0,0,0,0,0,1,0,35;35,54,,70,54,0,2,2,0,0,1,0,0,0,0,0,7,0,52,288,3,1,1,0,1,4,8,0,280
2015,11,NYJ,REG,2015_11_NYJ_HOU,HOU,19,39,216,1,2,3,-19,0,0,466,104,10,-10.2488762725261,-11.847968132068,0,10,7,4,0,21,70,1,1,0,5,-2.36966626068027,0,1,1,1,0,19,39,216,1,0,0,466,104,10,-4.63220144243678,0,10,7,4,0,0,39,6,24,2,4,2,1,9,6,0,0,4,0,0,0,0,0,0,0,0,0,1,-9,1,0,0,7,54,5,0,1,0,1,0,5,39,4,97,1,1,0,0,40,1,0,0,0,1,0,0,0,0,0,0,0,0,40,,,40,0,0,2,2,0,0,1,0,0,0,0,0,8,0,51,364,3,1,0,1,1,5,24,0,320
2015,11,PHI,REG,2015_11_TB_PHI,TB,26,41,261,2,3,3,-14,0,0,187,154,12,-9.23945073471557,-8.14117040576004,0,9,5,3,0,28,136,0,1,1,8,2.69742525671609,0,4,2,0,0,26,41,261,2,0,0,187,154,12,-5.15721236724792,0,9,5,3,0,0,59,0,8,5,19,3,1,8,5,0,0,5,0,0,0,0,0,0,0,0,0,0,0,1,0,0,5,25,4,1,0,0,1,1,2,6,5,112,1,1,0,0,43,1,0,0,0,1,0,0,0,0,0,0,0,0,43,,,43,0,0,2,2,0,0,1,0,0,0,0,0,6,0,51,279,2,0,1,1,1,3,19,0,240
2015,11,SEA,REG,2015_11_SF_SEA,SF,24,29,260,3,0,2,-7,0,0,161,176,14,18.0741167566531,21.3924509507638,0,10,5,4,0,44,255,1,0,0,14,3.54828726284904,0,7,5,3,0,24,27,260,3,0,0,161,176,14,21.1154315332907,0,10,5,4,0,0,30,0,28,4,20,2,2,17,7,0,0,4,0,0,0,0,0,0,0,0,0,0,0,0,0,0,8,51,1,0,0,0,0,0,4,1,0,0,1,1,0,0,33,1,0,0,1,0,0,0,0,0,0,0,0,0,33,,,33,0,0,2,4,1,1,0.5,0,0,0,0,0,4,0,43,154,3,0,1,0,2,1,6,0,148
2015,11,SF,REG,2015_11_SF_SEA,SEA,22,34,264,1,0,2,-17,0,0,340,119,11,2.6742117238946,6.96247843178836,0,11,8,4,0,16,59,0,1,0,3,-2.32545105717145,0,1,0,0,0,22,33,264,1,0,0,340,119,11,7.82606787961141,0,11,8,4,0,0,45,0,40,2,8,0,2,7,7,0,0,0,0,0,0,0,1,0,0,0,0,1,0,0,0,0,5,42,5,2,0,1,2,0,1,6,4,96,2,2,0,0,27,1,0,2,0,0,0,0,0,0,0,0,0,0,27;25,,,52,0,0,1,1,0,0,1,0,0,0,0,0,7,0,52,306,2,0,1,0,2,4,1,0,305
2015,11,TB,REG,2015_11_TB_PHI,PHI,19,29,246,5,0,1,-8,1,0,290,42,16,20.8883067780032,15.7755276986531,0,12,6,4,0,42,283,0,1,0,8,7.4959396168415,0,5,4,3,2,19,28,246,5,0,0,290,42,16,23.572919635181,0,12,6,4,0,0,55,0,16,4,21,1,3,14,7,3,22,5,1,1,0,0,0,0,0,0,0,2,0,1,10,0,9,82,2,3,0,0,3,1,3,19,1,20,1,1,0,0,28,1,0,1,0,0,0,0,0,0,0,0,0,0,28,,,28,0,0,6,6,0,0,1,0,0,0,0,0,4,0,51,179,2,1,0,1,0,2,6,0,153
2015,11,TEN,REG,2015_11_TEN_JAX,JAX,22,35,231,0,0,4,-19,0,0,359,67,13,-0.884791223215831,3.26517350745924,0,8,5,2,0,26,104,1,0,0,4,-2.85220349156784,0,3,3,2,0,22,33,231,0,1,1,359,67,13,0.304237982141825,0,8,5,2,0,0,42,0,8,4,24,1,4,24,6,1,0,3,0,0,0,0,0,0,0,0,0,0,0,1,0,0,6,59,6,1,0,0,1,1,3,15,1,22,2,3,1,0,49,0.666666666666667,0,0,0,2,0,0,0,0,0,0,1,0,47;49,53,,96,53,0,1,1,0,0,1,0,0,0,0,0,5,0,56,226,2,2,0,0,1,2,76,0,150
2015,11,WAS,REG,2015_11_WAS_CAR,CAR,22,30,207,1,1,5,-35,2,2,240,79,8,-9.78048710885923,6.8259851137797,0,6,3,2,1,12,14,0,2,1,1,-9.38114279665751,0,0,0,0,0,22,30,207,1,1,1,240,79,8,-1.20617562055122,0,6,3,2,1,1,43,0,42,5,23,0,2,20,3,0,0,2,0,0,1,0,0,0,0,0,0,1,0,0,0,0,9,68,1,5,0,0,5,4,2,3,5,190,0,0,0,0,,,0,0,0,0,0,0,0,0,0,0,0,0,,,,0,0,0,2,2,0,0,1,0,0,0,0,0,5,0,57,266,3,0,2,0,2,1,1,0,265
2015,12,ARI,REG,2015_12_ARI_SF,SF,24,40,271,0,0,1,-4,0,0,417,66,14,4.90972213118389,1.27970069646835,0,9,4,3,1,29,70,2,0,0,5,-6.36367537430488,0,2,1,0,0,24,40,271,0,0,0,417,66,14,5.92734440716036,0,9,4,3,1,0,38,5,11,4,22,1,2,17,4,1,15,4,0,0,0,0,0,0,0,0,0,0,0,1,0,0,7,47,2,0,0,0,0,0,1,15,2,47,2,2,0,0,41,1,0,1,0,1,0,0,0,0,0,0,0,0,26;41,,,67,0,0,1,2,1,0,0.5,0,0,0,0,0,4,0,58,183,0,0,1,2,0,1,0,0,143
2015,12,ATL,REG,2015_12_MIN_ATL,MIN,22,31,230,1,2,2,-20,1,0,301,43,14,-0.87529075783871,4.12926246081629,0,13,3,2,0,24,116,0,1,1,2,-9.30124160731793,0,2,2,1,1,22,31,230,1,0,0,301,43,14,5.40491467134368,0,13,3,2,0,0,38,9,29,1,1,0,0,0,3,1,0,2,0,0,0,0,0,0,0,0,0,1,0,0,0,0,6,78,4,2,0,0,2,1,2,17,1,44,1,1,0,0,31,1,0,0,1,0,0,0,0,0,0,0,0,0,31,,,31,0,0,1,1,0,0,1,0,0,0,0,0,2,0,53,98,0,0,0,0,0,2,3,0,95
2015,12,BAL,REG,2015_12_BAL_CLE,CLE,20,34,232,2,2,0,0,0,0,239,129,10,2.37615370057504,-3.49009819328785,0,10,3,2,1,23,104,0,0,0,6,-1.30032619526889,0,4,3,1,0,20,34,232,2,0,0,239,81,10,2.37615370057504,0,10,3,2,1,2,45,0,8,4,18,0,2,14,12,0,0,5,0,0,0,0,0,1,0,0,64,0,0,0,0,0,7,50,5,0,0,0,0,0,4,112,3,45,2,2,0,0,49,1,0,0,1,1,0,0,0,0,0,0,0,0,49;35,,,84,0,0,3,3,0,0,1,0,0,0,0,0,4,0,46,171,1,2,0,0,1,1,12,0,159
2015,12,BUF,REG,2015_12_BUF_KC,KC,21,38,291,3,0,1,-5,1,1,417,77,13,10.4312742636158,-3.65115474713476,0,13,5,4,1,28,129,0,2,1,9,-5.71448895608774,0,5,3,0,0,21,38,291,3,0,0,417,77,13,15.6365490092776,0,13,5,4,1,0,48,0,2,3,4,0,1,0,0,0,0,3,0,0,0,0,0,0,0,0,0,1,0,0,0,0,9,91,5,3,1,1,4,2,1,5,7,164,1,1,0,0,27,1,0,1,0,0,0,0,0,0,0,0,0,0,27,,,27,0,0,1,2,1,0,0.5,0,0,0,0,0,3,0,44,119,1,1,0,1,1,0,0,0,99
2015,12,CAR,REG,2015_12_CAR_DAL,DAL,16,27,183,0,0,1,-18,0,0,190,65,8,6.43456902917483,-4.22273300312184,0,8,4,4,0,37,129,1,1,0,9,-1.29729588931373,0,2,0,0,0,16,27,183,0,0,0,190,65,8,8.22724192942501,0,8,4,4,0,0,33,2,14,5,28,0,2,20,5,3,85,5,2,0,0,0,0,0,0,0,0,1,-2,0,0,0,8,53,5,0,1,0,1,0,1,0,1,3,4,5,0,1,50,0.8,0,1,0,2,1,0,0,0,0,0,0,0,49;43;25;50,,43,167,0,43,3,3,0,0,1,0,0,0,0,0,2,0,58,80,1,1,0,0,0,1,8,0,72
2015,12,CHI,REG,2015_12_CHI_GB,GB,19,31,200,1,0,1,-11,0,0,193,117,12,3.8166935209761,-3.00130969093692,0,10,4,3,0,31,101,1,1,0,4,-5.50846519172774,0,2,2,0,0,19,31,200,1,1,0,193,117,12,5.6223337751458,0,10,4,3,0,0,43,7,17,4,29,1,2,14,6,1,2,6,0,0,0,0,0,0,0,0,0,2,-8,1,0,0,12,95,5,1,1,0,2,0,2,7,1,37,1,1,0,0,21,1,0,1,0,0,0,0,0,0,0,0,0,0,21,,,21,0,0,2,2,0,0,1,0,0,0,0,0,8,0,46,323,4,0,4,1,1,2,1,0,302
2015,12,CIN,REG,2015_12_STL_CIN,LA,21,28,236,3,1,0,0,0,0,202,140,12,4.25915631644316,11.895953970296,0,10,4,3,1,31,140,0,0,0,6,-0.125309798691887,0,4,3,1,0,21,28,236,3,1,0,202,140,12,4.25915631644316,0,10,4,3,1,0,46,0,24,5,19,0,1,8,12,3,29,9,1,0,0,0,0,0,0,0,0,1,0,0,0,0,3,35,4,1,0,0,1,0,2,16,0,0,1,1,0,0,21,1,0,1,0,0,0,0,0,0,0,0,0,0,21,,,21,0,0,4,4,0,0,1,0,0,0,0,0,4,0,53,193,1,0,0,0,1,3,22,0,171
2015,12,CLE,REG,2015_12_BAL_CLE,BAL,28,48,289,2,0,2,-14,0,0,412,115,15,3.65358727134708,-1.14724889714667,0,14,6,3,1,18,63,0,0,0,4,-0.271372507862973,0,1,0,0,0,28,48,289,2,0,0,412,115,15,5.94096015335936,0,14,6,3,1,0,42,0,10,4,5,0,0,0,2,2,54,2,1,0,0,0,0,0,0,0,0,0,0,0,0,0,2,15,4,0,0,0,0,0,1,12,2,78,2,3,0,1,31,0.666666666666667,0,1,1,0,0,0,0,0,0,0,0,0,31;21,,51,52,0,51,3,3,0,0,1,0,0,0,0,0,6,0,61,283,1,2,0,0,0,4,112,1,171
2015,12,DAL,REG,2015_12_CAR_DAL,CAR,24,40,199,1,3,2,-20,0,0,312,116,10,-16.6255655953962,-3.24585743640599,1,9,3,2,0,14,31,0,0,0,3,-2.57165782389347,0,0,0,0,0,24,38,199,1,0,0,312,116,10,-13.5396532700349,1,9,3,2,0,0,40,4,26,5,30,0,1,18,2,0,0,5,0,0,0,0,0,1,0,0,35,0,0,0,0,0,5,40,5,0,0,0,0,0,1,8,0,0,2,2,0,0,48,1,0,1,0,1,0,0,0,0,0,0,0,0,21;48,,,69,0,0,0,0,0,0,,0,0,0,0,0,3,0,50,141,0,1,0,0,1,1,0,0,141
2015,12,DEN,REG,2015_12_NE_DEN,NE,23,42,270,1,1,3,-16,0,0,388,100,12,-5.22915163610735,-7.69388214463279,0,11,6,4,0,32,179,3,1,0,9,6.59372990540578,0,4,4,1,1,23,42,270,1,0,0,388,100,12,-0.271970151319621,0,11,6,4,0,0,37,0,10,3,12,0,3,18,9,0,0,6,0,1,0,0,0,0,0,0,0,2,0,1,0,0,6,46,6,1,1,0,2,0,4,24,2,46,1,2,1,0,21,0.5,0,1,0,0,0,0,0,0,0,1,0,0,21,47,,21,47,0,3,3,0,0,1,0,0,0,0,0,8,0,59,347,0,0,3,1,0,4,21,0,306
2015,12,DET,REG,2015_12_PHI_DET,PHI,27,38,337,5,0,2,-15,0,0,284,192,22,22.6246074577198,4.11166933022047,0,15,8,4,0,30,108,1,0,0,6,-2.41931810078677,0,2,1,1,0,27,38,337,5,0,0,284,192,22,25.7669418674182,0,15,8,4,0,0,41,0,16,10,36,1,6,40,9,0,0,4,0,0,0,0,0,0,0,0,0,0,0,1,1,0,4,29,1,0,0,0,0,0,4,10,1,25,1,1,0,0,48,1,0,0,0,1,0,0,0,0,0,0,0,0,48,,,48,0,0,6,6,0,0,1,0,0,0,0,0,4,0,47,184,0,0,0,0,2,2,3,0,181
2015,12,GB,REG,2015_12_CHI_GB,CHI,22,43,202,1,1,2,-14,0,0,271,144,9,-14.3747084276713,-14.5001306090244,0,9,4,3,0,28,177,0,1,1,9,-1.44515928399051,0,5,3,1,0,22,43,202,1,0,0,271,144,9,-10.1201175698973,0,9,4,3,0,0,42,3,19,5,30,1,1,11,4,0,0,3,0,1,0,0,0,0,0,0,0,2,-14,0,0,0,3,38,6,1,2,0,3,1,2,1,3,82,2,2,0,0,50,1,0,1,0,0,1,0,0,0,0,0,0,0,22;50,,,72,0,0,1,1,0,0,1,0,0,0,0,0,5,0,45,178,2,2,0,0,1,2,7,0,171
2015,12,HOU,REG,2015_12_NO_HOU,NO,21,27,205,2,1,1,-10,0,0,175,108,11,3.98682502398063,9.08671451939477,0,6,3,3,0,38,167,1,1,0,9,0.813087182352319,0,5,4,0,0,21,27,205,2,0,0,175,108,11,5.6858384946527,0,6,3,3,0,0,28,7,19,6,16,0,2,10,9,1,50,4,0,0,0,0,0,0,0,0,0,2,0,0,0,0,6,40,1,2,0,0,2,0,4,31,2,52,1,1,0,0,34,1,0,0,1,0,0,0,0,0,0,0,0,0,34,,,34,0,0,3,3,0,0,1,0,0,0,0,0,4,0,51,189,0,0,0,3,0,1,12,0,117
2015,12,IND,REG,2015_12_TB_IND,TB,26,42,315,2,0,3,-6,0,0,300,108,18,10.0527990140824,4.02574768433204,0,12,8,4,0,26,27,0,0,0,2,-9.18679228043766,0,0,0,0,0,26,39,315,2,1,0,300,108,18,15.4975724393851,0,12,8,4,0,0,37,0,16,4,25,0,5,33,12,1,1,4,0,0,0,0,0,0,0,0,0,0,0,0,0,0,6,45,5,1,0,1,1,0,1,20,4,84,4,4,0,0,49,1,0,2,0,2,0,0,0,0,0,0,0,0,49;27;26;44,,,146,0,0,1,2,1,0,0.5,0,0,0,0,0,3,0,57,156,2,0,1,0,1,1,7,0,149
2015,12,JAX,REG,2015_12_SD_JAX,LAC,30,49,329,2,1,2,-11,0,0,352,196,15,0.983454578279557,-3.46457581130826,0,11,7,6,0,19,102,0,0,0,4,-2.52047393161227,0,4,2,1,0,30,49,329,2,0,0,352,196,15,1.9377079880359,0,11,7,6,0,0,48,0,2,6,24,0,2,10,4,0,0,2,0,0,0,1,0,0,0,0,0,0,0,0,0,0,6,35,4,0,0,0,0,0,3,28,0,0,4,4,0,0,51,1,0,3,0,0,1,0,0,0,0,0,0,0,22;51;27;28,,,128,0,0,1,2,1,0,0.5,0,0,0,0,0,3,0,51,124,1,0,0,0,1,2,33,0,91
2015,12,KC,REG,2015_12_BUF_KC,BUF,19,30,255,2,0,1,0,0,0,286,82,11,7.71139723512434,6.50103754467434,0,9,5,4,1,27,158,1,0,0,8,3.97251982607363,0,5,3,1,0,19,27,255,2,0,0,286,82,11,9.82246138823658,0,9,5,4,1,0,51,0,6,2,5,3,1,5,4,0,0,6,0,0,0,0,0,0,0,0,0,0,0,2,0,0,8,58,3,0,0,0,0,0,0,0,4,106,3,4,1,0,49,0.75,0,0,2,1,0,0,0,0,0,0,1,0,49;38;37,54,,124,54,0,3,3,0,0,1,0,0,0,0,0,3,0,41,117,0,0,2,0,0,1,5,0,112
2015,12,LA,REG,2015_12_STL_CIN,CIN,36,53,259,0,3,1,-8,0,0,255,177,14,-14.8604122070246,1.06634851896538,0,12,3,1,0,17,94,1,0,0,3,-1.04082444217056,0,1,1,1,1,36,53,259,0,0,0,255,177,14,-13.4554041359224,0,12,3,1,0,0,38,0,30,1,1,1,0,0,0,1,0,4,0,0,0,0,0,0,0,0,0,0,0,0,0,0,7,45,4,0,0,0,0,0,3,22,2,46,0,0,0,0,,,0,0,0,0,0,0,0,0,0,0,0,0,,,,0,0,0,1,1,0,0,1,0,0,0,0,0,5,0,56,225,1,0,1,1,1,2,16,0,189
2015,12,LAC,REG,2015_12_SD_JAX,JAX,29,43,300,4,0,2,-10,0,0,289,143,19,11.9145351266693,5.87515241877977,0,13,8,4,0,26,79,0,0,0,4,-1.69788124464685,0,2,1,0,0,29,43,300,4,0,0,289,143,19,14.6203372758086,0,13,8,4,0,0,41,0,8,3,12,0,2,11,2,1,11,8,0,0,0,0,0,0,0,0,0,0,0,0,0,0,8,70,4,0,0,0,0,0,2,33,1,13,1,1,0,0,28,1,0,1,0,0,0,0,0,0,0,0,0,0,28,,,28,0,0,4,4,0,0,1,0,0,0,0,0,5,1,54,247,1,0,0,0,2,3,28,0,219
2015,12,LV,REG,2015_12_OAK_TEN,TEN,24,38,330,3,0,1,-7,0,0,383,80,15,13.6733685288345,3.30986168823744,0,13,9,5,1,30,84,0,1,1,6,-9.77982750081585,0,1,0,0,0,24,38,330,3,0,0,383,80,15,15.1961610711878,0,13,9,5,1,0,31,0,12,4,18,0,2,13,4,2,7,12,0,0,0,0,1,0,1,0,0,1,-4,0,0,0,11,94,3,1,2,0,3,2,4,49,4,91,1,1,0,0,24,1,0,1,0,0,0,0,0,0,0,0,0,0,24,,,24,0,0,3,3,0,0,1,0,0,0,0,0,4,0,59,169,3,0,2,0,1,1,5,0,164
2015,12,MIA,REG,2015_12_MIA_NYJ,NYJ,33,58,351,3,1,3,-30,1,1,492,177,19,-0.545475433580577,-4.93599836682451,0,18,5,4,1,9,12,0,0,0,0,-4.32888336401084,0,0,0,0,0,33,58,351,3,0,0,492,177,19,7.92550310364459,0,18,5,4,1,0,47,0,26,5,15,0,1,3,5,0,0,6,0,0,0,0,0,0,0,0,0,3,0,0,0,0,6,45,5,1,3,0,4,1,4,47,4,92,0,0,0,0,,,0,0,0,0,0,0,0,0,0,0,0,0,,,,0,0,0,2,3,1,0,0.666666666666667,0,0,0,0,0,8,0,55,360,2,0,1,0,1,6,96,0,264
2015,12,MIN,REG,2015_12_MIN_ATL,ATL,20,28,174,0,1,0,0,0,0,118,133,10,0.902852775464038,1.95519239814193,0,6,3,1,0,39,191,2,0,0,11,4.43173047381805,0,8,3,1,0,20,27,174,0,0,0,118,133,10,2.34479768032228,0,6,3,1,0,0,42,1,11,4,18,2,2,20,5,2,-2,6,0,0,0,0,0,0,0,0,0,0,0,1,0,0,9,53,4,0,0,0,0,0,2,3,0,0,2,3,1,0,39,0.666666666666667,0,1,1,0,0,0,0,0,0,0,1,0,29;39,51,,68,51,0,2,2,0,0,1,0,0,0,0,0,2,0,52,95,1,0,0,0,0,2,17,0,78
2015,12,NE,REG,2015_12_NE_DEN,DEN,23,42,280,3,0,3,-18,0,0,459,110,13,3.66878360462834,-5.24857267737389,0,10,5,4,1,16,39,0,0,0,1,-5.93051006476162,0,0,0,0,0,23,42,280,3,0,0,459,110,13,5.45450061349657,0,10,5,4,1,0,56,0,12,6,22,1,3,16,7,1,0,12,0,1,0,0,0,0,0,0,0,0,0,0,0,0,5,47,3,0,1,0,1,1,4,21,0,0,1,1,0,0,47,1,0,0,0,1,0,0,0,0,0,0,0,0,47,,,47,0,0,3,3,0,0,1,0,0,0,0,0,10,0,58,450,5,4,1,1,0,4,24,0,406
2015,12,NO,REG,2015_12_NO_HOU,HOU,25,44,228,0,1,2,-10,0,0,287,119,11,-16.2614241012044,-7.03261758005896,0,10,5,2,0,10,50,0,0,0,2,-0.615627837949432,0,2,2,1,0,25,43,228,0,0,0,287,119,11,-12.5709481532823,0,10,5,2,0,0,38,10,38,4,16,2,1,10,4,1,24,2,0,0,0,0,0,0,0,0,0,1,0,0,0,0,10,82,6,0,1,0,1,0,1,12,2,40,2,2,0,0,57,1,0,0,1,0,1,0,0,0,0,0,0,0,30;57,,,87,0,0,0,0,0,0,,0,0,0,0,0,6,0,53,281,2,2,0,0,0,4,31,0,250
2015,12,NYG,REG,2015_12_NYG_WAS,WAS,26,51,321,2,3,3,-22,0,0,513,115,14,-4.80563727024128,-8.94496125333449,0,10,7,5,1,13,33,0,0,0,1,-2.82434308435768,0,0,0,0,0,26,51,321,2,0,0,513,115,14,1.45268742527696,0,11,7,5,1,0,41,11,29,5,6,0,0,0,3,0,0,4,0,1,0,0,0,1,0,0,0,2,0,0,0,0,4,35,6,0,3,1,3,0,4,14,1,19,0,0,0,0,,,0,0,0,0,0,0,0,0,0,0,0,0,,,,0,0,0,2,2,0,0,1,0,0,0,0,0,7,0,61,353,3,0,2,2,0,3,26,0,287
2015,12,NYJ,REG,2015_12_MIA_NYJ,MIA,22,37,277,4,0,1,-3,0,0,359,83,13,14.527886373311,1.90477214149527,0,13,9,3,1,34,137,1,1,0,10,-1.83383643073577,0,5,4,1,0,22,37,277,4,0,0,359,83,13,16.2154734510405,0,13,9,3,1,0,35,0,22,4,28,1,3,30,9,1,21,11,0,0,0,0,0,0,0,0,0,1,0,1,0,0,6,40,4,0,1,0,1,0,6,96,1,11,1,1,0,0,41,1,0,0,0,1,0,0,0,0,0,0,0,0,41,,,41,0,0,5,5,0,0,1,0,0,0,0,0,5,0,57,234,1,1,0,0,0,4,47,0,187
2015,12,PHI,REG,2015_12_PHI_DET,DET,19,27,199,2,0,6,-40,1,1,206,78,9,-2.25696501948431,2.92325262670164,0,8,4,3,1,25,68,0,0,0,4,-6.6642806250602,0,2,2,0,0,19,27,199,2,0,0,206,78,9,11.735749884648,0,8,4,3,1,0,50,1,15,6,26,0,2,15,3,0,0,3,0,0,0,0,0,0,0,0,0,0,0,0,0,0,2,30,1,1,0,0,1,1,2,3,0,0,0,1,1,0,,0,0,0,0,0,0,0,0,0,0,0,1,0,,50,,0,50,0,2,2,0,0,1,0,0,0,0,0,6,0,60,288,2,0,1,0,1,4,10,0,278
2015,12,PIT,REG,2015_12_PIT_SEA,SEA,37,59,490,1,4,2,-10,0,0,672,193,18,2.56541723866451,1.63807645440102,1,17,8,5,3,14,58,2,1,0,6,4.45556676132711,0,1,0,0,0,37,58,490,1,0,0,672,193,18,5.93283869422942,1,17,8,5,3,0,42,0,20,5,16,1,2,9,5,0,0,1,0,0,0,0,1,0,0,0,0,1,0,0,0,0,6,65,5,1,0,0,1,0,2,17,4,118,3,3,0,0,44,1,0,2,0,1,0,0,0,0,0,0,0,0,44;25;22,,,91,0,0,1,1,0,0,1,0,0,0,0,0,2,0,43,79,1,0,0,0,2,0,0,0,79
2015,12,SEA,REG,2015_12_PIT_SEA,PIT,21,30,345,5,0,2,-9,0,0,237,169,15,20.3358561990755,11.4510671845798,0,14,9,5,1,27,100,1,1,0,5,-4.60674936628481,0,3,1,0,0,21,29,345,5,1,0,237,169,15,23.7643539736602,0,14,9,5,1,0,39,0,32,3,12,1,2,10,4,4,82,11,0,0,0,0,0,0,0,0,0,1,-3,0,0,0,8,76,0,1,1,1,2,0,0,0,5,148,0,0,0,0,,,0,0,0,0,0,0,0,0,0,0,0,0,,,,0,0,0,3,4,0,1,0.75,0,0,0,0,0,6,0,63,255,3,0,2,1,1,2,17,0,218
2015,12,SF,REG,2015_12_ARI_SF,ARI,25,36,318,1,1,2,-17,0,0,291,176,14,1.42658141556357,1.81054481201702,0,15,6,3,2,17,67,0,0,0,3,-1.51937343162717,0,3,2,0,0,25,36,318,1,1,0,291,176,14,6.53294228650092,0,15,6,3,2,0,48,5,9,5,9,0,1,4,9,0,0,6,0,1,0,0,0,0,0,0,0,0,0,0,0,0,13,81,5,1,1,1,2,1,1,0,4,85,2,2,0,0,53,1,0,0,1,0,1,0,0,0,0,0,0,0,53;33,,,86,0,0,1,1,0,0,1,0,0,0,0,0,4,0,46,166,2,0,1,0,2,1,15,0,151
2015,12,TB,REG,2015_12_TB_IND,IND,20,36,245,1,1,5,-33,0,0,485,73,14,1.15834261681465,0.844206288456917,0,12,7,4,0,21,132,0,0,0,5,1.44078602344962,0,2,2,1,1,20,36,245,1,0,0,485,73,14,6.8060764818294,0,12,7,4,0,0,45,0,18,7,16,1,3,6,11,0,0,5,0,0,0,0,0,0,0,0,0,0,0,0,0,0,12,95,4,0,0,0,0,0,1,7,0,0,2,3,1,0,38,0.666666666666667,0,0,2,0,0,0,0,0,0,0,1,0,38;30,54,,68,54,0,0,1,1,0,0,0,0,0,0,0,3,0,54,142,0,0,0,0,2,1,20,0,122
2015,12,TEN,REG,2015_12_OAK_TEN,LV,17,37,218,3,2,2,-13,0,0,405,52,10,-7.40209913814021,-13.6127863493231,1,9,5,4,0,18,44,0,0,0,3,-2.63208669790765,0,1,0,0,0,17,36,218,3,0,0,405,52,10,-3.65810205352306,1,9,5,4,0,0,41,0,32,5,14,1,1,7,3,0,0,5,0,0,0,0,0,0,0,0,0,0,0,2,0,0,4,25,4,0,0,0,0,0,1,5,1,31,0,0,0,0,,,0,0,0,0,0,0,0,0,0,0,0,0,,,,0,0,0,1,2,0,1,0.5,0,0,0,0,0,6,0,60,287,1,0,1,0,1,4,49,0,238
2015,12,WAS,REG,2015_12_NYG_WAS,NYG,20,29,302,1,0,0,0,0,0,292,170,12,10.6387741549431,5.51469346572613,0,10,7,5,2,37,105,1,1,0,5,-8.46135852374568,0,1,1,0,0,20,29,302,1,0,0,292,170,12,10.6387741549431,0,10,7,5,2,0,28,6,24,5,27,0,3,22,9,3,13,13,0,0,0,0,0,0,0,0,0,1,-2,0,0,0,7,80,3,0,1,0,1,0,3,26,3,58,2,3,0,1,41,0.666666666666667,0,0,1,1,0,0,0,0,0,0,0,0,41;33,,51,74,0,51,2,2,0,0,1,0,0,0,0,0,6,0,60,228,3,0,1,0,1,4,14,0,214
2015,13,ARI,REG,2015_13_ARI_STL,LA,27,41,362,2,0,2,-13,0,0,409,137,18,15.2995488726272,6.28496769815683,0,16,7,6,1,36,175,1,1,0,8,-1.25400691130199,0,6,5,2,0,27,40,362,2,0,0,409,137,18,19.4522183568887,0,16,7,6,1,0,33,0,8,2,6,1,0,0,8,1,-7,5,0,0,0,0,0,0,0,0,0,0,0,0,0,0,3,25,4,1,0,1,1,0,3,30,1,0,2,2,0,0,33,1,0,1,1,0,0,0,0,0,0,0,0,0,33;29,,,62,0,0,3,3,0,0,1,0,0,0,0,0,6,0,57,261,2,0,0,1,1,4,43,0,198
2015,13,ATL,REG,2015_13_ATL_TB,TB,30,45,269,1,1,3,-14,1,0,326,119,14,-1.48275197096273,2.26432122290134,0,10,4,3,0,18,64,0,0,0,6,2.27491551020648,0,3,1,0,0,30,44,269,1,0,0,326,119,14,4.36013390990794,0,10,4,3,0,0,48,2,12,3,11,1,1,5,5,1,0,3,0,0,0,0,0,0,0,0,0,1,0,1,0,0,7,58,5,1,0,0,1,0,1,3,2,47,4,4,0,0,52,1,0,2,0,1,1,0,0,0,0,0,0,0,28;47;52;29,,,156,0,0,1,1,0,0,1,0,0,0,0,0,4,0,61,193,0,1,0,1,0,2,41,0,132
2015,13,BAL,REG,2015_13_BAL_MIA,MIA,32,46,308,1,2,3,-27,0,0,315,132,18,-7.06204630598797,4.66561814149221,0,12,5,4,1,26,94,0,0,0,4,-5.2773398217978,0,1,1,0,0,32,46,308,1,0,0,315,132,18,-0.599865698501457,0,12,5,4,1,0,37,1,5,4,7,1,1,4,5,0,0,1,0,0,0,0,0,0,0,0,0,0,0,1,0,0,5,36,5,0,0,0,0,0,5,47,1,23,2,3,1,0,38,0.666666666666667,0,0,2,0,0,0,0,0,0,0,1,0,38;31,55,,69,55,0,1,1,0,0,1,0,0,0,0,0,5,0,59,200,2,0,0,1,2,2,15,0,165
2015,13,BUF,REG,2015_13_HOU_BUF,HOU,11,21,211,3,0,1,-8,0,0,326,61,7,6.47387191568483,-1.35472871008373,0,6,4,3,3,36,187,1,0,0,8,3.68803096362283,0,3,3,3,0,11,21,211,3,0,0,326,61,7,8.06968206757662,0,6,4,3,3,0,36,11,15,2,18,0,2,18,7,1,0,7,0,0,0,0,0,0,0,0,0,0,0,0,0,0,5,42,4,0,0,0,0,0,2,16,4,84,1,2,1,0,36,0.5,0,0,1,0,0,0,0,0,0,0,1,0,36,50,,36,50,0,3,4,1,0,0.75,0,0,0,0,0,6,0,64,272,2,1,2,0,3,0,0,0,272
2015,13,CAR,REG,2015_13_CAR_NO,NO,28,41,331,5,1,1,-9,0,0,471,104,18,20.073671716149,6.80826477706432,0,16,5,3,1,34,175,1,1,1,9,-4.32259554247139,0,6,3,3,0,28,41,331,5,1,1,471,104,18,16.5084528259467,0,16,5,3,1,0,39,0,4,4,22,1,2,18,7,1,0,4,0,0,0,0,0,0,0,0,0,0,0,0,0,0,8,87,2,2,0,0,2,2,0,0,2,47,0,0,0,0,,,0,0,0,0,0,0,0,0,0,0,0,0,,,,0,0,0,5,6,0,1,0.833333333333333,0,0,0,0,0,3,0,45,114,1,0,0,0,1,2,7,0,107
2015,13,CHI,REG,2015_13_SF_CHI,SF,18,31,202,0,1,1,-8,0,0,307,96,8,-8.84644913107713,-6.02212471346701,0,7,4,3,0,42,170,2,0,0,12,0.639215477432769,0,4,3,0,0,18,31,202,0,1,0,307,96,8,-6.84298066042919,0,7,4,3,0,0,47,0,2,4,23,0,4,26,7,0,0,4,0,0,0,0,1,0,0,0,0,1,0,0,0,0,8,72,4,0,1,0,1,0,6,72,2,92,2,4,2,0,51,0.5,0,0,0,1,1,0,0,0,1,1,0,0,40;51,40;36,,91,76,0,2,2,0,0,1,0,0,0,0,0,6,0,54,257,3,0,1,0,2,3,0,0,257
2015,13,CIN,REG,2015_13_CIN_CLE,CLE,16,22,239,2,0,1,-6,0,0,175,99,9,12.1796381259595,11.4821943369779,0,8,6,5,1,33,144,2,0,0,9,5.86178804872166,0,4,3,0,0,16,22,239,2,0,0,175,99,9,13.5281230666386,0,8,6,5,1,0,49,0,6,7,37,1,3,25,10,1,31,3,0,0,0,0,0,1,0,0,0,0,0,1,0,0,5,55,3,0,0,0,0,0,2,18,1,20,3,3,0,0,44,1,0,1,0,2,0,0,0,0,0,0,0,0,44;40;20,,,104,0,0,4,4,0,0,1,0,0,0,0,0,1,0,27,27,0,0,1,0,0,0,0,0,27
2015,13,CLE,REG,2015_13_CIN_CLE,CIN,25,38,230,0,1,3,-25,0,0,301,94,10,-12.4115989697704,4.24087759521272,0,10,4,1,0,19,68,0,1,1,5,-7.31627359049162,0,2,2,1,0,25,36,230,0,0,0,301,94,10,-0.227191587149005,0,10,4,1,0,0,42,0,16,4,12,0,1,6,1,0,0,1,0,0,0,0,0,0,0,0,0,0,0,0,0,0,7,84,3,1,0,0,1,1,0,0,5,112,1,2,0,1,47,0.5,0,0,0,1,0,0,0,0,0,0,0,0,47,,47,47,0,47,0,0,0,0,,0,0,0,0,0,3,0,45,119,1,1,0,0,0,2,18,0,101
2015,13,DAL,REG,2015_13_DAL_WAS,WAS,16,29,223,0,0,1,-2,0,0,264,69,9,4.10676759063401,-8.62132981419563,0,8,4,3,1,24,97,1,3,2,5,-11.8862933099098,0,2,2,1,0,16,28,223,0,1,1,264,69,9,0.557550440902303,0,8,4,3,1,0,37,5,37,6,29,2,3,26,6,0,0,1,0,0,0,0,0,0,0,0,0,1,0,1,0,0,8,70,2,4,0,0,4,3,3,31,2,70,4,4,0,0,54,1,0,1,2,0,1,0,0,0,0,0,0,0,38;34;20;54,,,146,0,0,1,1,0,0,1,1,1,0,0,54,4,0,50,166,2,0,0,0,2,2,0,0,166
2015,13,DEN,REG,2015_13_DEN_SD,LAC,16,26,166,1,1,1,-7,0,0,255,96,8,-1.63181191702833,1.31394908978389,0,7,3,2,0,39,134,0,0,0,9,-5.33034841343761,0,4,2,1,0,16,26,166,1,0,0,255,96,8,0.101953761451934,0,7,3,2,0,0,39,8,8,5,29,4,4,23,12,1,25,6,1,0,0,0,0,0,0,0,0,0,0,2,0,0,3,18,5,0,0,0,0,0,1,21,1,33,1,2,1,0,23,0.5,0,1,0,0,0,0,0,0,0,0,1,0,23,52,,23,52,0,2,2,0,0,1,0,0,0,0,0,5,0,47,183,2,1,1,1,1,1,4,0,159
2015,13,DET,REG,2015_13_GB_DET,GB,23,35,220,2,0,3,-15,1,1,268,142,11,-4.13847740081584,0.203232554828419,0,8,4,2,0,25,101,0,0,0,6,-2.34344289934961,0,4,3,1,0,23,34,220,2,0,0,268,142,11,6.10798354068792,0,8,4,2,0,0,48,1,9,11,43,3,3,27,13,1,24,5,0,0,0,0,0,0,0,0,0,0,0,0,0,0,9,108,3,1,0,0,1,1,1,0,2,51,3,3,0,0,51,1,0,0,1,1,1,0,0,0,0,0,0,0,51;34;42,,,127,0,0,2,2,0,0,1,0,0,0,0,0,6,0,56,274,2,0,1,0,5,0,0,0,274
2015,13,GB,REG,2015_13_GB_DET,DET,24,36,273,2,1,3,-27,1,0,399,126,11,1.61032808426466,7.3952859214374,0,9,7,4,1,24,67,1,2,0,5,-3.18504330511484,0,3,2,0,0,24,35,273,2,0,0,399,126,11,9.16198027640348,0,10,8,4,1,0,44,0,18,8,20,1,3,15,6,0,0,2,0,0,0,0,0,0,0,0,0,3,0,1,0,1,7,55,6,3,0,0,3,0,0,0,3,61,0,1,1,0,,0,0,0,0,0,0,0,0,0,0,1,0,0,,41,,0,41,0,3,3,0,0,1,0,0,0,0,0,6,0,62,286,1,2,0,1,2,1,0,0,266
2015,13,HOU,REG,2015_13_HOU_BUF,BUF,26,43,293,3,1,2,-18,0,0,507,104,14,2.70642896756181,2.14149078657461,0,14,5,3,0,26,126,0,0,0,6,3.62954167542933,1,3,3,1,0,26,43,293,3,0,0,507,104,14,5.77368259351351,0,14,5,3,0,0,38,10,12,2,9,0,1,8,3,0,0,4,0,0,0,0,0,0,0,0,0,0,0,0,0,0,10,89,4,0,0,0,0,0,0,0,1,21,0,0,0,0,,,0,0,0,0,0,0,0,0,0,0,0,0,,,,0,0,0,1,2,1,0,0.5,0,0,0,0,0,7,0,57,285,4,0,3,0,2,2,16,0,269
2015,13,IND,REG,2015_13_IND_PIT,PIT,20,34,220,1,2,5,-34,1,1,214,134,11,-12.650122493098,-5.95203629311393,0,6,5,3,0,18,54,0,0,0,0,-5.95825183430135,0,1,1,0,0,20,34,220,1,0,0,214,134,11,-2.11028854933102,0,6,5,3,0,0,50,4,8,3,6,3,0,0,1,0,0,4,0,0,0,0,0,0,0,0,0,0,0,2,2,0,5,30,2,1,0,0,1,1,0,0,6,125,1,1,0,0,35,1,0,0,1,0,0,0,0,0,0,0,0,0,35,,,35,0,0,1,1,0,0,1,0,0,0,0,0,5,0,55,211,2,0,1,0,1,3,74,1,137
2015,13,JAX,REG,2015_13_JAX_TEN,TEN,24,36,322,5,0,2,-20,0,0,302,134,17,17.6322957334779,5.40641711817847,0,9,6,4,2,21,81,1,0,0,3,-6.31521657345002,0,1,1,0,0,24,36,322,5,0,0,302,134,17,24.1704774336105,0,9,6,4,2,0,47,0,24,8,21,1,4,11,4,1,5,2,0,0,0,0,0,0,0,0,0,0,-23,1,0,0,6,21,3,0,1,0,1,1,2,18,3,54,0,0,0,0,,,0,0,0,0,0,0,0,0,0,0,0,0,,,,0,0,0,3,5,2,0,0.6,0,0,0,0,0,3,0,58,160,0,0,0,1,0,2,11,0,129
2015,13,KC,REG,2015_13_KC_OAK,LV,16,22,162,2,0,4,-19,0,0,123,105,7,4.23432499737851,0.47216997905211,1,9,4,1,0,22,89,2,0,0,6,1.10503026595688,0,3,2,0,0,16,22,162,2,2,2,123,105,7,-1.7560140478597,1,9,4,1,0,0,62,0,6,7,33,2,4,21,5,3,162,4,1,1,0,0,0,0,0,0,0,1,0,0,0,0,11,88,2,2,1,0,3,2,2,29,1,33,0,0,0,0,,,0,0,0,0,0,0,0,0,0,0,0,0,,,,0,0,0,2,3,1,0,0.666666666666667,0,0,0,0,0,5,0,55,250,2,1,0,0,1,3,21,0,229
2015,13,LA,REG,2015_13_ARI_STL,ARI,15,35,146,0,1,0,0,0,0,373,55,6,-14.6879106444262,-13.9505012070431,0,5,2,2,0,15,66,0,0,0,3,-3.9566919876961,0,3,3,1,0,15,34,146,0,1,0,373,55,6,-12.9472133271352,0,5,2,2,0,0,55,1,15,7,24,1,2,13,10,0,0,7,0,0,0,0,0,0,0,0,0,1,0,0,0,0,7,104,1,1,0,0,1,0,4,43,5,132,1,1,0,0,35,1,0,0,1,0,0,0,0,0,0,0,0,0,35,,,35,0,0,0,0,0,0,,0,0,0,0,0,8,0,68,436,5,2,1,1,1,3,30,0,386
2015,13,LAC,REG,2015_13_DEN_SD,DEN,18,35,202,0,1,4,-23,0,0,243,129,8,-11.9372208583291,-8.69132041028052,0,10,3,1,0,23,93,0,1,1,6,-8.14416106336284,0,3,2,1,0,18,33,202,0,3,1,243,129,8,-8.61812459960403,0,10,3,1,0,0,43,15,15,4,12,0,1,7,5,1,0,6,0,0,0,0,0,0,0,0,0,0,0,0,0,0,8,72,4,4,0,2,4,2,1,4,1,24,1,2,1,0,51,0.5,0,0,0,0,1,0,0,0,0,1,0,0,51,48,,51,48,0,0,0,0,0,,0,0,0,0,0,4,0,51,192,2,1,1,0,1,1,21,0,171
2015,13,LV,REG,2015_13_KC_OAK,KC,31,48,283,2,3,4,-21,0,0,332,137,17,-24.4901926658402,-4.16691365341346,0,14,6,2,0,24,99,1,2,0,6,1.08580782928038,0,2,2,1,0,31,48,283,2,0,0,332,137,17,-18.0804098667048,0,14,6,2,0,0,36,0,10,4,16,2,4,19,7,0,0,1,0,0,0,0,0,0,0,0,0,2,0,2,39,0,4,21,1,2,1,1,3,0,3,21,4,88,0,1,1,0,,0,0,0,0,0,0,0,0,0,0,1,0,0,,49,,0,49,0,2,3,1,0,0.666666666666667,0,0,0,0,0,4,0,52,158,3,0,0,0,2,2,29,0,129
2015,13,MIA,REG,2015_13_BAL_MIA,BAL,9,19,86,1,0,1,-4,0,0,182,16,3,-5.70864752627676,-13.9752599753832,0,3,1,1,0,26,137,0,1,1,5,-3.72072799580917,1,5,4,1,0,9,19,86,1,0,0,182,16,3,-4.94014092930593,0,3,1,1,0,0,51,1,31,5,22,0,3,27,11,2,24,7,1,0,0,0,0,0,0,0,0,0,0,0,0,0,5,31,3,1,0,0,1,1,2,15,2,42,0,0,0,0,,,0,0,0,0,0,0,0,0,0,0,0,0,,,,0,0,0,1,1,0,0,1,0,0,0,0,0,9,0,59,412,2,2,1,1,0,5,47,0,345
2015,13,MIN,REG,2015_13_SEA_MIN,SEA,17,28,118,0,1,4,-24,1,0,206,47,7,-15.7669149349676,-4.80790808796883,0,4,3,1,0,16,31,0,0,0,1,-5.21598187787458,0,1,1,0,0,17,28,118,0,0,0,206,47,7,-9.70578313816804,0,4,3,1,0,1,48,9,9,3,13,2,2,14,4,0,0,0,0,0,0,0,0,0,0,0,0,1,0,1,0,0,9,95,2,1,0,0,1,0,2,24,6,203,0,0,0,0,,,0,0,0,0,0,0,0,0,0,0,0,0,,,,0,0,0,1,1,0,0,1,0,0,0,0,0,7,0,47,281,2,1,2,0,0,4,26,0,255
2015,13,NE,REG,2015_13_PHI_NE,PHI,30,57,348,3,2,4,-24,0,0,571,148,18,-4.56740271754097,-6.8601556122303,0,17,7,4,0,25,103,1,0,0,8,-0.289773192314897,0,4,2,0,0,30,56,348,3,0,0,571,148,18,0.872470071248245,0,17,7,4,0,0,34,0,26,3,12,2,1,0,3,0,0,5,0,0,0,0,0,0,0,0,0,0,0,1,0,0,3,30,5,0,0,0,0,0,3,4,5,68,0,0,0,0,,,0,0,0,0,0,0,0,0,0,0,0,0,,,,0,0,0,4,4,0,0,1,0,0,0,0,0,6,1,55,303,1,0,1,0,0,5,115,1,188
2015,13,NO,REG,2015_13_CAR_NO,CAR,24,42,282,3,1,2,-18,0,0,374,118,13,-0.118832080075457,-9.0851762309307,0,11,5,3,1,14,70,1,1,0,5,3.1351568777319,1,4,4,0,0,24,41,282,3,0,0,374,118,13,4.08062161955989,0,11,5,3,1,0,46,0,22,4,20,2,1,9,3,1,22,6,0,0,0,0,1,0,1,1,0,1,0,2,39,1,11,104,5,1,0,0,1,0,2,7,1,26,0,1,1,0,,0,0,0,0,0,0,0,0,0,1,0,0,0,,38,,0,38,0,4,4,0,0,1,0,0,0,0,0,5,0,49,204,2,3,0,0,2,0,0,0,204
2015,13,NYG,REG,2015_13_NYJ_NYG,NYJ,18,34,297,1,1,3,-16,0,0,283,164,9,3.12107213293039,-10.5844590593787,0,10,7,5,2,24,74,0,0,0,2,-9.65672174693719,0,2,1,0,0,18,34,297,1,0,0,283,164,9,6.53086417538417,0,10,7,5,2,1,47,18,18,5,24,1,3,17,9,0,0,4,0,0,0,0,0,0,0,0,0,0,0,1,0,0,8,60,6,0,0,0,0,0,2,96,4,104,2,3,1,0,35,0.666666666666667,0,1,1,0,0,0,0,0,0,1,0,0,20;35,48,,55,48,0,2,2,0,0,1,0,0,0,0,0,5,0,49,211,4,0,1,0,3,1,-1,0,212
2015,13,NYJ,REG,2015_13_NYJ_NYG,NYG,36,50,390,2,0,3,-17,0,0,310,204,21,14.0457072274016,6.97680154442787,0,19,9,5,0,24,90,0,1,1,5,-7.69839702555328,0,3,2,1,0,36,50,390,2,0,0,310,204,21,18.0846664284776,0,19,9,5,0,0,30,20,20,3,16,0,3,16,7,1,11,5,0,1,0,0,0,0,0,0,0,1,0,0,0,0,8,61,2,1,1,0,2,1,1,-1,5,108,3,3,0,0,31,1,0,2,1,0,0,0,0,0,0,0,0,0,24;24;31,,,79,0,0,2,2,0,0,1,1,1,0,0,31,5,0,55,224,1,3,0,0,0,2,96,1,128
2015,13,PHI,REG,2015_13_PHI_NE,NE,14,24,120,2,0,1,0,0,0,132,62,8,2.08487677871017,-8.93641673028469,0,5,3,1,0,33,128,0,1,1,6,-6.07350037130527,0,4,4,0,0,14,24,120,2,1,0,132,62,8,2.76702158764238,0,5,3,1,0,2,45,0,26,9,40,0,4,24,12,2,99,5,1,0,0,1,0,0,0,0,24,0,0,0,0,0,8,97,2,2,0,1,2,1,5,115,3,35,0,0,0,0,,,0,0,0,0,0,0,0,0,0,0,0,0,,,,0,0,0,5,5,0,0,1,0,0,0,0,0,7,0,64,328,2,0,1,2,1,3,4,0,284
2015,13,PIT,REG,2015_13_IND_PIT,IND,24,39,364,4,0,0,0,0,0,505,120,16,19.2761545332769,8.21706056594849,1,12,9,7,2,32,158,0,2,1,7,-0.91242119402159,0,6,6,1,0,24,39,364,4,0,0,505,120,16,20.7694648089973,1,12,9,7,2,1,35,10,14,4,25,1,5,34,8,2,6,8,0,1,0,0,0,0,0,0,0,2,0,1,0,0,4,48,2,3,1,0,4,2,3,74,1,19,3,4,1,0,51,0.75,0,1,0,1,1,0,0,0,0,1,0,0,29;51;42,47,,122,47,0,4,4,0,0,1,0,0,0,0,0,1,0,37,37,0,0,0,0,1,0,0,0,37
2015,13,SEA,REG,2015_13_SEA_MIN,MIN,21,28,274,3,0,2,-14,0,0,212,152,11,20.9245266480426,11.0267772206238,0,9,5,4,1,36,173,2,1,1,11,3.60522423154907,0,5,4,1,0,21,28,274,3,0,0,212,152,11,22.7536265555824,0,9,5,4,1,0,38,7,7,10,37,1,4,24,7,1,25,3,0,1,0,0,0,0,0,0,0,0,0,0,0,0,9,65,2,2,0,1,2,1,4,26,1,47,1,1,0,0,23,1,0,1,0,0,0,0,0,0,0,0,0,0,23,,,23,0,0,5,5,0,0,1,0,0,0,0,0,2,0,40,78,0,0,0,0,0,2,24,0,54
2015,13,SF,REG,2015_13_SF_CHI,CHI,18,32,196,1,0,4,-26,0,0,218,103,6,-4.5186216205766,-10.523725207895,0,7,2,2,1,23,121,2,0,0,7,4.90548907054472,0,1,1,1,1,18,32,196,1,0,0,218,103,6,1.16033780752332,0,7,2,2,1,0,58,0,10,2,10,0,1,8,1,1,29,6,1,0,0,0,0,0,0,0,0,0,0,0,0,0,6,50,5,0,0,0,0,0,3,0,5,116,0,0,0,0,,,0,0,0,0,0,0,0,0,0,0,0,0,,,,0,0,0,2,3,0,1,0.666666666666667,0,0,0,0,0,9,0,62,433,3,0,0,1,2,6,72,0,341
2015,13,TB,REG,2015_13_ATL_TB,ATL,18,27,227,1,1,1,-5,0,0,249,64,10,5.5846540429057,7.52279659112295,0,9,5,3,0,37,166,2,1,1,11,3.38000351109076,0,5,3,2,0,18,27,227,1,0,0,249,64,10,6.76041133701898,0,9,5,3,0,0,44,3,17,6,25,1,3,14,6,1,-5,7,0,0,0,0,0,0,0,0,0,0,0,0,0,0,8,53,2,1,0,0,1,1,2,41,3,57,1,1,0,0,23,1,0,1,0,0,0,0,0,0,0,0,0,0,23,,,23,0,0,2,2,0,0,1,0,0,0,0,0,3,0,41,112,1,0,1,1,0,1,3,0,89
2015,13,TEN,REG,2015_13_JAX_TEN,JAX,20,29,268,3,1,4,-11,1,1,284,88,13,7.54110700159799,4.40460052983514,0,10,7,4,1,35,210,2,0,0,9,-1.09808983618859,0,5,3,2,1,20,29,268,3,0,0,284,88,13,15.3326560967253,0,10,7,4,1,0,32,0,22,1,9,0,2,20,3,0,0,5,0,0,0,0,0,0,0,0,0,0,0,1,3,1,4,38,5,1,0,0,1,1,2,11,4,80,0,0,0,0,,,0,0,0,0,0,0,0,0,0,0,0,0,,,,0,0,0,6,6,0,0,1,0,0,0,0,0,3,0,51,133,1,0,0,0,1,2,18,0,115
2015,13,WAS,REG,2015_13_DAL_WAS,DAL,22,31,219,1,0,3,-26,1,0,265,71,9,3.3166139021345,6.29628002643585,0,8,5,3,0,26,73,0,0,0,4,-7.69353380787569,0,1,0,0,0,22,31,219,1,0,0,265,71,9,9.50046909254199,0,8,5,3,0,0,35,5,19,5,18,4,1,2,1,0,0,3,0,1,0,0,0,0,0,0,0,1,0,3,0,0,9,72,4,2,0,0,2,1,2,0,5,125,3,4,1,0,46,0.75,0,0,1,2,0,0,0,0,0,1,0,0,45;36;46,43,,127,43,0,1,1,0,0,1,0,0,0,0,0,6,0,53,253,1,1,1,1,0,3,31,0,202
2015,14,ARI,REG,2015_14_MIN_ARI,MIN,25,35,310,2,0,2,-14,0,0,320,163,16,13.2793306898164,6.09943074839456,0,11,6,4,2,29,97,0,0,0,6,-2.20631250581937,0,2,2,1,0,25,35,310,2,0,0,320,163,16,17.5514100834915,0,11,6,4,2,0,51,1,5,7,22,3,3,18,5,0,0,2,0,0,0,0,0,0,0,0,0,0,0,3,0,0,4,30,2,0,0,0,0,0,1,4,1,23,3,3,0,0,47,1,0,2,0,1,0,0,0,0,0,0,0,0,27;23;47,,,97,0,0,2,2,0,0,1,0,0,0,0,0,3,0,49,133,1,0,0,1,1,1,0,0,113
2015,14,ATL,REG,2015_14_ATL_CAR,CAR,25,41,235,0,2,5,-59,2,1,263,147,11,-15.1356240128516,-2.70751780126153,0,8,2,2,1,16,54,0,0,0,3,-2.65538040007232,0,2,1,1,0,25,41,235,0,2,1,263,147,11,-5.98811760218814,0,8,2,2,1,0,36,1,27,4,28,0,2,19,5,0,0,3,0,0,0,0,0,0,0,0,0,1,0,0,0,0,6,54,0,4,0,1,4,2,3,10,2,62,0,0,0,0,,,0,0,0,0,0,0,0,0,0,0,0,0,,,,0,0,0,0,0,0,0,,0,0,0,0,0,5,0,61,228,3,0,0,2,3,0,0,0,188
2015,14,BAL,REG,2015_14_SEA_BAL,SEA,23,40,274,0,1,1,0,0,0,382,85,13,-7.24937191215577,0.0344680622220039,0,11,7,5,0,14,28,0,1,1,0,-9.61366402775694,0,1,1,0,0,23,40,274,0,0,0,382,85,13,-5.85709295404377,0,11,7,5,0,0,38,0,34,3,5,1,0,0,1,0,0,3,0,0,0,0,0,0,0,0,0,0,0,1,0,0,9,94,2,1,0,0,1,1,3,46,0,0,2,2,0,0,30,1,0,1,1,0,0,0,0,0,0,0,0,0,28;30,,,58,0,0,0,0,0,0,,0,0,0,0,0,5,0,56,226,3,0,1,1,2,1,0,0,206
2015,14,BUF,REG,2015_14_BUF_PHI,PHI,19,36,268,1,1,1,-8,0,0,442,117,11,7.77919173022374,-6.77344960825784,0,10,5,3,1,32,152,1,0,0,7,3.62825376930414,0,4,4,1,0,19,36,268,1,1,0,442,113,11,10.0373722372168,0,10,5,3,1,0,56,0,8,4,20,0,1,15,7,1,0,5,0,1,0,0,0,0,0,0,0,0,0,0,0,0,15,101,4,1,1,1,2,1,5,50,1,5,2,2,0,0,40,1,0,0,1,1,0,0,0,0,0,0,0,0,38;40,,,78,0,0,2,2,0,0,1,0,0,0,0,0,7,0,54,315,2,1,0,1,1,4,47,0,248
2015,14,CAR,REG,2015_14_ATL_CAR,ATL,19,27,301,3,0,2,-19,0,0,299,114,12,17.0995490142135,17.9628952191426,0,10,6,5,2,32,142,2,0,0,7,-1.79866556206252,0,3,3,1,1,19,26,301,3,0,0,299,114,12,22.0906191938315,0,10,6,5,2,0,39,0,22,6,52,4,5,59,12,2,10,4,0,0,0,0,0,0,0,0,0,0,0,2,0,0,6,60,3,0,0,0,0,0,0,0,0,0,1,1,0,0,38,1,0,0,1,0,0,0,0,0,0,0,0,0,38,,,38,0,0,5,5,0,0,1,0,0,0,0,0,4,0,65,196,0,0,1,0,0,3,10,0,186
2015,14,CHI,REG,2015_14_WAS_CHI,WAS,19,31,315,2,0,3,-25,1,1,376,111,14,5.27626560841948,2.32562999571523,0,14,6,6,1,22,87,1,0,0,4,1.89438966626767,0,1,0,0,0,19,31,315,2,0,0,376,111,14,15.0124346441988,0,14,6,6,1,0,54,0,10,7,33,0,3,25,7,1,9,2,0,0,0,0,0,0,0,0,0,0,0,0,0,0,7,79,4,1,0,0,1,1,1,16,2,38,0,1,1,0,,0,0,0,0,0,0,0,0,0,0,0,1,0,,50,,0,50,0,3,3,0,0,1,0,0,0,0,0,5,0,54,228,3,0,1,1,1,2,7,0,201
2015,14,CIN,REG,2015_14_PIT_CIN,PIT,25,37,339,2,3,3,-18,0,0,336,141,14,-1.86307577179766,6.89649060368538,0,11,9,6,1,16,64,0,0,0,5,-1.18008957896382,0,3,3,0,0,25,36,339,2,0,0,336,141,14,2.69202528923719,0,11,9,6,1,0,52,1,15,4,14,0,2,12,4,1,0,4,0,0,0,0,0,0,0,0,0,0,0,0,0,0,4,27,3,0,0,0,0,0,0,0,3,68,2,3,1,0,46,0.666666666666667,0,1,0,1,0,0,0,0,0,0,1,0,46;27,54,,73,54,0,2,2,0,0,1,0,0,0,0,0,2,0,48,96,0,0,0,0,0,2,3,0,93
2015,14,CLE,REG,2015_14_SF_CLE,SF,21,31,270,1,1,2,-19,0,0,234,117,14,6.57214751889472,4.31442049241835,0,11,6,6,0,41,230,2,1,1,11,-0.916785127978073,0,4,4,2,2,21,31,270,1,1,0,234,117,14,9.52004130874769,0,11,6,6,0,0,44,0,8,8,38,1,9,44,12,0,0,4,0,1,0,0,0,0,0,0,-2,2,0,0,0,0,8,71,3,2,1,0,3,1,3,11,0,0,1,2,0,1,26,0.5,0,1,0,0,0,0,0,0,0,0,0,0,26,,42,26,0,42,3,3,0,0,1,0,0,0,0,0,3,0,51,119,2,0,1,0,1,1,36,0,83
2015,14,DAL,REG,2015_14_DAL_GB,GB,13,29,114,0,1,2,-15,0,0,254,44,5,-18.2491576811881,-13.255120494536,0,5,1,0,0,20,171,1,0,0,5,6.26741876080632,0,3,3,3,2,13,28,114,0,0,0,254,44,5,-14.9492538045743,0,5,1,0,0,0,44,14,32,6,21,0,2,13,4,0,0,1,0,0,0,0,0,0,0,0,0,0,0,0,0,0,6,30,5,0,0,0,0,0,3,-6,1,22,0,0,0,0,,,0,0,0,0,0,0,0,0,0,0,0,0,,,,0,0,0,1,1,0,0,1,0,0,0,0,0,7,0,55,325,3,3,0,0,0,4,13,0,312
2015,14,DEN,REG,2015_14_OAK_DEN,LV,35,51,308,0,0,5,-32,1,0,300,144,14,-4.92734579485837,1.5180975783105,0,11,5,2,0,21,34,0,0,0,3,-7.32389377860818,0,1,0,0,0,35,51,308,0,2,1,300,144,14,-4.04603395960289,0,11,5,2,0,0,38,0,2,4,41,2,3,36,3,0,0,6,0,1,0,0,0,0,0,0,0,2,0,0,0,0,4,27,6,3,1,0,4,2,3,17,0,0,4,5,1,0,41,0.8,0,2,1,1,0,0,0,0,0,1,0,0,41;35;29;20,49,,125,49,0,0,0,0,0,,0,0,0,0,0,4,0,50,178,0,1,0,0,0,3,29,0,149
2015,14,DET,REG,2015_14_DET_STL,LA,30,46,245,2,1,4,-25,0,0,173,186,13,-12.6579705436598,-5.98142100705041,0,10,4,0,0,20,111,0,0,0,9,4.51777224376565,0,4,4,0,0,30,45,245,2,0,0,173,186,13,-7.0626320943702,0,10,4,0,0,0,43,0,2,6,24,0,1,10,4,1,0,2,0,0,0,0,0,0,0,0,0,1,0,0,0,0,5,45,3,0,1,0,1,0,2,11,1,21,0,0,0,0,,,0,0,0,0,0,0,0,0,0,0,0,0,,,,0,0,0,2,2,0,0,1,0,0,0,0,0,7,0,59,322,2,1,0,1,1,4,15,0,287
2015,14,GB,REG,2015_14_DAL_GB,DAL,22,35,218,2,0,2,-13,0,0,202,153,12,4.51798641117057,-1.12164210189473,0,10,3,1,0,44,230,2,0,0,15,5.54346166743198,0,9,5,2,0,22,33,218,2,0,0,202,153,12,8.52465004200349,0,10,3,1,0,0,32,2,10,3,16,0,2,15,5,1,0,5,0,1,0,0,0,0,0,0,0,0,0,0,0,0,8,69,1,0,1,1,1,0,4,13,2,40,0,0,0,0,,,0,0,0,0,0,0,0,0,0,0,0,0,,,,0,0,0,4,4,0,0,1,0,0,0,0,0,6,0,53,282,0,0,0,1,2,3,-6,0,268
2015,14,HOU,REG,2015_14_NE_HOU,NE,12,24,159,0,0,6,-57,2,1,300,40,4,-19.2232968672386,-7.39812801281611,0,4,3,3,2,22,87,0,0,0,2,-5.55160778027494,0,1,1,1,0,12,24,159,0,0,0,300,40,4,-0.808768452224059,0,4,3,3,2,0,34,13,33,5,31,0,3,29,4,0,0,2,0,0,0,0,0,0,0,0,0,1,0,1,0,0,4,36,4,2,0,0,2,1,3,22,1,19,2,2,0,0,45,1,0,0,1,1,0,0,0,0,0,0,0,0,37;45,,,82,0,0,0,0,0,0,,0,0,0,0,0,7,0,58,317,1,0,0,0,3,4,46,0,271
2015,14,IND,REG,2015_14_IND_JAX,JAX,20,43,260,0,1,3,-33,1,1,370,162,9,-25.3222719020357,-16.1569577316905,0,8,5,5,2,23,95,0,0,0,7,-1.53299015009231,0,2,1,0,0,20,43,260,0,0,0,370,162,9,-12.8474977998792,0,8,5,5,2,0,39,0,6,2,16,2,3,24,4,0,0,7,0,0,0,0,0,0,0,0,0,0,0,2,29,1,8,85,1,1,0,0,1,1,3,7,0,0,3,3,0,0,32,1,0,2,1,0,0,0,0,0,0,0,0,0,25;21;32,,,78,0,0,1,1,0,0,1,0,0,0,0,0,7,0,63,335,1,2,1,1,1,2,73,1,242
2015,14,JAX,REG,2015_14_IND_JAX,IND,16,30,250,3,0,3,-24,2,1,276,146,12,1.48269665093146,-9.17490591605504,0,8,6,3,1,29,154,2,1,1,9,-2.87255851781811,0,7,6,1,0,16,30,250,3,0,0,276,146,12,12.2765148427895,0,8,6,3,1,1,45,0,8,5,27,1,3,33,5,1,48,9,0,0,0,0,0,0,0,0,0,1,-10,1,49,1,5,40,2,2,1,0,3,2,2,73,0,0,1,1,0,0,46,1,0,0,0,1,0,0,0,0,0,0,0,0,46,,,46,0,0,6,7,1,0,0.857142857142857,0,0,0,0,0,5,0,53,228,1,0,1,0,1,3,7,0,221
2015,14,KC,REG,2015_14_SD_KC,LAC,15,23,191,1,1,2,-12,0,0,234,65,7,3.78616019192249,4.33661341667175,0,7,3,3,1,25,150,0,1,0,9,1.48640769533841,0,5,4,1,0,15,23,191,1,0,0,234,65,7,6.76097502180473,0,7,3,3,1,0,44,0,8,8,31,0,5,27,8,1,5,3,0,1,0,0,0,0,0,0,0,1,0,0,0,0,8,53,5,1,1,0,2,1,4,36,1,24,1,2,1,0,40,0.5,0,0,0,1,0,0,0,0,0,1,0,0,40,46,,40,46,0,1,1,0,0,1,0,0,0,0,0,4,0,48,154,2,0,1,1,2,0,0,0,134
2015,14,LA,REG,2015_14_DET_STL,DET,14,22,124,0,1,1,-10,0,0,197,30,6,-3.41317188512767,-0.417230887846513,0,7,1,1,0,29,203,2,0,0,8,1.71046777337324,0,6,6,4,1,14,22,124,0,0,0,197,30,6,-0.649569128581788,0,7,1,1,0,0,48,0,12,8,34,0,4,25,7,1,58,5,1,1,0,0,0,0,0,0,0,1,0,0,0,0,5,48,4,0,1,0,1,0,4,15,0,0,0,0,0,0,,,0,0,0,0,0,0,0,0,0,0,0,0,,,,0,0,0,3,3,0,0,1,0,0,0,0,0,6,0,61,284,4,0,3,0,1,2,11,0,273
2015,14,LAC,REG,2015_14_SD_KC,KC,24,43,263,0,1,5,-27,0,0,394,86,12,0.326315591156797,-4.67469585793359,0,10,7,4,1,18,44,0,0,0,2,-8.29904280439179,0,1,0,0,0,24,42,263,0,0,0,394,86,12,7.89248038541837,0,10,7,4,1,0,43,0,4,5,23,1,2,12,5,1,0,2,0,0,0,0,0,0,0,0,0,0,0,1,0,0,7,48,6,0,0,0,0,0,0,0,1,34,1,2,1,0,30,0.5,0,0,1,0,0,0,0,0,0,1,0,0,30,42,,30,42,0,0,0,0,0,,0,0,0,0,0,5,0,56,234,2,0,1,0,0,4,36,0,198
2015,14,LV,REG,2015_14_OAK_DEN,DEN,12,29,135,2,0,3,-36,1,0,303,34,6,-10.1514622161322,-16.2471306735072,0,5,4,3,0,23,27,0,0,0,1,-11.2122594576795,0,0,0,0,0,12,29,135,2,0,0,303,34,6,-1.64614602489572,0,5,4,3,0,0,58,2,10,10,49,3,5,32,10,0,0,5,0,2,1,0,0,0,0,0,0,3,0,2,-3,0,10,70,2,2,1,0,3,0,3,29,2,48,0,1,1,0,,0,0,0,0,0,0,0,0,0,0,1,0,0,,43,,0,43,0,1,1,0,0,1,0,0,0,0,0,10,0,55,460,5,2,0,0,5,3,17,0,443
2015,14,MIA,REG,2015_14_NYG_MIA,NYG,25,41,236,1,0,1,-1,0,0,473,77,10,0.480423632172205,1.01700490567742,0,8,5,2,1,22,128,2,0,0,6,6.31009340012679,0,3,3,1,0,25,41,236,1,2,1,473,77,10,-3.89203972354178,0,8,5,2,1,0,51,0,8,4,12,0,0,0,3,0,0,2,0,0,0,0,0,0,0,0,0,1,0,1,9,0,12,123,3,2,0,0,2,1,2,30,4,109,1,1,0,0,36,1,0,0,1,0,0,0,0,0,0,0,0,0,36,,,36,0,0,3,3,0,0,1,0,0,0,0,0,6,0,68,280,4,0,2,1,1,2,35,0,225
2015,14,MIN,REG,2015_14_MIN_ARI,ARI,25,36,335,1,0,3,-18,1,1,218,232,17,16.903511648978,7.19427168369293,0,12,8,6,1,24,72,1,1,1,4,-8.10634024458705,0,1,1,1,0,25,33,335,1,1,1,218,232,17,17.2152860215283,0,12,8,6,1,0,52,1,7,6,28,0,2,14,7,0,0,6,0,0,0,0,0,0,0,0,0,0,0,0,0,0,3,25,5,3,0,0,3,3,1,0,3,93,2,2,0,0,54,1,0,0,0,1,1,0,0,0,0,0,0,0,44;54,,,98,0,0,2,2,0,0,1,0,0,0,0,0,2,0,49,91,0,0,0,0,1,1,4,0,87
2015,14,NE,REG,2015_14_NE_HOU,HOU,22,30,226,2,0,3,-29,0,0,214,139,11,4.84186556695824,5.44869919617971,0,6,3,3,1,31,116,1,0,0,7,-0.597245981269599,0,5,3,0,0,22,30,226,2,0,0,214,139,11,11.2706573293461,0,6,3,3,1,0,29,9,17,7,49,2,6,57,10,0,0,7,0,1,0,0,0,0,0,0,0,0,0,1,0,0,6,46,3,0,1,0,1,1,4,46,3,67,2,2,0,0,49,1,0,0,0,2,0,0,0,0,0,0,0,0,43;49,,,92,0,0,3,3,0,0,1,0,0,0,0,0,6,0,54,264,3,0,1,0,2,3,22,0,242
2015,14,NO,REG,2015_14_NO_TB,TB,31,41,312,2,0,2,-11,0,0,283,101,16,19.5660234424328,12.3108258334602,0,11,6,4,1,35,87,1,0,0,7,-4.19397907156963,0,1,1,0,0,31,41,312,2,0,0,283,101,16,22.3606528388918,0,11,6,4,1,0,29,6,6,2,7,0,1,6,6,0,0,3,0,0,0,0,0,0,0,0,0,0,0,0,0,0,12,95,3,0,0,0,0,0,2,7,1,0,1,1,0,0,23,1,0,1,0,0,0,0,0,0,0,0,0,0,23,,,23,0,0,3,3,0,0,1,0,0,0,0,0,4,0,53,175,2,0,0,2,2,0,0,0,135
2015,14,NYG,REG,2015_14_NYG_MIA,MIA,27,31,337,4,0,0,0,0,0,226,127,15,23.3446527239682,23.8074528594171,0,11,4,3,2,31,92,0,1,1,6,-11.0562400419731,0,4,2,1,0,27,31,337,4,0,0,226,127,15,23.3446527239682,0,11,4,3,2,0,43,0,16,2,4,2,1,1,5,0,0,8,0,0,0,0,0,0,0,0,0,0,0,1,0,0,3,25,4,0,1,0,1,1,2,35,1,22,1,2,1,0,35,0.5,0,0,1,0,0,0,0,0,0,1,0,0,35,48,,35,48,0,4,4,0,0,1,0,0,0,0,0,4,0,54,180,0,0,1,0,1,2,30,0,150
2015,14,NYJ,REG,2015_14_TEN_NYJ,TEN,21,36,263,3,0,1,-7,0,0,272,159,13,10.9127188810958,-5.65266741646661,0,12,4,2,1,34,183,0,0,0,11,1.3508555033374,0,7,3,2,0,21,36,263,3,0,0,272,159,13,12.9580780057582,0,12,4,2,1,0,37,0,10,7,51,1,5,47,8,1,9,6,0,0,0,0,0,0,0,0,0,0,0,0,0,0,3,20,1,0,0,0,0,0,4,32,0,0,3,4,1,0,47,0.75,0,1,0,2,0,0,0,0,0,0,1,0,47;27;42,53,,116,53,0,3,3,0,0,1,0,0,0,0,0,3,0,51,138,2,1,0,1,0,1,2,0,116
2015,14,PHI,REG,2015_14_BUF_PHI,BUF,23,38,247,1,1,1,-15,0,0,373,107,11,-4.94691540868273,0.295387732016074,0,9,5,3,2,34,116,1,0,0,8,0.654786310042255,0,1,1,0,0,23,37,247,1,0,0,373,107,11,-2.97299065851159,0,9,5,3,2,0,50,0,10,3,19,1,1,8,4,1,7,6,0,0,0,0,0,0,0,0,0,0,0,1,0,0,5,55,4,0,0,0,0,0,4,47,3,56,3,3,0,0,45,1,0,0,1,2,0,0,0,0,0,0,0,0,45;41;30,,,116,0,0,2,2,0,0,1,0,0,0,0,0,7,0,63,353,1,0,0,0,2,5,50,0,303
2015,14,PIT,REG,2015_14_PIT_CIN,CIN,30,39,282,0,1,2,-12,0,0,283,124,13,9.68982399196766,11.8856120658548,0,11,7,2,0,28,84,2,0,0,7,-1.11014963767957,0,2,1,0,0,30,38,282,0,0,0,283,124,13,14.3555308203224,0,11,7,2,0,0,33,0,22,2,12,0,3,18,6,3,53,5,1,0,0,0,0,0,0,0,0,0,0,0,0,0,5,82,4,0,0,0,0,0,2,3,1,17,4,4,0,0,47,1,0,0,1,3,0,0,0,0,0,0,0,0,42;47;45;31,,,165,0,0,3,3,0,0,1,0,0,0,0,0,2,0,53,98,1,1,1,0,0,0,0,0,98
2015,14,SEA,REG,2015_14_SEA_BAL,BAL,24,33,301,5,0,0,0,0,0,286,120,17,29.7109822821803,10.3036166140527,0,11,6,4,1,36,123,0,1,1,8,-5.58967514662072,0,2,2,0,0,24,33,301,5,0,0,286,120,17,29.7109822821803,0,11,6,4,1,0,34,0,14,2,5,1,1,0,12,1,4,4,0,0,0,0,0,0,0,0,0,0,0,1,0,0,6,42,1,1,0,0,1,1,1,0,0,0,0,0,0,0,,,0,0,0,0,0,0,0,0,0,0,0,0,,,,0,0,0,5,5,0,0,1,0,0,0,0,0,3,0,63,153,0,0,0,0,0,3,46,0,107
2015,14,SF,REG,2015_14_SF_CLE,CLE,18,28,194,1,0,9,-44,1,0,224,64,8,-14.4111498796787,2.00078072292464,0,9,4,1,0,17,71,0,0,0,4,1.20503465231741,0,3,2,0,0,18,28,194,1,0,0,224,64,8,0.091561589861719,0,9,4,1,0,0,51,0,18,3,20,2,2,19,5,1,25,2,0,0,0,0,0,1,0,0,0,1,0,1,8,0,5,40,5,1,0,0,1,0,1,36,2,56,1,1,0,0,44,1,0,0,0,1,0,0,0,0,0,0,0,0,44,,,44,0,0,1,1,0,0,1,0,0,0,0,0,7,0,44,286,3,0,0,1,3,3,11,0,255
2015,14,TB,REG,2015_14_NO_TB,NO,18,32,182,1,0,1,-6,0,0,282,66,8,4.46799732184205,-4.06477557074639,0,9,2,1,0,19,115,1,0,0,5,1.02273970691022,0,4,4,2,0,18,31,182,1,0,0,282,66,8,6.69815399548439,0,9,2,1,0,0,49,13,15,5,23,0,2,11,5,0,0,5,0,0,0,0,0,0,0,0,0,0,0,0,0,0,8,80,5,0,0,0,0,0,0,0,1,31,1,2,1,0,39,0.5,0,0,1,0,0,0,0,0,0,1,0,0,39,47,,39,47,0,2,2,0,0,1,0,0,0,0,0,5,0,52,206,1,1,0,0,2,2,7,0,199
2015,14,TEN,REG,2015_14_TEN_NYJ,NYJ,22,40,315,1,1,5,-47,1,0,437,112,14,-5.27274602663238,-3.42257551848888,1,12,7,4,2,13,24,0,0,0,0,-6.04286913364194,0,0,0,0,0,22,40,315,1,0,0,437,112,14,3.92899864666117,1,12,7,4,2,0,42,0,28,4,13,0,1,7,2,0,0,5,0,0,0,0,0,0,0,0,0,1,0,0,0,0,3,20,3,1,0,0,1,0,1,2,3,47,0,0,0,0,,,0,0,0,0,0,0,0,0,0,0,0,0,,,,0,0,0,0,0,0,0,,0,0,0,0,0,6,0,55,289,1,0,0,0,2,4,32,0,257
2015,14,WAS,REG,2015_14_WAS_CHI,CHI,24,31,300,1,1,3,-25,0,0,229,113,13,13.7871451066141,12.3899593468635,0,14,7,3,0,33,99,2,0,0,10,-0.520390619290993,0,1,0,0,0,24,31,300,1,1,0,229,113,13,19.1136395235346,0,14,7,3,0,0,42,0,4,4,17,1,3,25,4,0,0,1,0,0,0,0,0,0,0,0,0,1,0,1,0,0,8,63,3,0,1,0,1,0,2,7,2,44,1,1,0,0,47,1,0,0,0,1,0,0,0,0,0,0,0,0,47,,,47,0,0,3,3,0,0,1,0,0,0,0,0,4,0,64,172,1,1,0,1,1,1,16,0,136
2015,15,ARI,REG,2015_15_ARI_PHI,PHI,20,33,274,1,0,2,-11,0,0,505,112,15,11.1256283681973,8.28513829037547,0,15,6,3,0,39,230,3,0,0,12,6.63315575208948,0,7,5,1,1,20,32,274,1,0,0,505,112,15,14.9747288256476,0,15,6,3,0,0,50,0,8,1,5,2,2,11,9,2,42,6,1,1,0,0,0,0,0,0,0,1,0,2,0,0,1,10,3,0,1,0,1,0,1,6,3,62,2,2,0,0,38,1,0,1,1,0,0,0,0,0,0,0,0,0,28;38,,,66,0,0,4,5,1,0,0.8,0,0,0,0,0,4,0,45,156,2,0,1,0,1,2,12,0,144
2015,15,ATL,REG,2015_15_ATL_JAX,JAX,22,35,246,1,1,1,-1,0,0,239,122,13,6.12212382165482,-3.27660373279027,0,12,5,2,0,33,83,1,0,0,6,-7.99835301869192,0,1,1,1,0,22,35,246,1,0,0,239,122,13,6.88898628765484,0,12,5,2,0,0,43,0,6,5,29,2,2,12,2,1,84,5,0,0,0,0,0,0,0,0,0,0,0,0,0,0,5,43,0,0,0,0,0,0,4,21,1,24,3,3,0,0,46,1,0,0,2,1,0,0,0,0,0,0,0,0,34;33;46,,,113,0,0,2,2,0,0,1,0,0,0,0,0,5,0,59,216,3,0,2,0,1,2,17,0,199
2015,15,BAL,REG,2015_15_KC_BAL,KC,26,45,281,2,2,2,-8,0,0,430,108,13,-8.46136788889999,-5.46213885148366,0,10,5,3,2,20,93,0,1,1,4,-13.5514882241259,0,1,1,0,0,26,45,281,2,0,0,430,108,13,-5.97330199071439,0,10,5,3,2,0,42,0,22,10,19,0,3,7,5,0,0,1,0,0,0,0,0,0,0,0,0,0,0,0,0,0,7,63,4,1,0,0,1,1,2,27,6,153,0,0,0,0,,,0,0,0,0,0,0,0,0,0,0,0,0,,,,0,0,0,2,2,0,0,1,0,0,0,0,0,5,0,50,218,2,2,0,0,0,3,11,0,207
2015,15,BUF,REG,2015_15_BUF_WAS,WAS,16,27,235,2,0,5,-23,1,0,312,98,10,0.54022685799282,1.66472395261129,0,8,6,4,1,31,240,1,0,0,11,12.113622519911,1,8,4,1,1,16,27,235,2,0,0,312,98,10,7.47997075447347,0,8,6,4,1,0,25,6,34,3,22,0,1,11,2,0,0,3,0,0,0,0,0,0,0,0,0,1,0,1,0,0,8,56,4,1,0,0,1,0,1,0,3,51,1,1,0,0,32,1,0,0,1,0,0,0,0,0,0,0,0,0,32,,,32,0,0,2,2,0,0,1,0,0,0,0,0,4,0,47,140,0,0,1,0,1,2,5,0,135
2015,15,CAR,REG,2015_15_CAR_NYG,NYG,25,45,340,5,0,3,-31,0,0,536,171,20,14.5307600954155,-0.61995102915653,0,18,9,4,0,29,171,0,1,1,7,-1.58295138017274,0,5,4,2,1,25,43,340,5,0,0,536,171,20,20.6773024500015,0,18,9,4,0,0,33,24,24,1,2,2,0,0,4,1,0,4,0,0,0,0,0,0,0,0,0,0,-6,1,0,0,7,88,3,0,1,0,1,1,3,44,5,82,1,2,0,1,43,0.5,0,0,0,1,0,0,0,0,0,0,0,0,43,,34,43,0,34,5,5,0,0,1,1,1,0,0,43,7,0,59,318,1,0,0,0,3,4,32,0,286
2015,15,CHI,REG,2015_15_CHI_MIN,MIN,26,37,231,2,1,5,-32,1,1,313,127,13,-12.0801122388202,6.33146191636721,0,11,3,1,0,20,94,0,0,0,7,2.19214194698725,0,2,1,0,0,26,36,231,2,0,0,313,127,13,0.980375877175952,0,11,3,1,0,0,43,10,10,6,20,0,1,10,4,0,0,1,0,0,0,0,0,0,0,0,0,0,0,0,0,0,6,39,3,1,0,0,1,1,0,0,5,153,1,1,0,0,51,1,0,0,0,0,1,0,0,0,0,0,0,0,51,,,51,0,0,2,2,0,0,1,0,0,0,0,0,4,0,45,161,3,0,1,0,3,0,0,0,161
2015,15,CIN,REG,2015_15_CIN_SF,SF,15,21,192,1,0,4,-18,0,0,195,57,7,6.32523757584448,8.9571964882669,0,6,5,3,1,36,68,2,1,1,5,-16.9291801522195,0,0,0,0,0,15,21,192,1,0,0,195,57,7,11.5132557896856,0,6,5,3,1,0,52,3,11,6,37,1,4,32,5,3,44,7,0,0,0,0,0,1,0,0,0,0,0,1,21,0,6,45,3,0,1,0,1,1,3,-1,2,46,1,1,0,0,22,1,0,1,0,0,0,0,0,0,0,0,0,0,22,,,22,0,0,3,3,0,0,1,0,0,0,0,0,8,0,62,413,0,0,0,2,0,6,40,0,333
2015,15,CLE,REG,2015_15_CLE_SEA,SEA,19,32,161,1,1,3,-25,1,0,181,113,9,-0.514893106529419,-5.23934085522929,0,8,2,2,0,17,94,0,0,0,5,3.19944076245884,0,2,2,1,0,19,31,161,1,1,0,181,113,9,5.63723444780931,0,8,2,2,0,0,41,0,38,2,10,0,2,8,11,0,0,2,0,0,0,0,0,0,0,0,0,1,0,0,0,0,4,40,3,2,0,1,2,0,0,0,5,159,2,2,0,0,37,1,0,0,2,0,0,0,0,0,0,0,0,0,34;37,,,71,0,0,1,1,0,0,1,0,0,0,0,0,3,0,47,129,1,0,1,0,1,1,5,0,124
2015,15,DAL,REG,2015_15_NYJ_DAL,NYJ,18,33,195,1,4,2,-19,0,0,274,101,9,-16.3778357823793,-7.43539102615849,0,10,3,1,0,21,133,0,0,0,5,1.51725506962975,0,5,3,2,0,18,31,195,1,0,0,274,101,9,-5.3767574954726,0,10,3,1,0,0,45,1,23,6,7,0,2,0,6,1,-2,2,0,0,0,0,0,0,0,0,0,0,0,0,0,0,6,54,4,0,0,0,0,0,3,23,5,131,3,3,0,0,50,1,0,1,1,0,1,0,0,0,0,0,0,0,27;38;50,,,115,0,0,1,1,0,0,1,0,0,0,0,0,4,0,52,198,1,2,0,0,1,1,7,0,191
2015,15,DEN,REG,2015_15_DEN_PIT,PIT,21,44,296,3,1,2,-15,1,0,516,81,14,1.99350959272124,-10.1192484525117,0,11,7,2,1,25,104,1,2,1,4,-4.73429548769491,0,2,2,1,0,21,44,296,3,0,0,516,81,14,5.32081826659851,0,11,7,2,1,0,44,9,13,3,19,0,3,26,6,2,13,6,0,0,0,0,0,0,0,0,0,2,-3,0,0,0,12,127,3,1,2,0,3,1,1,4,4,74,0,0,0,0,,,0,0,0,0,0,0,0,0,0,0,0,0,,,,0,0,0,3,4,1,0,0.75,0,0,0,0,0,6,0,52,258,1,1,1,0,1,3,23,0,235
2015,15,DET,REG,2015_15_DET_NO,NO,22,25,254,3,0,3,-8,0,0,83,178,15,16.1310924065474,13.487996339798,0,10,6,4,1,23,150,2,2,1,8,0.350295944168465,0,8,3,2,0,22,25,254,3,0,0,83,178,15,20.9988342306751,0,10,6,4,1,0,44,0,20,3,16,1,1,11,3,0,0,9,0,0,0,0,0,0,0,0,0,1,0,0,0,0,10,92,6,2,0,0,2,1,2,21,5,134,0,1,1,0,,0,0,0,0,0,0,0,0,0,1,0,0,0,,38,,0,38,0,5,5,0,0,1,0,0,0,0,0,3,0,49,133,1,0,1,0,0,2,12,0,121
2015,15,GB,REG,2015_15_GB_OAK,LV,22,39,204,1,1,2,-14,0,0,362,60,11,-4.24181174835474,-0.818928840913271,0,7,3,2,0,28,103,1,1,1,3,-8.39487205288941,0,2,1,1,0,22,38,204,1,0,0,362,60,11,0.0256396138639716,0,7,3,2,0,0,54,0,6,5,24,0,3,24,6,2,77,9,1,0,0,0,0,0,0,0,0,0,0,0,0,0,6,75,4,1,0,0,1,1,2,24,5,117,3,4,0,1,33,0.75,0,2,1,0,0,0,0,0,0,0,0,0,24;21;33,,49,78,0,49,3,3,0,0,1,0,0,0,0,0,4,0,57,211,0,0,1,1,0,2,-3,0,194
2015,15,HOU,REG,2015_15_HOU_IND,IND,17,28,173,1,1,3,-23,1,0,233,55,9,-5.73704149367824,-2.64110465844472,0,6,3,2,0,37,155,0,1,1,7,-1.06666430883219,0,4,3,2,1,17,27,173,1,0,0,233,55,9,-1.10239941497238,0,6,3,2,0,0,33,0,24,4,24,1,3,20,8,1,9,5,0,0,0,0,0,0,0,0,0,1,0,1,34,0,6,48,5,2,0,0,2,1,3,21,0,0,3,4,1,0,46,0.75,0,1,1,1,0,0,0,0,0,0,1,0,22;46;32,56,,100,56,0,1,1,0,0,1,0,0,0,0,0,4,0,59,201,1,0,0,0,0,4,67,0,134
2015,15,IND,REG,2015_15_HOU_IND,HOU,18,32,160,1,1,3,-20,0,0,277,49,10,-5.14248325592097,-3.07371112807044,0,8,2,1,0,19,50,0,0,0,3,-8.0075496454956,0,2,1,0,0,18,29,160,1,1,1,277,49,10,-1.20251057737231,0,8,2,1,0,0,40,0,30,5,26,2,3,23,5,1,6,3,0,0,0,0,0,0,0,0,0,0,0,1,0,0,8,94,4,1,0,0,1,1,4,67,3,80,1,1,0,0,29,1,0,1,0,0,0,0,0,0,0,0,0,0,29,,,29,0,0,1,1,0,0,1,0,0,0,0,0,7,0,55,288,5,0,0,0,4,3,21,0,267
2015,15,JAX,REG,2015_15_ATL_JAX,ATL,23,38,297,1,1,2,-12,1,0,361,94,14,-5.81889477044041,-1.51420332290031,0,13,10,7,0,20,85,1,2,0,6,-1.45573485581554,0,2,1,0,0,23,37,297,1,0,0,361,94,14,-2.67570306416763,0,13,10,7,0,0,55,0,2,8,20,0,1,1,4,1,3,6,0,0,0,0,0,0,0,0,0,3,0,0,0,0,5,62,6,2,1,0,3,0,2,17,3,62,1,1,0,0,42,1,0,0,0,1,0,0,0,0,0,0,0,0,42,,,42,0,0,2,2,0,0,1,0,0,0,0,0,6,0,60,254,1,1,0,0,1,4,21,0,233
2015,15,KC,REG,2015_15_KC_BAL,BAL,21,25,171,1,0,3,-7,0,0,112,104,9,4.56292158243014,13.3105627298355,0,6,2,2,0,28,113,1,0,0,5,-0.419096952218716,0,1,1,1,0,21,25,171,1,1,0,112,104,9,7.19325663137715,0,6,2,2,0,0,45,0,18,3,10,1,2,8,7,2,93,10,1,0,0,0,0,0,0,0,0,1,0,1,73,1,6,55,1,0,1,0,1,0,3,11,1,19,2,2,0,0,53,1,0,0,1,0,1,0,0,0,0,0,0,0,53;32,,,85,0,0,4,4,0,0,1,0,0,0,0,0,5,0,57,232,3,1,1,0,1,2,27,0,205
2015,15,LA,REG,2015_15_TB_STL,TB,14,17,234,2,0,2,-13,0,0,107,131,11,12.1340052045998,11.889955050805,0,11,5,2,1,33,98,2,0,0,4,-8.45170200633396,0,2,2,1,0,14,17,234,2,0,0,107,131,11,14.5369116317015,0,11,5,2,1,0,49,0,12,4,11,0,0,0,12,1,9,4,0,0,0,0,0,0,0,0,0,0,0,1,0,0,5,35,4,0,0,0,0,0,0,0,5,188,1,1,0,0,19,1,1,0,0,0,0,0,0,0,0,0,0,0,19,,,19,0,0,4,4,0,0,1,0,0,0,0,0,5,0,49,220,3,0,2,0,3,0,0,0,220
2015,15,LAC,REG,2015_15_MIA_SD,MIA,26,36,311,3,2,1,-9,0,0,352,131,16,17.056509272421,12.5303988655408,0,14,7,5,0,36,140,1,0,0,7,-4.36446888317005,0,3,2,1,1,26,36,311,3,0,0,352,131,16,19.55905874748,0,14,7,5,0,0,34,12,14,4,24,2,3,29,8,0,0,4,0,0,0,0,0,0,0,0,0,0,0,1,0,0,7,48,6,0,0,0,0,0,6,44,0,0,1,2,1,0,28,0.5,0,1,0,0,0,0,0,0,0,1,0,0,28,48,,28,48,0,3,4,1,0,0.75,0,0,0,0,0,3,0,45,110,0,0,0,0,0,3,16,0,94
2015,15,LV,REG,2015_15_GB_OAK,GB,23,47,276,2,2,3,-24,0,0,542,102,10,-20.5168075728503,-10.8075951008087,0,10,7,5,1,25,120,0,0,0,8,2.26901116716908,0,5,4,1,0,23,47,276,2,0,0,542,102,10,-15.5868577362776,0,10,7,5,1,0,54,0,4,7,23,1,2,14,3,1,1,3,0,0,0,0,0,1,0,0,12,0,0,1,0,0,10,95,5,0,0,0,0,0,2,-3,4,92,2,2,0,0,30,1,0,1,1,0,0,0,0,0,0,0,0,0,23;30,,,53,0,0,2,2,0,0,1,0,0,0,0,0,5,0,60,217,2,1,2,0,0,2,24,0,193
2015,15,MIA,REG,2015_15_MIA_SD,LAC,20,34,216,0,0,3,-29,1,0,304,101,8,1.12152557412628,1.5266784737187,0,8,3,3,0,19,44,2,0,0,4,-4.85168491789955,0,1,1,0,0,20,31,216,0,0,0,304,101,8,6.94861780543579,0,8,3,3,0,0,49,15,15,4,6,0,1,9,6,2,43,8,0,1,0,0,0,0,0,0,0,1,0,0,0,0,9,72,4,2,0,0,2,1,3,16,4,92,0,0,0,0,,,0,0,0,0,0,0,0,0,0,0,0,0,,,,0,0,0,2,2,0,0,1,0,0,0,0,0,8,0,53,366,1,2,0,0,0,6,44,0,322
2015,15,MIN,REG,2015_15_CHI_MIN,CHI,17,20,231,4,0,1,-10,0,0,49,172,10,19.1226759907483,16.6289149224758,0,9,5,4,0,36,129,1,1,0,8,-1.95306241128128,0,3,2,0,0,17,20,231,4,0,0,49,172,10,21.7623476785375,0,9,5,4,0,0,48,5,7,4,24,1,5,32,6,1,3,6,0,0,0,0,0,0,0,0,0,1,-2,1,0,0,4,45,1,0,1,0,1,0,0,0,1,22,1,1,0,0,53,1,0,0,0,0,1,0,0,0,0,0,0,0,53,,,53,0,0,5,5,0,0,1,0,0,0,0,0,3,0,53,129,0,0,0,1,2,0,0,0,109
2015,15,NE,REG,2015_15_TEN_NE,TEN,23,35,267,2,0,2,-14,0,0,200,182,12,12.5286602101696,-1.78755960043739,0,13,5,3,0,26,93,0,0,0,4,-4.18710568809325,0,2,1,0,0,23,34,267,2,0,0,200,182,12,16.1046798556053,0,13,5,3,0,0,37,0,28,4,32,1,5,51,5,2,51,6,0,1,0,0,0,0,0,0,0,0,0,1,0,1,5,35,3,1,0,0,1,1,4,36,1,75,4,5,1,0,43,0.8,0,0,2,2,0,0,0,0,0,1,0,0,43;38;42;32,48,,155,48,0,3,3,0,0,1,0,0,0,0,0,4,0,56,182,0,2,0,0,0,2,24,0,158
2015,15,NO,REG,2015_15_DET_NO,DET,34,52,341,3,0,1,-11,0,0,396,131,21,12.3600499831596,-1.95690198586537,0,16,6,4,0,18,69,0,0,0,3,-3.4339256946987,0,3,1,0,0,34,52,341,3,1,0,396,131,21,14.4193806305052,0,16,6,4,0,0,43,0,12,4,11,2,3,8,3,0,0,1,0,0,0,0,0,0,0,0,0,1,0,1,0,0,6,28,5,1,0,0,1,0,2,12,2,40,2,2,0,0,45,1,0,1,0,1,0,0,0,0,0,0,0,0,45;22,,,67,0,0,3,3,0,0,1,0,0,0,0,0,4,0,47,172,0,1,0,0,1,2,21,0,151
2015,15,NYG,REG,2015_15_CAR_NYG,CAR,29,46,245,4,1,0,0,0,0,276,118,11,0.382039143180009,-2.22804990079668,0,7,4,4,1,27,161,1,1,1,7,2.94473738677334,0,3,2,1,0,29,45,245,4,1,0,276,118,11,1.6222437696124,0,7,4,4,1,0,36,23,23,4,33,0,3,31,5,0,0,9,0,0,0,0,0,1,0,0,9,0,0,1,0,0,7,47,1,2,0,1,2,1,4,32,1,19,0,0,0,0,,,0,0,0,0,0,0,0,0,0,0,0,0,,,,0,0,0,5,5,0,0,1,0,0,0,0,0,7,0,58,315,2,0,1,1,2,3,44,0,251
2015,15,NYJ,REG,2015_15_NYJ_DAL,DAL,26,39,299,1,1,2,0,0,0,311,147,15,7.44683648579404,1.99417311411638,0,13,5,4,1,26,73,1,0,0,4,-7.05161383981384,0,2,1,0,0,26,39,299,1,0,0,311,147,15,9.13994613653631,0,13,5,4,1,0,39,2,14,5,24,0,2,19,6,4,71,4,0,0,0,0,0,0,0,0,0,0,0,0,0,0,8,61,2,0,0,0,0,0,1,7,3,61,2,3,1,0,40,0.666666666666667,0,0,1,1,0,0,0,0,0,1,0,0,36;40,45,,76,45,0,1,2,1,0,0.5,0,0,0,0,0,5,0,57,203,2,2,0,0,0,3,23,0,180
2015,15,PHI,REG,2015_15_ARI_PHI,ARI,28,41,361,2,2,2,-11,1,1,335,124,15,-2.66654456637768,4.61438061987481,0,12,7,5,1,20,74,0,1,1,4,-9.53692603536183,0,2,1,1,0,28,41,361,2,0,0,335,124,15,4.57476559574282,0,12,7,5,1,0,52,0,14,3,6,0,2,11,6,0,0,5,0,0,0,0,0,0,0,0,0,0,0,0,0,0,5,38,3,2,0,0,2,2,2,12,5,118,1,1,0,0,36,1,0,0,1,0,0,0,0,0,0,0,0,0,36,,,36,0,0,2,2,0,0,1,0,0,0,0,0,3,0,53,147,2,0,0,0,2,1,6,0,141
2015,15,PIT,REG,2015_15_DEN_PIT,DEN,40,55,380,3,2,3,-26,0,0,404,133,21,1.7325362987493,9.12483097226531,0,19,6,2,0,17,23,1,0,0,3,-5.8095667497837,0,0,0,0,0,40,54,380,3,0,0,404,133,21,6.64766570228647,0,19,6,2,0,0,38,7,11,5,26,1,2,15,5,1,0,10,0,0,0,0,0,0,0,0,0,0,0,1,0,0,9,63,4,0,0,0,0,0,3,23,2,49,2,2,0,0,41,1,0,1,0,1,0,0,0,0,0,0,0,0,24;41,,,65,0,0,4,4,0,0,1,0,0,0,0,0,6,0,44,232,4,1,1,0,3,1,4,0,228
2015,15,SEA,REG,2015_15_CLE_SEA,CLE,21,30,249,3,0,2,-8,0,0,288,108,14,18.1703772687941,13.7714920372799,0,9,4,4,0,36,182,0,0,0,12,0.669119929285352,0,4,3,0,0,21,29,249,3,0,0,288,108,14,21.1380573300302,0,9,4,4,0,0,35,0,14,4,28,2,3,25,6,1,0,4,0,0,0,0,0,0,0,0,0,0,0,0,0,0,5,30,2,0,0,0,0,0,1,5,4,91,3,3,0,0,49,1,0,1,1,1,0,0,0,0,0,0,0,0,49;27;30,,,106,0,0,3,3,0,0,1,0,0,0,0,0,1,0,64,64,0,0,0,1,0,0,0,0,44
2015,15,SF,REG,2015_15_CIN_SF,CIN,30,50,295,1,3,4,-32,0,0,291,151,12,-12.6077386118372,-9.62444984912872,0,13,6,2,0,17,55,1,0,0,4,0.239685675362125,0,1,1,0,0,30,50,295,1,1,1,291,151,12,-15.2043094209179,0,13,6,2,0,0,47,9,13,6,23,0,4,18,4,0,0,1,0,0,0,0,0,0,0,0,0,0,0,1,0,0,11,98,4,1,0,0,1,1,6,40,3,87,0,1,0,1,,0,0,0,0,0,0,0,0,0,0,0,0,0,,,41,0,0,41,2,2,0,0,1,0,0,0,0,0,7,0,53,284,3,1,0,0,3,3,-1,0,285
2015,15,TB,REG,2015_15_TB_STL,LA,29,50,363,2,1,0,0,0,0,525,126,21,7.72592258830346,0.511828064918518,0,16,8,5,1,27,146,0,1,1,8,-2.08024700032547,0,4,4,1,0,29,49,363,2,1,0,525,126,21,10.4531855639515,0,16,8,5,1,0,36,0,24,4,7,0,2,13,4,0,0,1,0,0,0,0,0,0,0,0,0,1,0,0,0,0,9,56,4,0,2,0,2,1,0,0,2,38,3,3,0,0,53,1,0,1,1,0,1,0,0,0,0,0,0,0,53;32;24,,,109,0,0,2,2,0,0,1,0,0,0,0,0,3,0,52,122,1,0,1,0,2,0,0,0,122
2015,15,TEN,REG,2015_15_TEN_NE,NE,23,34,274,2,2,5,-51,1,1,337,160,11,-9.60572249765459,7.14480750488512,0,8,4,3,1,21,59,0,1,0,3,-8.37962179118767,0,0,0,0,0,23,33,274,2,0,0,337,160,11,3.6682335275982,0,8,4,3,1,0,41,0,24,6,13,1,2,14,5,0,0,2,0,0,0,0,0,0,0,0,0,1,0,1,0,0,3,29,4,1,1,0,2,1,2,24,2,24,1,1,0,0,49,1,0,0,0,1,0,0,0,0,0,0,0,0,49,,,49,0,0,1,2,1,0,0.5,0,0,0,0,0,5,0,61,272,1,1,0,0,0,4,36,0,236
2015,15,WAS,REG,2015_15_BUF_WAS,BUF,22,28,319,4,0,1,-11,0,0,231,134,13,20.9993518517586,13.9863614525114,0,11,7,4,1,27,123,1,0,0,7,-0.615252891322598,0,4,3,1,1,22,28,319,4,0,0,231,134,13,22.8237791141728,0,11,7,4,1,0,40,4,24,6,25,1,5,23,8,0,0,2,0,1,0,0,0,0,0,0,0,0,0,0,0,0,5,6,5,0,1,0,1,1,2,5,3,50,0,0,0,0,,,0,0,0,0,0,0,0,0,0,0,0,0,,,,0,0,0,5,5,0,0,1,0,0,0,0,0,3,0,57,140,1,0,0,1,1,1,0,0,120
2015,16,ARI,REG,2015_16_GB_ARI,GB,19,28,269,2,1,2,-9,0,0,218,150,13,3.84612863280724,5.565263054989,0,10,4,3,2,26,121,1,1,1,5,-3.40327842085389,0,4,4,0,0,19,27,269,2,0,0,218,150,13,7.8872022880221,0,10,4,3,2,0,48,1,13,8,47,4,9,78,12,1,0,3,0,1,0,0,0,0,0,0,0,1,0,3,48,2,10,119,3,1,1,0,2,1,2,9,1,15,1,1,0,0,19,1,1,0,0,0,0,0,0,0,0,0,0,0,19,,,19,0,0,5,5,0,0,1,0,0,0,0,0,4,0,54,172,3,0,1,0,2,1,0,0,172
2015,16,ATL,REG,2015_16_CAR_ATL,CAR,23,30,306,1,0,2,-10,0,0,248,99,13,18.9407088164194,8.9443727813918,0,12,7,3,1,30,77,1,1,1,6,-13.5202493695357,0,4,3,0,0,23,29,306,1,0,0,248,99,13,23.0048821103819,0,12,7,3,1,0,32,1,13,1,2,1,2,29,3,0,0,6,0,0,0,0,0,0,0,0,0,1,-20,1,0,0,3,20,1,0,2,0,2,1,0,0,1,29,2,3,1,0,54,0.666666666666667,0,0,1,0,1,0,0,0,0,1,0,0,37;54,43,,91,43,0,2,2,0,0,1,0,0,0,0,0,1,0,25,25,1,0,0,0,1,0,0,0,25
2015,16,BAL,REG,2015_16_PIT_BAL,PIT,28,41,274,1,0,1,-9,0,0,258,102,16,8.55064919728665,2.65705853700638,0,9,5,2,0,31,121,1,0,0,6,-3.86166890483582,0,5,3,0,0,28,40,274,1,0,0,258,102,16,12.0293878193281,0,9,5,2,0,0,35,0,22,6,28,1,3,22,5,2,-1,7,0,0,0,0,0,0,0,0,0,0,0,1,0,0,12,121,5,0,0,0,0,0,1,-1,3,73,2,2,0,0,50,1,0,0,1,0,1,0,0,0,0,0,0,0,37;50,,,87,0,0,2,2,0,0,1,0,0,0,0,0,6,0,44,234,2,2,1,2,0,1,0,0,194
2015,16,BUF,REG,2015_16_DAL_BUF,DAL,13,18,179,0,1,3,-7,0,0,215,59,7,0.0328206384570282,14.1535558634334,0,8,6,4,0,40,236,2,0,0,11,3.99199149460765,0,6,5,2,1,13,18,179,0,1,1,215,59,7,-3.10408473292906,0,8,6,4,0,0,30,10,12,3,6,1,0,0,1,1,37,7,0,0,0,0,0,0,0,0,0,0,0,1,0,0,7,62,2,1,0,0,1,1,0,0,2,36,1,1,0,0,32,1,0,0,1,0,0,0,0,0,0,0,0,0,32,,,32,0,0,1,2,1,0,0.5,0,0,0,0,0,3,0,49,143,1,1,0,0,0,2,32,0,111
2015,16,CAR,REG,2015_16_CAR_ATL,ATL,17,30,142,0,0,2,-29,1,1,194,73,7,-13.9102947124699,-10.2180321301733,0,6,1,0,0,20,155,1,0,0,11,11.0441581586492,0,4,4,1,0,17,28,142,0,0,0,194,73,7,-5.90989389379963,0,6,1,0,0,0,46,1,11,9,33,0,2,10,6,0,0,1,0,0,0,0,0,0,0,0,0,0,0,1,12,0,4,40,3,1,0,0,1,1,0,0,0,0,2,2,0,0,47,1,0,0,1,1,0,0,0,0,0,0,0,0,33;47,,,80,0,0,1,1,0,0,1,0,0,0,0,0,3,0,63,130,2,0,1,1,1,0,0,0,110
2015,16,CHI,REG,2015_16_CHI_TB,TB,20,27,156,1,0,1,-3,0,0,108,97,7,1.16105351024875,4.92905808819665,0,5,2,1,0,39,174,1,0,0,12,3.81651792775464,0,5,2,0,0,20,27,156,1,0,0,108,97,7,2.47634778848659,0,5,2,1,0,0,26,8,16,4,23,2,1,10,4,1,23,7,0,0,0,0,0,0,0,0,0,0,0,2,0,0,3,25,4,0,0,0,0,0,1,5,0,0,4,4,0,0,50,1,0,2,1,0,1,0,0,0,0,0,0,0,26;27;50;39,,,142,0,0,2,2,0,0,1,0,0,0,0,0,4,1,48,177,2,0,0,0,2,2,0,0,177
2015,16,CIN,REG,2015_16_CIN_DEN,DEN,22,35,200,1,0,2,-14,0,0,335,74,14,8.3183981791065,4.64263501412728,0,10,2,1,0,33,108,1,1,1,6,-3.33887687476818,0,2,2,0,0,22,34,200,1,0,0,335,74,14,11.0576730876622,0,10,2,1,0,0,47,0,12,3,22,1,3,22,6,0,0,5,0,0,0,0,0,0,0,0,0,0,-10,1,0,0,6,45,6,0,1,0,1,1,4,8,2,34,1,2,1,0,52,0.5,0,0,0,0,1,0,0,0,0,1,0,0,52,45,,52,45,0,2,2,0,0,1,0,0,0,0,0,5,0,56,237,1,0,0,2,1,2,20,0,177
2015,16,CLE,REG,2015_16_CLE_KC,KC,13,32,136,0,1,0,0,0,0,296,81,8,-14.5336683167078,-12.1495722696699,0,7,2,1,0,36,232,1,0,0,13,10.6589477138709,0,9,3,3,0,13,29,136,0,0,0,296,81,8,-13.0950767795838,0,7,2,1,0,0,42,0,6,4,6,0,1,3,4,1,46,3,0,0,0,0,0,0,0,0,0,0,0,0,0,0,8,83,6,0,0,0,0,0,2,17,4,76,2,3,0,1,45,0.666666666666667,0,0,1,1,0,0,0,0,0,0,0,0,45;36,,51,81,0,51,1,1,0,0,1,0,0,0,0,0,3,0,49,135,0,1,0,0,0,2,17,0,118
2015,16,DAL,REG,2015_16_DAL_BUF,BUF,13,31,186,0,1,0,0,0,0,287,109,10,-3.99812389555764,-17.0030147830645,0,10,5,4,0,25,121,0,0,0,3,1.14071523951134,0,3,2,1,0,13,30,186,0,0,0,287,109,10,-2.84662388019917,0,10,5,4,0,0,35,16,22,2,7,1,3,7,3,1,0,3,0,0,0,0,0,0,0,0,0,0,0,1,5,0,8,65,5,1,0,0,1,1,2,32,1,15,2,3,1,0,46,0.666666666666667,0,1,0,1,0,0,0,0,0,0,1,0,46;22,50,,68,50,0,0,0,0,0,,0,0,0,0,0,4,0,45,138,3,1,2,0,1,0,0,0,138
2015,16,DEN,REG,2015_16_CIN_DEN,CIN,27,39,299,1,0,3,-22,0,0,365,127,13,6.83821064821593,5.0330794774569,0,10,4,2,0,21,113,1,1,1,5,-2.15511364150356,0,2,2,1,0,27,39,299,1,0,0,365,127,13,11.4195614567135,0,10,4,2,0,0,50,1,13,6,23,0,2,14,7,0,0,2,0,0,0,0,0,0,0,0,0,0,0,1,0,0,5,40,6,1,0,0,1,1,2,20,3,68,2,3,1,0,37,0.666666666666667,0,1,1,0,0,0,0,0,0,1,0,0,23;37,45,,60,45,0,2,2,0,0,1,0,0,0,0,0,5,0,54,217,3,1,0,0,0,4,8,0,209
2015,16,DET,REG,2015_16_SF_DET,SF,29,37,301,2,0,2,-17,0,0,205,193,15,5.28276246393437,6.34973798249219,0,11,6,4,0,28,87,1,0,0,8,-1.27208582265303,0,1,0,0,0,29,37,301,2,0,0,205,193,15,7.41652955496322,0,11,6,4,0,0,43,1,11,3,16,1,3,24,4,0,0,1,0,0,0,0,0,0,0,0,0,0,0,1,0,0,7,71,3,0,0,0,0,0,0,0,2,69,4,4,0,0,38,1,0,0,4,0,0,0,0,0,0,0,0,0,36;38;37;34,,,145,0,0,2,2,0,0,1,0,0,0,0,0,3,0,52,131,2,0,0,0,2,1,0,0,131
2015,16,GB,REG,2015_16_GB_ARI,ARI,16,29,155,1,1,9,-78,3,2,273,70,7,-28.4085669571213,-5.11954837831958,1,5,3,2,0,26,101,0,2,1,5,-5.58087671507383,0,3,1,1,0,16,29,155,1,0,0,273,70,7,-3.85741029797634,1,5,3,2,0,0,41,0,10,3,14,1,2,9,4,1,6,2,0,0,0,0,0,0,0,0,0,2,-2,1,21,0,7,59,3,4,1,0,5,3,1,0,2,30,0,0,0,0,,,0,0,0,0,0,0,0,0,0,0,0,0,,,,0,0,0,0,0,0,0,,0,0,0,0,0,6,0,49,271,2,0,1,0,3,2,9,0,262
2015,16,HOU,REG,2015_16_HOU_TEN,TEN,16,26,207,2,0,1,-5,1,1,285,43,13,9.9806156992729,4.70216641059289,0,9,3,2,1,42,128,1,0,0,5,-4.5246396765772,0,1,1,0,0,16,26,207,2,0,0,285,43,13,15.3676088618397,0,9,3,2,1,0,41,0,6,3,4,3,1,7,8,1,0,7,0,0,0,0,0,0,0,0,0,0,0,3,33,1,4,28,1,1,0,0,1,1,4,37,0,0,2,2,0,0,36,1,0,1,1,0,0,0,0,0,0,0,0,0,22;36,,,58,0,0,4,4,0,0,1,0,0,0,0,0,6,0,56,314,1,0,0,0,1,5,32,0,282
2015,16,IND,REG,2015_16_IND_MIA,MIA,17,29,177,0,0,2,-9,0,0,193,83,11,4.82349673082354,-8.98808795830299,0,8,3,2,0,23,100,2,0,0,6,-0.586615562331057,0,3,2,1,0,17,29,177,0,0,0,193,83,11,6.77953619364416,0,8,3,2,0,0,48,3,15,9,61,0,6,50,7,1,0,5,0,0,1,0,0,0,0,0,0,0,0,0,0,0,6,60,2,0,0,0,0,0,2,35,3,58,1,1,0,0,38,1,0,0,1,0,0,0,0,0,0,0,0,0,38,,,38,0,0,1,2,1,0,0.5,0,0,0,0,0,5,0,63,255,1,0,1,1,2,1,15,0,220
2015,16,JAX,REG,2015_16_JAX_NO,NO,27,35,368,4,2,2,-21,0,0,288,202,17,14.0418862331284,9.46743113654,1,12,7,4,1,15,65,0,2,0,4,-2.56826973281568,0,1,1,1,0,27,35,368,4,0,0,288,202,17,15.6980647143649,1,12,7,4,1,0,46,0,20,3,20,0,1,10,5,0,0,2,0,1,0,0,0,1,0,0,0,3,-4,0,0,0,8,55,4,0,3,0,3,0,1,4,2,65,0,0,0,0,,,0,0,0,0,0,0,0,0,0,0,0,0,,,,0,0,0,1,1,0,0,1,0,0,0,0,0,3,0,53,150,2,0,1,0,1,1,1,0,149
2015,16,KC,REG,2015_16_CLE_KC,CLE,15,22,125,2,1,1,-3,0,0,194,51,8,-1.7735894845066,5.97365010868419,0,6,1,0,0,27,136,0,1,0,6,-0.077346928010229,0,2,2,2,0,15,22,125,2,0,0,194,51,8,0.183245547468461,0,6,1,0,0,0,52,0,2,4,5,0,0,0,5,1,46,4,0,0,0,0,0,1,0,0,0,1,-1,0,0,0,5,33,4,0,1,0,1,0,2,17,4,74,1,1,0,0,40,1,0,0,0,1,0,0,0,0,0,0,0,0,40,,,40,0,0,2,2,0,0,1,0,0,0,0,0,5,0,47,184,1,1,0,1,1,2,17,0,147
2015,16,LA,REG,2015_16_STL_SEA,SEA,14,23,103,1,0,0,0,0,0,157,60,7,0.615663802076597,-7.38393923510676,0,4,2,1,0,30,102,1,2,0,6,1.57787115321568,0,3,1,0,0,14,23,103,1,0,0,157,60,7,0.615663802076597,0,4,2,1,0,0,41,0,26,7,46,3,4,36,13,1,0,6,0,0,0,0,0,0,0,0,0,2,0,2,45,1,5,60,2,2,0,0,2,0,2,24,2,25,1,1,0,0,42,1,0,0,0,1,0,0,0,0,0,0,0,0,42,,,42,0,0,2,3,1,0,0.666666666666667,0,0,0,0,0,6,0,50,240,2,0,1,0,3,2,20,0,220
2015,16,LAC,REG,2015_16_SD_OAK,LV,31,49,277,1,0,1,-6,0,0,351,151,13,6.56434101089257,-2.42339161535104,0,11,5,4,0,25,72,1,0,0,4,-4.84464672865579,0,1,1,1,0,31,49,277,1,1,1,351,144,13,-0.461270803742769,0,11,5,4,0,0,51,0,10,8,42,0,3,29,4,1,1,6,0,0,0,0,0,0,0,0,0,0,0,0,0,0,9,75,7,1,0,0,1,1,1,2,3,57,2,3,1,0,47,0.666666666666667,0,0,0,2,0,0,0,0,0,1,0,0,47;45,48,,92,48,0,2,2,0,0,1,0,0,0,0,0,5,0,52,214,1,0,0,0,3,2,9,0,205
2015,16,LV,REG,2015_16_SD_OAK,LAC,23,38,204,1,1,3,-29,0,0,259,97,8,-4.03151498099265,-4.68773753256411,1,8,4,2,0,24,106,1,0,0,4,-4.54072699343104,0,2,1,1,0,23,37,204,1,0,0,259,97,8,1.38882511558536,1,8,4,2,0,0,52,1,11,5,14,1,1,6,2,0,0,7,0,0,1,0,0,0,0,0,0,0,0,1,40,0,16,121,5,0,0,0,0,0,2,9,6,157,2,2,0,0,50,1,0,0,1,0,1,0,0,0,0,0,0,0,50;31,,,81,0,0,1,1,0,0,1,0,0,0,0,0,8,0,65,400,6,1,3,0,3,1,2,0,398
2015,16,MIA,REG,2015_16_IND_MIA,IND,26,38,329,0,1,6,-50,0,0,293,121,16,1.4807581846851,4.77231740951538,0,13,5,4,1,25,82,1,0,0,4,-2.62195868836716,0,2,1,1,0,26,38,329,0,0,0,293,121,16,10.9681804999725,0,13,5,4,1,0,36,1,13,7,22,0,2,9,5,0,0,5,0,0,0,0,0,0,0,0,0,0,0,0,0,0,9,50,5,0,0,0,0,0,1,15,0,0,2,2,0,0,33,1,0,1,1,0,0,0,0,0,0,0,0,0,33;20,,,53,0,0,0,0,0,0,,0,0,0,0,0,3,0,59,157,1,1,0,0,0,2,35,0,122
2015,16,MIN,REG,2015_16_NYG_MIN,NYG,15,25,168,1,0,3,-18,0,0,191,64,9,-2.10545239307487,-1.62257468700409,0,7,5,3,0,40,218,3,0,0,7,4.98477860828079,0,2,2,2,1,15,25,168,1,0,0,191,64,9,2.7243047159767,0,7,5,3,0,0,38,13,15,6,45,0,4,30,8,3,76,7,1,0,0,0,0,0,0,0,0,0,0,0,0,0,2,10,4,0,0,0,0,0,1,1,3,53,5,5,0,0,53,1,0,2,1,0,2,0,0,0,0,0,0,0,32;52;22;53;27,,,186,0,0,4,5,1,0,0.8,0,0,0,0,0,4,0,52,162,2,0,2,0,0,2,12,0,150
2015,16,NE,REG,2015_16_NE_NYJ,NYJ,22,31,231,1,1,2,-10,0,0,227,117,13,4.91270704553289,5.59935713967969,0,10,5,4,0,22,63,0,0,0,2,-5.83003461110639,0,1,1,0,0,22,31,231,1,0,0,227,117,13,7.52906473127263,0,10,5,4,0,0,45,0,18,3,10,3,1,11,4,0,0,1,0,0,0,0,0,0,0,0,0,0,0,1,14,1,1,7,4,0,0,0,0,0,2,19,2,47,2,2,0,0,44,1,0,0,1,1,0,0,0,0,0,0,0,0,35;44,,,79,0,0,2,2,0,0,1,0,0,0,0,0,4,0,52,184,2,1,1,0,1,1,8,0,176
2015,16,NO,REG,2015_16_JAX_NO,JAX,25,36,412,3,0,1,-10,0,0,378,188,18,27.7190904665085,8.11002343893051,0,16,9,6,2,35,135,2,0,0,9,-2.24879709044206,0,4,2,1,0,25,35,412,3,0,0,378,188,18,29.414923962152,0,16,9,6,2,0,38,0,10,3,26,0,2,21,3,2,13,5,0,0,0,0,0,0,1,0,0,0,0,0,0,0,5,40,6,0,0,0,0,0,1,1,1,19,1,3,1,1,37,0.333333333333333,0,0,1,0,0,0,0,0,0,0,1,0,37,52,28,37,52,28,5,5,0,0,1,0,0,0,0,0,2,0,52,99,0,0,0,1,0,1,4,0,75
2015,16,NYG,REG,2015_16_NYG_MIN,MIN,20,34,302,2,3,4,-30,0,0,226,189,11,-17.9415434525616,-6.61574733607909,0,9,3,3,2,20,91,0,1,0,3,-2.1670936421142,0,3,2,0,0,20,34,302,2,0,0,226,189,11,-12.185326185663,0,9,3,3,2,0,46,10,12,6,17,0,3,18,8,0,0,3,0,1,0,0,0,0,0,0,0,3,-13,0,0,0,7,48,0,0,3,0,3,0,2,12,8,162,1,1,0,0,27,1,0,1,0,0,0,0,0,0,0,0,0,0,27,,,27,0,0,2,2,0,0,1,0,0,0,0,0,6,0,48,241,2,1,2,0,2,1,1,0,240
2015,16,NYJ,REG,2015_16_NE_NYJ,NE,26,41,296,3,0,1,-11,1,1,431,160,17,4.20326044611496,6.38760477304459,0,13,8,5,1,27,143,0,0,0,6,0.540071656112559,0,5,3,0,0,26,40,296,3,2,0,431,160,17,11.9299251436335,0,13,8,5,1,0,36,0,24,4,18,0,2,10,5,1,18,1,0,0,0,0,0,0,0,0,0,0,0,0,0,0,6,39,1,3,0,2,3,1,1,8,1,19,2,2,0,0,49,1,0,0,1,1,0,0,0,0,0,0,0,0,30;49,,,79,0,0,2,2,0,0,1,0,0,0,0,0,5,0,57,239,2,0,0,1,2,2,19,0,200
2015,16,PHI,REG,2015_16_WAS_PHI,WAS,37,56,380,1,0,5,-27,1,0,329,206,17,3.44223818989307,0.162560343742371,0,18,8,2,1,16,45,2,1,1,4,-8.08878529255162,0,1,1,0,0,37,55,380,1,2,1,329,206,17,5.73233867294225,0,18,8,2,1,0,48,0,14,6,23,0,2,14,7,0,0,6,0,1,0,0,0,0,0,0,0,5,-9,0,0,0,8,45,5,3,4,0,7,2,3,-3,2,65,1,1,0,0,34,1,0,0,1,0,0,0,0,0,0,0,0,0,34,,,34,0,0,3,3,0,0,1,0,0,0,0,0,7,0,56,305,3,0,2,0,3,2,10,0,295
2015,16,PIT,REG,2015_16_PIT_BAL,BAL,24,34,220,0,2,3,-22,0,0,303,114,11,-6.08989786516451,4.69695566331639,0,10,5,3,0,20,110,2,0,0,6,0.840835838636849,0,3,2,1,0,24,34,220,0,0,0,303,114,11,-2.25414445568151,0,10,5,3,0,0,45,0,40,3,14,0,1,9,4,0,0,4,0,0,0,0,0,0,0,0,0,1,0,0,0,0,3,25,5,1,1,0,2,1,1,0,0,0,1,1,0,0,34,1,0,0,1,0,0,0,0,0,0,0,0,0,34,,,34,0,0,2,2,0,0,1,0,0,0,0,0,3,0,46,131,1,0,0,0,2,1,-1,0,132
2015,16,SEA,REG,2015_16_STL_SEA,LA,25,41,289,2,1,4,-36,0,0,338,129,13,10.831748225637,-0.702701434493065,0,15,5,2,0,22,59,0,2,2,3,-22.2640693017165,0,1,1,1,0,25,40,289,2,1,0,338,129,13,17.6344123594735,0,15,5,2,0,0,38,0,18,4,13,2,0,0,0,0,0,5,0,0,0,0,0,0,0,0,0,3,-21,0,0,0,10,83,5,3,2,0,5,2,2,20,4,106,1,1,0,0,26,1,0,1,0,0,0,0,0,0,0,0,0,0,26,,,26,0,0,2,2,0,0,1,0,0,0,0,0,5,0,45,202,2,0,2,0,1,2,24,0,178
2015,16,SF,REG,2015_16_SF_DET,DET,22,33,225,2,0,3,-24,1,1,220,120,11,-6.73105759644835,1.07199071031628,0,7,5,4,0,23,121,0,0,0,6,0.75800257769879,0,5,3,2,0,22,33,225,2,0,0,220,120,11,-0.100778779768855,0,7,5,4,0,0,48,0,16,1,10,0,2,17,5,0,0,3,0,0,0,0,0,0,0,0,0,0,0,0,0,0,11,65,4,1,0,0,1,1,1,0,2,57,1,2,1,0,40,0.5,0,0,0,1,0,0,0,0,0,1,0,0,40,45,,40,45,0,2,2,0,0,1,0,0,0,0,0,3,0,47,125,1,0,0,0,3,0,0,0,125
2015,16,TB,REG,2015_16_CHI_TB,CHI,15,29,295,2,1,1,-10,0,0,414,103,14,11.7318129782216,-4.69851994088718,0,13,7,3,3,25,104,1,1,1,5,-7.05358629646057,0,1,1,1,0,15,28,295,2,1,1,414,103,14,8.98967985590571,0,13,7,3,3,0,44,16,18,2,7,0,1,3,2,0,0,2,0,2,0,1,0,0,0,0,0,3,-10,0,0,0,4,47,3,2,3,0,5,2,2,0,1,19,0,1,1,0,,0,0,0,0,0,0,0,0,0,0,0,1,0,,52,,0,52,0,3,3,0,0,1,0,0,0,0,0,4,0,60,173,0,0,0,1,2,1,5,0,148
2015,16,TEN,REG,2015_16_HOU_TEN,HOU,27,51,234,1,1,1,-7,1,1,395,89,12,-12.6736779252677,-9.78257793421839,0,8,3,3,0,11,30,0,1,1,1,-10.5392834427767,0,0,0,0,0,27,51,234,1,0,0,395,89,12,-7.3731231967248,0,8,3,3,0,0,48,0,16,1,3,1,1,5,1,0,0,3,0,1,0,0,0,0,0,0,0,0,0,1,0,0,4,43,4,3,0,0,3,3,5,32,1,21,0,0,0,0,,,0,0,0,0,0,0,0,0,0,0,0,0,,,,0,0,0,0,0,0,0,,0,0,0,0,0,9,0,60,427,7,3,0,0,2,4,37,0,390
2015,16,WAS,REG,2015_16_WAS_PHI,PHI,31,46,365,4,0,2,-14,0,0,425,108,21,20.7266682725832,7.79315149006636,1,18,7,5,0,26,67,0,1,0,4,-8.22155440074857,0,0,0,0,0,31,46,365,4,0,0,425,108,21,23.818158415562,1,18,7,5,0,0,56,0,8,6,40,3,5,27,10,0,0,5,0,0,0,0,0,0,0,0,0,1,-3,2,31,1,8,70,3,0,1,0,1,0,2,10,1,19,1,1,0,0,28,1,0,1,0,0,0,0,0,0,0,0,0,0,28,,,28,0,0,3,4,1,0,0.75,0,0,0,0,0,7,0,57,347,1,1,1,1,1,3,-3,0,330
2015,17,ARI,REG,2015_17_SEA_ARI,SEA,20,43,213,1,3,2,-8,0,0,461,60,13,-10.5340434751541,-14.4558357637982,0,9,4,1,0,13,27,0,0,0,0,-1.36371184384916,0,0,0,0,0,20,43,213,1,0,0,461,60,13,-7.8643116687143,0,9,4,1,0,0,56,2,6,4,28,0,1,16,5,0,0,3,0,0,0,0,0,0,0,0,0,0,0,0,0,0,6,43,2,0,0,0,0,0,1,-2,1,17,0,1,1,0,,0,0,0,0,0,0,0,0,0,0,0,1,0,,51,,0,51,0,0,1,1,0,0,0,0,0,0,0,6,0,56,284,0,1,0,0,1,4,139,0,145
2015,17,ATL,REG,2015_17_NO_ATL,NO,24,36,334,2,1,1,-7,0,0,351,153,18,13.7442963455995,0.941774249076843,0,14,6,5,1,26,87,0,1,1,5,-10.1409314864723,0,2,0,0,0,24,36,334,2,0,0,351,153,18,15.9295333481585,0,14,6,5,1,0,41,2,16,3,9,1,0,0,2,0,0,5,0,0,0,0,0,0,0,0,0,1,0,1,0,0,4,32,4,1,1,0,2,1,0,0,3,73,1,2,0,1,51,0.5,0,0,0,0,1,0,0,0,0,0,0,0,51,,45,51,0,45,2,2,0,0,1,0,0,0,0,0,2,0,45,74,2,0,0,0,2,0,0,0,74
2015,17,BAL,REG,2015_17_BAL_CIN,CIN,30,56,292,1,2,1,-10,0,0,426,140,18,-8.43479314927404,-6.51075241190416,0,18,7,2,0,21,59,0,0,0,2,-3.97160666756099,0,1,1,0,0,30,54,292,1,0,0,426,140,18,-6.39755662202202,0,18,7,2,0,0,30,0,32,2,10,1,3,13,8,0,0,2,0,0,0,0,0,0,0,0,0,0,0,0,0,0,4,38,6,0,0,0,0,0,6,15,5,121,3,3,0,0,50,1,0,1,0,1,1,0,0,0,0,0,0,0,28;50;49,,,127,0,0,1,1,0,0,1,0,0,0,0,0,4,0,48,170,3,3,1,0,0,0,0,0,170
2015,17,BUF,REG,2015_17_NYJ_BUF,NYJ,18,28,182,0,0,2,0,0,0,227,80,10,4.02014383473192,0.90377362711089,0,7,3,2,0,43,113,2,2,1,5,-10.9091196437175,0,2,1,0,0,18,28,182,0,0,0,227,80,10,6.6266564342723,0,7,3,2,0,0,27,10,10,3,7,0,1,3,5,3,3,9,0,0,0,0,0,0,0,0,0,1,0,0,0,0,4,45,4,2,0,0,2,1,1,16,2,52,3,3,0,0,42,1,0,1,1,1,0,0,0,0,0,0,0,0,20;37;42,,,99,0,0,1,2,1,0,0.5,0,0,0,0,0,5,0,51,243,2,0,0,0,1,4,21,0,222
2015,17,CAR,REG,2015_17_TB_CAR,TB,21,26,293,2,0,4,-38,0,0,257,155,12,15.9838413469027,19.5951984478877,0,14,9,5,1,32,111,3,0,0,10,3.82574635325,0,3,2,0,0,21,26,293,2,2,2,257,155,12,13.492073392414,0,14,9,5,1,0,41,0,26,5,24,1,2,16,9,2,46,6,0,0,0,0,0,0,0,0,0,0,0,1,14,0,7,33,4,2,0,0,2,2,2,5,2,51,1,1,0,0,49,1,0,0,0,1,0,0,0,0,0,0,0,0,49,,,49,0,0,5,5,0,0,1,0,0,0,0,0,2,0,51,76,2,0,0,0,1,1,0,0,76
2015,17,CHI,REG,2015_17_DET_CHI,DET,17,23,245,2,3,5,-14,0,0,252,79,10,-0.881639495563726,16.429104105286,0,9,7,5,1,24,111,0,0,0,6,0.473413543892093,0,3,1,0,0,17,23,245,2,0,0,252,79,10,4.12883544048338,0,9,7,5,1,0,48,0,4,3,18,0,4,16,10,0,0,2,0,0,0,0,0,0,0,0,0,0,0,0,0,0,1,15,6,0,0,0,0,0,2,9,4,116,2,2,0,0,49,1,0,0,1,1,0,0,0,0,0,0,0,0,49;34,,,83,0,0,2,2,0,0,1,0,0,0,0,0,2,0,55,102,1,0,1,0,1,0,0,0,102
2015,17,CIN,REG,2015_17_BAL_CIN,BAL,17,27,160,2,0,3,-13,0,0,137,68,11,1.02890611956022,5.11406697332859,0,8,2,2,0,27,145,1,0,0,5,0.0182468675775453,0,4,2,1,0,17,24,160,2,1,0,137,68,11,7.3139686556533,0,8,2,2,0,0,45,0,34,4,17,0,1,10,8,2,14,7,0,0,0,0,0,0,0,0,0,0,0,0,0,0,11,72,6,1,0,1,1,0,0,0,1,12,1,1,0,0,52,1,0,0,0,0,1,0,0,0,0,0,0,0,52,,,52,0,0,3,3,0,0,1,0,0,0,0,0,7,0,53,303,3,0,0,0,1,6,15,0,288
2015,17,CLE,REG,2015_17_PIT_CLE,PIT,24,46,240,0,2,7,-63,1,1,363,97,12,-26.6211037224145,-7.59519306213959,0,9,3,3,1,23,86,0,0,0,5,-1.08013286517235,0,2,2,0,0,24,46,240,0,1,0,363,97,12,-11.9271112361332,0,9,3,3,1,0,38,0,10,0,0,1,0,0,2,2,50,4,0,0,0,0,0,0,0,0,0,1,0,1,9,0,8,47,4,3,0,0,3,2,1,12,5,120,4,4,0,0,39,1,0,2,2,0,0,0,0,0,0,0,0,0,29;39;33;29,,,130,0,0,0,0,0,0,,0,0,0,0,0,3,0,53,143,1,0,1,0,1,1,5,0,138
2015,17,DAL,REG,2015_17_WAS_DAL,WAS,33,48,435,3,2,4,-23,0,0,370,187,22,8.32252977622557,5.1551871933043,0,18,11,8,0,16,100,0,2,2,5,-9.65626953108585,0,3,3,2,0,33,48,435,3,0,0,370,187,22,14.0501695882704,0,18,11,8,0,0,39,6,26,2,15,2,1,13,4,0,0,2,0,0,1,0,0,0,0,0,0,0,-4,0,0,0,4,44,6,1,1,1,2,2,2,6,3,70,0,0,0,0,,,0,0,0,0,0,0,0,0,0,0,0,0,,,,0,0,0,3,3,0,0,1,0,0,0,0,0,5,0,51,231,1,2,0,0,1,2,6,0,225
2015,17,DEN,REG,2015_17_SD_DEN,LAC,19,31,301,1,2,2,-8,1,1,372,142,10,-2.86357677599703,0.0862294627774146,0,12,5,3,2,32,210,2,1,1,11,0.854849847946486,0,8,7,4,0,19,31,301,1,1,1,372,142,10,-1.77379208261668,0,12,5,3,2,0,55,0,6,8,30,1,3,21,7,1,22,7,0,0,0,0,0,0,0,0,0,0,0,0,0,0,6,35,3,3,0,0,3,3,3,33,0,0,2,2,0,0,48,1,0,0,1,1,0,0,0,0,0,0,0,0,48;35,,,83,0,0,3,3,0,0,1,0,0,0,0,0,3,0,53,134,1,0,0,0,2,1,0,0,134
2015,17,DET,REG,2015_17_DET_CHI,CHI,28,39,298,3,0,4,-16,0,0,316,127,18,10.3442709329619,10.2186915202019,0,11,5,4,0,21,67,0,0,0,4,1.50212615198689,0,2,1,0,0,28,39,298,3,0,0,316,127,18,14.1592602790997,0,11,5,4,0,0,47,0,6,5,15,0,5,14,8,3,47,5,0,0,0,0,0,0,0,0,0,0,0,0,0,0,4,21,3,0,0,0,0,0,0,0,4,64,1,2,1,0,59,0.5,0,0,0,0,1,0,0,0,0,0,1,0,59,54,,59,54,0,3,3,0,0,1,0,0,0,0,0,3,0,58,143,0,0,0,0,1,2,9,0,134
2015,17,GB,REG,2015_17_MIN_GB,MIN,28,44,291,1,1,5,-17,1,1,394,135,13,-12.6230065881593,4.18402431316154,0,13,8,4,0,26,76,0,0,0,5,-2.01007194106933,0,2,0,0,0,28,43,291,1,0,0,394,135,13,2.39906571376058,0,13,8,4,0,0,33,4,16,4,11,1,3,8,3,1,0,2,0,0,0,0,0,0,0,0,0,0,0,1,0,0,7,54,3,1,0,0,1,1,2,15,1,26,2,2,0,0,43,1,0,1,0,1,0,0,0,0,0,0,0,0,28;43,,,71,0,0,1,1,0,0,1,0,0,0,0,0,4,0,51,178,0,1,0,0,0,3,21,0,157
2015,17,HOU,REG,2015_17_JAX_HOU,JAX,25,41,249,1,1,2,-7,1,0,294,123,13,-2.06491342719346,-3.99476126199815,0,11,3,3,0,31,160,1,0,0,9,3.26227325783111,0,7,4,1,0,25,41,249,1,0,0,294,123,13,0.363922545833701,0,11,3,3,0,0,37,6,20,7,51,3,8,56,12,2,27,13,1,0,0,0,0,0,0,0,0,1,0,2,5,0,9,55,5,1,0,0,1,0,4,18,0,0,3,4,1,0,51,0.75,0,1,0,0,2,0,0,0,0,0,1,0,29;51;51,50,,131,50,0,3,3,0,0,1,0,0,0,0,0,4,0,52,190,0,0,0,0,0,4,50,0,140
2015,17,IND,REG,2015_17_TEN_IND,TEN,21,38,207,2,1,1,-7,0,0,284,78,11,-2.04580773623139,-9.73538643605,0,6,4,1,1,32,127,0,0,0,8,-3.03218485141117,0,4,2,0,0,21,37,207,2,0,0,284,78,11,1.19830703059733,0,6,4,1,1,0,35,0,20,6,47,0,4,43,5,1,23,5,1,0,0,0,0,0,0,0,0,0,0,0,0,0,6,71,3,0,0,0,0,0,4,18,1,35,3,3,0,0,52,1,0,0,1,1,1,0,0,0,0,0,0,0,49;52;35,,,136,0,0,3,3,0,0,1,0,0,0,0,0,5,0,58,216,2,0,3,0,0,2,9,0,207
2015,17,JAX,REG,2015_17_JAX_HOU,HOU,17,32,239,0,2,8,-56,2,1,276,114,9,-26.735740121655,-11.8688942864537,0,9,6,4,1,14,32,0,1,1,1,-8.02121506677941,0,0,0,0,0,17,32,239,0,0,0,276,114,9,-7.12524959982935,0,9,6,4,1,0,34,10,46,1,4,1,2,7,8,1,15,3,0,0,0,0,0,0,0,0,0,1,0,0,0,0,7,53,5,3,0,0,3,2,4,50,5,104,2,2,0,0,43,1,0,0,1,1,0,0,0,0,0,0,0,0,43;34,,,77,0,0,0,0,0,0,,0,0,0,0,0,5,0,60,251,3,0,0,0,1,4,18,0,233
2015,17,KC,REG,2015_17_OAK_KC,LV,15,25,159,2,2,1,-9,0,0,236,62,9,-9.36329323623795,1.18622442950373,0,8,4,1,0,39,189,1,0,0,12,3.61863440345041,0,6,5,1,0,15,23,159,2,0,0,236,62,9,-5.39948599680793,0,8,4,1,0,0,41,0,10,9,42,2,6,37,8,1,0,4,0,0,1,1,0,0,0,0,0,0,0,0,0,0,5,55,4,0,0,0,0,0,3,22,3,30,0,0,0,0,,,0,0,0,0,0,0,0,0,0,0,0,0,,,,0,0,0,3,3,0,0,1,0,0,0,0,0,5,0,41,178,4,0,1,0,4,0,0,0,178
2015,17,LA,REG,2015_17_STL_SF,SF,22,38,231,0,0,0,0,0,0,366,108,11,2.80505094873104,-4.69060877436086,0,11,2,1,1,33,133,1,1,0,9,-3.50789158746278,0,4,3,1,1,22,38,231,0,0,0,366,108,11,2.80505094873104,0,11,2,1,1,0,53,5,7,8,26,0,1,4,7,1,42,4,0,0,0,0,0,0,0,0,0,1,0,0,0,0,11,105,4,1,0,0,1,0,2,6,3,53,3,5,1,1,44,0.6,0,0,2,1,0,0,0,0,0,0,1,0,33;32;44,52,48,109,52,48,1,1,0,0,1,0,0,0,0,0,5,0,68,259,1,0,1,1,3,0,0,0,239
2015,17,LAC,REG,2015_17_SD_DEN,DEN,21,35,228,2,1,3,-21,0,0,285,155,8,-6.42034185060256,-3.37862172297069,0,7,2,1,1,29,110,0,1,0,5,-5.31418381666299,0,3,3,1,0,21,35,228,2,1,0,285,155,8,-1.17468537028835,0,7,2,1,1,0,48,0,6,4,9,3,2,8,6,2,45,6,0,1,0,0,0,0,0,0,0,2,-3,3,0,0,7,45,4,1,2,1,3,0,1,0,1,17,2,2,0,0,50,1,0,0,0,1,1,0,0,0,0,0,0,0,50;42,,,92,0,0,2,2,0,0,1,0,0,0,0,0,7,0,56,355,1,0,2,1,1,3,33,0,302
2015,17,LV,REG,2015_17_OAK_KC,KC,21,33,194,1,1,6,-37,2,0,175,104,9,-7.48564962978708,-3.1308458186686,0,10,3,1,0,16,48,0,0,0,2,-2.04476154028899,0,0,0,0,0,21,32,194,1,0,0,175,104,9,0.569531361659756,0,10,3,1,0,0,50,0,12,6,21,0,1,9,2,2,26,2,1,0,0,0,0,0,0,0,0,1,0,0,0,0,7,59,4,2,0,1,2,0,0,0,4,147,1,1,0,0,29,1,0,1,0,0,0,0,0,0,0,0,0,0,29,,,29,0,0,2,2,0,0,1,0,0,0,0,0,6,1,57,271,1,2,1,0,0,3,22,0,249
2015,17,MIA,REG,2015_17_NE_MIA,NE,25,38,350,2,0,1,-8,0,0,512,81,16,15.802534921229,9.67133739276936,0,15,8,6,1,34,96,0,0,0,4,-14.6597004031993,0,2,2,1,0,25,38,350,2,0,0,512,81,16,17.0907307997291,0,15,8,6,1,0,37,0,12,4,12,1,2,14,8,0,0,5,0,0,0,0,0,0,0,0,0,1,0,0,0,0,10,93,0,0,1,0,1,0,3,43,0,0,2,3,1,0,38,0.666666666666667,1,0,1,0,0,0,0,0,0,1,0,0,38;19,46,,57,46,0,2,2,0,0,1,0,0,0,0,0,5,0,56,243,2,0,0,1,2,2,27,0,196
2015,17,MIN,REG,2015_17_MIN_GB,GB,10,19,99,0,1,3,-8,0,0,171,55,5,-8.91655048685601,-3.17387370502248,0,6,2,1,0,27,151,1,1,0,6,7.70695397630334,0,5,2,2,1,10,17,99,0,0,0,171,55,5,-4.90974806544885,0,6,2,1,0,0,46,8,24,7,19,1,5,17,11,1,0,3,0,1,0,0,0,0,0,0,0,1,0,1,55,1,5,37,4,1,2,1,3,1,3,21,2,94,2,2,0,0,39,1,0,0,2,0,0,0,0,0,0,0,0,0,39;32,,,71,0,0,2,2,0,0,1,0,0,0,0,0,5,0,52,195,3,0,0,0,3,2,15,0,180
2015,17,NE,REG,2015_17_NE_MIA,MIA,13,25,140,0,0,2,-14,1,0,198,113,3,-6.89749424163906,-10.3425370454788,0,3,2,2,1,27,70,1,0,0,4,-4.65649850299919,0,1,0,0,0,13,25,140,0,0,0,198,113,3,-4.30528776491715,0,3,2,2,1,0,49,0,16,5,16,0,1,8,3,0,0,3,0,0,0,0,0,0,0,0,0,1,0,0,0,0,7,41,3,1,0,0,1,0,2,27,0,0,1,2,1,0,34,0.5,0,0,1,0,0,0,0,0,0,1,0,0,34,46,,34,46,0,1,1,0,0,1,0,0,0,0,0,7,0,61,361,2,1,0,1,2,3,43,0,298
2015,17,NO,REG,2015_17_NO_ATL,ATL,32,43,323,1,0,0,0,0,0,388,138,16,11.9673495097959,9.44528739119685,0,13,6,6,0,22,67,1,1,1,6,-5.25255816092932,0,2,0,0,0,32,43,323,1,0,0,388,138,16,11.9673495097959,0,13,6,6,0,0,42,3,13,4,18,1,1,7,3,1,3,2,0,0,0,0,0,1,0,0,0,0,0,1,0,0,4,45,6,1,0,0,1,1,0,0,2,75,2,2,0,0,41,1,0,0,1,1,0,0,0,0,0,0,0,0,41;30,,,71,0,0,2,2,0,0,1,1,1,0,0,30,2,0,55,105,1,0,0,0,2,0,0,0,105
2015,17,NYG,REG,2015_17_PHI_NYG,PHI,24,43,302,2,0,2,-8,1,1,340,142,18,-4.91710689134638,-5.67827820777893,0,14,6,3,1,36,208,1,0,0,11,7.763630623871,0,5,4,3,0,24,42,302,2,0,0,340,142,18,8.74448384979512,0,14,6,3,1,0,32,20,20,4,9,1,1,5,2,1,0,4,0,0,0,0,0,0,0,0,0,1,0,1,0,0,2,10,5,1,1,0,2,1,1,5,0,0,3,3,0,0,48,1,0,1,1,1,0,0,0,0,0,0,0,0,22;30;48,,,100,0,0,3,3,0,0,1,0,0,0,0,0,3,0,42,107,3,0,3,0,0,0,0,0,107
2015,17,NYJ,REG,2015_17_NYJ_BUF,BUF,16,37,181,2,3,1,-3,0,0,412,52,10,-5.77691916632186,-14.3584566811721,0,9,4,2,1,17,122,0,0,0,4,4.46155531759723,0,2,2,1,1,16,36,181,2,0,0,412,52,10,-4.36858762870263,0,9,4,2,1,0,38,16,26,4,8,2,2,0,2,0,0,5,0,0,0,0,0,0,0,0,0,0,0,1,0,0,6,41,5,0,0,0,0,0,4,21,2,30,1,2,1,0,39,0.5,0,0,1,0,0,0,0,0,0,1,0,0,39,40,,39,40,0,2,2,0,0,1,0,0,0,0,0,4,0,50,161,0,1,2,0,0,1,16,0,145
2015,17,PHI,REG,2015_17_PHI_NYG,NYG,30,38,320,2,1,1,-5,0,0,206,202,16,17.0775051235396,10.3525982091301,0,12,6,4,1,26,120,2,1,1,7,-2.85585235452163,0,2,2,1,1,30,38,320,2,0,0,206,202,16,18.3327147459786,0,12,6,4,1,0,35,26,26,3,9,1,2,8,4,0,0,5,0,0,0,0,0,0,0,0,0,0,0,1,83,1,3,11,2,1,0,0,1,1,0,0,2,24,0,0,0,0,,,0,0,0,0,0,0,0,0,0,0,0,0,,,,0,0,0,5,5,0,0,1,0,0,0,0,0,3,0,43,124,0,0,1,1,0,1,5,0,99
2015,17,PIT,REG,2015_17_PIT_CLE,CLE,24,36,349,3,2,0,0,0,0,433,83,16,11.5990348885918,9.85839371052053,1,12,10,5,2,19,30,0,0,0,0,-9.49758448201464,0,0,0,0,0,24,36,349,3,1,1,433,83,16,5.62248268156885,1,12,10,5,2,0,56,0,14,7,47,3,7,63,11,2,13,8,0,0,0,0,0,0,0,0,0,0,0,2,0,0,9,45,2,1,0,0,1,1,1,5,2,39,2,3,1,0,39,0.666666666666667,0,1,1,0,0,0,0,0,0,1,0,0,39;21,48,,60,48,0,2,2,0,0,1,0,0,0,0,0,3,0,57,156,1,0,1,1,0,1,12,0,124
2015,17,SEA,REG,2015_17_SEA_ARI,ARI,22,32,225,3,0,1,-16,0,0,266,102,14,17.4836769319385,5.62905804254115,0,7,4,3,0,36,145,1,0,0,7,-4.82347747479798,0,3,3,1,1,22,32,225,3,0,0,266,102,14,19.6794098381762,0,7,4,3,0,0,31,1,5,1,1,0,2,8,9,3,56,10,0,0,0,0,0,0,0,0,0,0,0,0,0,0,6,70,4,0,0,0,0,0,4,139,0,0,3,4,1,0,52,0.75,0,0,1,0,2,0,0,0,0,1,0,0,52;33;52,40,,137,40,0,3,4,1,0,0.75,0,0,0,0,0,2,0,46,91,2,0,0,0,1,1,-2,0,93
2015,17,SF,REG,2015_17_STL_SF,LA,28,44,354,1,1,1,-4,0,0,206,249,13,-1.12239334640192,-1.91997160965746,0,12,8,8,1,33,108,0,2,0,5,-5.66068660153401,0,2,2,1,1,28,44,354,1,0,0,206,249,13,-0.138958958919214,0,12,8,8,1,0,51,8,12,8,21,1,0,0,3,0,0,5,0,0,0,0,0,1,0,0,18,2,-15,0,0,0,7,60,3,0,2,0,2,0,0,0,3,65,4,4,0,0,38,1,0,3,1,0,0,0,0,0,0,0,0,0,26;28;38;23,,,115,0,0,1,1,0,0,1,1,1,0,0,23,5,0,61,195,3,1,0,1,1,2,6,0,169
2015,17,TB,REG,2015_17_TB_CAR,CAR,29,47,325,0,2,2,-16,0,0,336,175,16,-6.80135594854145,0.422255853389172,0,15,6,6,0,22,77,1,0,0,4,-2.57839494227665,0,2,2,1,0,29,47,325,0,0,0,336,175,16,-3.0905741206814,0,15,6,6,0,0,31,0,48,5,39,2,4,38,5,0,0,2,0,1,0,0,0,0,0,0,0,0,0,2,0,0,4,50,3,1,0,0,1,1,1,0,0,0,1,1,0,0,39,1,0,0,1,0,0,0,0,0,0,0,0,0,39,,,39,0,0,1,1,0,0,1,0,0,0,0,0,4,0,41,147,1,0,0,0,2,2,5,0,142
2015,17,TEN,REG,2015_17_TEN_IND,IND,15,27,137,1,1,4,-43,0,0,143,46,8,-14.1798651114765,-8.614497423172,0,6,4,1,0,27,137,2,0,0,4,5.57802668126533,0,2,2,1,0,15,25,137,1,0,0,143,46,8,2.88693352812371,0,6,4,1,0,0,45,0,18,3,10,0,1,7,5,1,5,2,0,1,0,0,0,0,0,0,0,1,0,0,0,0,6,60,3,0,1,0,1,0,2,9,0,0,1,1,0,0,49,1,0,0,0,1,0,0,0,0,0,0,0,0,49,,,49,0,0,3,3,0,0,1,0,0,0,0,0,6,0,52,300,2,0,0,0,2,4,18,0,282
2015,17,WAS,REG,2015_17_WAS_DAL,DAL,19,26,304,4,0,1,-13,1,0,188,169,11,19.4167952315451,11.5728759994874,0,9,6,6,2,36,146,0,0,0,8,-4.49423397815553,0,4,3,1,0,19,26,304,4,1,0,188,169,11,21.0645783673076,0,9,6,6,2,0,46,2,10,5,24,1,4,23,6,2,25,4,0,0,0,0,0,0,0,0,0,1,0,1,0,0,3,20,1,2,0,1,2,0,2,6,0,0,2,2,0,0,33,1,0,1,1,0,0,0,0,0,0,0,0,0,27;33,,,60,0,0,4,4,0,0,1,0,0,0,0,0,4,0,58,200,3,0,0,0,2,2,6,0,194
2015,18,CIN,POST,2015_18_PIT_CIN,PIT,23,41,212,1,1,3,-24,2,1,316,68,11,-7.97432946178444,-5.21113948944287,0,8,4,2,0,24,91,1,2,1,5,-6.60212584225508,0,3,3,1,0,23,39,212,1,1,1,316,68,11,-0.184286907290451,0,8,4,2,0,0,48,0,20,5,25,2,4,38,9,1,0,6,0,0,0,0,0,0,0,0,0,2,-1,1,0,0,8,79,5,4,1,0,5,3,2,34,2,50,1,1,0,0,36,1,0,0,1,0,0,0,0,0,0,0,0,0,36,,,36,0,0,1,1,0,0,1,0,0,0,0,0,6,0,51,255,3,0,2,0,2,2,8,0,247
2015,18,GB,POST,2015_18_GB_WAS,WAS,21,36,210,2,0,1,-5,0,0,365,78,11,10.7251584276545,1.81094206431333,1,7,2,2,0,32,141,2,1,1,11,-1.66095275036975,0,4,2,2,0,21,34,210,2,0,0,365,78,11,11.454969186614,1,7,2,2,0,0,38,6,34,6,51,2,6,59,12,0,0,7,0,0,0,0,0,0,0,0,0,0,0,1,0,0,3,23,5,1,0,0,1,1,2,29,1,22,2,2,0,0,43,1,0,1,0,1,0,0,0,0,0,0,0,0,43;29,,,72,0,0,3,3,0,0,1,0,0,0,0,0,4,0,55,181,1,0,2,0,1,1,5,0,176
2015,18,HOU,POST,2015_18_KC_HOU,KC,15,34,136,0,4,3,-24,2,1,336,46,10,-26.8489401856205,-19.2838364664246,0,6,3,0,0,25,114,0,0,0,3,-0.654784592450596,0,2,2,1,1,15,34,136,0,0,0,336,46,10,-16.7205507359467,0,6,3,0,0,0,41,10,32,4,18,0,3,17,4,1,0,2,0,0,0,0,0,0,0,0,0,1,0,0,0,0,4,29,4,2,0,0,2,1,0,0,0,0,0,0,0,0,,,0,0,0,0,0,0,0,0,0,0,0,0,,,,0,0,0,0,0,0,0,,0,0,0,0,0,5,0,53,228,1,0,0,0,1,4,34,0,194
2015,18,KC,POST,2015_18_KC_HOU,HOU,17,22,190,1,1,3,-17,0,0,178,97,8,0.868727652401135,8.75085836107081,0,5,5,2,1,37,141,1,0,0,8,-1.03689930777899,0,3,2,1,0,17,22,190,1,0,0,178,97,8,4.94724699207436,0,5,5,2,1,1,27,7,23,2,12,2,3,24,2,4,35,8,0,0,0,0,0,0,0,0,0,0,0,1,0,0,5,52,3,0,0,0,0,0,4,34,1,106,3,3,0,0,49,1,0,0,1,2,0,0,0,0,0,0,0,0,49;49;33,,,131,0,0,3,3,0,0,1,0,0,0,0,0,4,0,56,181,3,1,0,0,3,0,0,0,181
2015,18,MIN,POST,2015_18_SEA_MIN,SEA,17,24,146,0,0,3,-21,0,0,134,87,6,-3.42810166071706,2.36482371886571,0,5,2,1,0,29,58,0,0,0,4,-8.13072356403651,0,1,1,0,0,17,24,146,0,1,1,134,87,6,-3.24173689600864,0,5,2,1,0,0,36,10,10,4,18,0,2,13,7,1,24,8,0,0,0,0,0,0,0,0,0,0,0,0,0,0,2,46,5,1,0,0,1,1,2,7,3,65,3,4,1,0,47,0.75,0,1,0,2,0,0,0,1,0,0,0,0,22;43;47,27,,112,27,0,0,0,0,0,,0,1,1,0,27,5,0,47,172,1,0,1,0,1,3,10,0,162
2015,18,PIT,POST,2015_18_PIT_CIN,CIN,20,36,240,1,1,4,-38,0,0,206,180,10,-7.05316672554325,-8.4062477780713,0,9,5,4,1,29,167,0,1,0,6,0.321835409093183,0,3,3,2,1,20,36,240,1,1,1,206,179,10,-5.30585440025751,0,9,5,4,1,0,42,0,18,6,19,4,3,24,7,1,35,4,0,0,0,0,0,0,0,0,0,0,0,3,8,0,10,142,4,2,0,1,2,1,2,8,1,16,4,4,0,0,39,1,0,0,4,0,0,0,0,0,0,0,0,0,39;30;34;35,,,138,0,0,0,0,0,0,,1,1,0,0,35,7,0,47,293,3,0,2,0,3,2,34,0,259
2015,18,SEA,POST,2015_18_SEA_MIN,MIN,13,26,142,1,1,2,-13,0,0,267,81,9,-4.87045931979899,-8.53141018977532,0,6,3,2,0,28,97,0,0,0,2,-8.21170799958054,0,3,1,0,0,13,26,142,1,0,0,267,81,9,-2.01491579460796,0,6,3,2,0,0,40,12,14,7,31,1,3,21,7,0,0,5,0,0,0,0,0,0,0,0,0,2,0,1,0,0,6,65,6,0,2,0,2,0,3,10,1,12,1,1,0,0,46,1,0,0,0,1,0,0,0,0,0,0,0,0,46,,,46,0,0,1,1,0,0,1,0,0,0,0,0,5,0,41,177,2,0,3,0,0,2,7,0,170
2015,18,WAS,POST,2015_18_GB_WAS,GB,29,46,329,1,0,6,-59,2,1,381,155,14,-11.5122314667575,-1.25082238860752,0,14,8,5,0,18,84,1,0,0,5,0.796274696680484,0,3,3,1,0,29,46,329,1,0,0,381,155,14,5.51257467707492,0,14,8,5,0,0,37,7,25,4,11,1,1,5,2,0,0,4,0,0,1,0,0,0,0,0,0,2,0,1,0,0,7,55,4,2,1,0,3,1,1,5,5,96,1,1,0,0,25,1,0,1,0,0,0,0,0,0,0,0,0,0,25,,,25,0,0,1,2,1,0,0.5,0,0,0,0,0,5,0,60,253,3,0,3,0,0,2,29,0,224
2015,19,ARI,POST,2015_19_GB_ARI,GB,25,41,349,3,2,3,-21,1,0,392,163,16,7.58533144029634,-0.261510363439234,0,13,7,4,1,19,40,0,0,0,2,-5.12642645668222,0,0,0,0,0,25,41,349,3,0,0,392,163,16,11.010272354503,0,13,7,4,1,0,44,2,6,7,20,0,1,10,2,1,1,6,0,0,0,0,0,0,0,0,0,1,0,0,0,0,3,26,4,1,0,0,1,0,1,12,2,37,2,2,0,0,36,1,0,1,1,0,0,0,0,0,0,0,0,0,28;36,,,64,0,0,2,2,0,0,1,0,0,0,0,0,3,0,55,147,2,1,0,0,1,1,0,0,147
2015,19,CAR,POST,2015_19_SEA_CAR,SEA,16,22,161,1,0,1,-10,0,0,161,63,12,12.4993427026224,7.20121183178642,0,7,4,1,0,41,144,2,1,0,7,-5.46728592284489,0,2,1,1,1,16,22,161,1,0,0,161,63,12,14.7936856232722,0,7,4,1,0,0,32,1,27,4,41,0,5,41,14,2,14,5,1,1,0,0,0,0,0,0,0,2,2,0,0,0,3,25,6,1,1,0,2,0,1,0,4,59,1,1,0,0,48,1,0,0,0,1,0,0,0,0,0,0,0,0,48,,,48,0,0,4,4,0,0,1,0,0,0,0,0,5,0,46,188,2,0,1,0,3,1,8,0,180
2015,19,DEN,POST,2015_19_PIT_DEN,PIT,21,37,222,0,0,1,-7,0,0,335,81,12,-5.79957851557633,-8.17560287746223,1,11,3,2,0,33,109,1,1,0,6,-5.77886999319438,0,2,1,1,0,21,37,222,0,0,0,335,81,12,-4.35438586677997,1,11,3,2,0,0,41,0,10,6,36,1,3,28,3,0,0,5,0,0,0,0,0,0,0,0,0,1,-1,1,0,0,4,49,6,0,1,0,1,0,1,42,0,0,5,5,0,0,51,1,0,1,0,3,1,0,0,0,0,0,0,0,28;41;51;41;45,,,206,0,0,0,0,0,0,,0,0,0,0,0,6,0,57,282,3,0,1,1,0,4,20,0,242
2015,19,GB,POST,2015_19_GB_ARI,ARI,24,44,261,2,1,1,-10,0,0,538,78,12,0.57246870116983,-0.947101059414092,0,10,4,2,2,22,135,0,0,0,5,3.38327908801148,0,3,3,1,1,24,42,261,2,0,0,538,78,12,2.39161198685365,0,10,4,2,2,0,45,0,6,6,27,1,3,21,5,2,0,6,0,0,0,0,0,0,0,0,0,0,0,0,0,0,8,55,6,0,0,0,0,0,1,0,3,77,2,2,0,0,34,1,0,1,1,0,0,0,0,0,0,0,0,0,28;34,,,62,0,0,2,2,0,0,1,0,0,0,0,0,4,0,37,143,0,1,0,0,2,1,12,0,131
2015,19,KC,POST,2015_19_KC_NE,NE,29,50,246,1,0,1,-3,0,0,393,81,14,3.37071460287929,-0.383264301939214,0,12,4,2,0,32,135,1,0,0,10,3.62808374752058,0,4,2,0,0,29,47,246,1,1,1,393,81,14,1.44923358351388,0,12,4,2,0,0,32,0,12,2,5,0,0,0,1,0,0,2,0,0,0,0,0,0,0,0,0,0,0,0,0,0,5,40,6,1,0,0,1,1,2,27,3,90,2,2,0,0,34,1,0,0,2,0,0,0,0,0,0,0,0,0,34;32,,,66,0,0,2,2,0,0,1,0,0,0,0,0,3,0,42,107,2,0,1,0,1,1,22,0,85
2015,19,NE,POST,2015_19_KC_NE,KC,28,42,302,2,0,0,0,0,0,276,126,17,8.8327775821208,0.857603768023049,0,14,6,3,1,14,38,1,0,0,3,-0.265623206330929,0,2,0,0,0,28,41,302,2,0,0,276,126,17,9.50892067666883,0,14,6,3,1,0,41,0,38,4,9,1,1,3,5,0,0,5,0,0,0,0,0,0,0,0,0,0,0,1,0,0,6,24,4,0,0,0,0,0,1,22,1,26,2,2,0,0,40,1,0,0,1,1,0,0,0,0,0,0,0,0,40;32,,,72,0,0,3,3,0,0,1,0,0,0,0,0,3,0,43,126,0,0,0,1,0,2,27,0,79
2015,19,PIT,POST,2015_19_PIT_DEN,DEN,24,37,339,0,0,3,-28,0,0,324,164,10,0.696436866148278,-0.479636424117618,0,11,8,7,2,19,85,1,1,1,4,-6.78100516507402,0,2,2,1,1,24,36,339,0,0,0,324,164,10,6.62690797113475,0,11,8,7,2,0,48,1,15,8,17,0,1,7,3,0,0,5,0,1,0,0,0,0,0,0,0,0,0,0,0,0,5,38,4,1,1,1,2,1,4,20,0,0,3,3,0,0,47,1,0,1,0,2,0,0,0,0,0,0,0,0,43;28;47,,,118,0,0,1,1,0,0,1,0,0,0,0,0,6,0,52,238,1,3,0,1,1,1,42,0,176
2015,19,SEA,POST,2015_19_SEA_CAR,CAR,31,48,366,3,2,5,-41,0,0,476,100,18,-3.90018894002358,9.68276819457179,0,17,7,4,0,12,78,0,0,0,5,6.12139115226455,0,2,2,0,0,31,46,366,3,0,0,476,100,18,5.00044334706101,0,17,7,4,0,0,38,0,44,3,17,1,1,10,1,0,0,3,0,0,0,0,0,0,0,0,0,0,0,0,0,0,3,20,6,0,0,0,0,0,1,8,3,92,1,2,1,0,36,0.5,0,0,1,0,0,0,0,0,0,0,1,0,36,55,,36,55,0,3,3,0,0,1,0,0,0,0,0,3,0,42,109,2,1,0,0,1,1,0,0,109
2015,20,ARI,POST,2015_20_ARI_CAR,CAR,23,41,235,1,4,3,-8,2,2,479,112,14,-21.7579178695451,-4.18144242792595,0,12,3,1,0,16,60,1,0,0,5,2.42455914952746,1,3,3,1,0,23,41,235,1,0,0,479,112,14,-12.8929153100471,0,12,3,1,0,0,34,0,42,3,13,0,1,11,2,1,72,3,0,1,0,0,0,0,0,0,0,0,0,0,0,0,8,51,1,2,1,0,3,3,2,2,2,45,0,0,0,0,,,0,0,0,0,0,0,0,0,0,0,0,0,,,,0,0,0,1,1,0,0,1,0,0,0,0,0,4,0,52,195,1,0,0,0,2,2,38,0,157
2015,20,CAR,POST,2015_20_ARI_CAR,ARI,19,28,335,2,1,1,-11,0,0,356,144,11,11.0469528400438,10.2295946862016,1,11,5,4,2,37,152,3,0,0,8,0.185664390271995,0,7,5,2,0,19,28,335,2,0,0,356,144,11,13.077161490671,1,11,5,4,2,0,30,0,26,3,15,2,3,8,6,4,27,9,1,0,0,0,0,0,0,0,0,0,0,3,0,0,5,45,2,0,0,0,0,0,2,38,1,19,2,2,0,0,45,1,0,1,0,1,0,0,0,0,0,0,0,0,45;21,,,66,0,0,5,5,0,0,1,0,0,0,0,0,3,0,44,119,0,0,0,0,1,2,2,0,117
2015,20,DEN,POST,2015_20_NE_DEN,NE,17,32,176,2,0,3,-31,0,0,369,31,9,-2.49974361164009,-4.29340399080707,0,7,2,2,0,30,99,0,1,1,2,-13.2009857454686,0,2,2,1,0,17,31,176,2,0,0,369,31,9,4.23769837050254,0,7,2,2,0,0,38,2,22,3,12,1,4,18,17,2,12,10,0,0,0,0,0,0,1,0,0,0,-6,0,0,0,7,51,5,0,1,0,1,1,3,21,1,3,2,2,0,0,52,1,0,0,1,0,1,0,0,0,0,0,0,0,52;31,,,83,0,0,2,2,0,0,1,0,0,0,0,0,9,0,54,423,4,1,1,0,3,4,48,0,375
2015,20,NE,POST,2015_20_NE_DEN,DEN,27,56,310,1,2,4,-18,0,0,460,127,13,-11.122936939751,-13.281225040555,0,11,6,4,1,17,44,1,0,0,3,-3.28740656498121,0,1,0,0,0,27,56,310,1,1,0,460,127,13,-4.87269195861054,0,11,6,4,1,0,47,1,9,8,39,0,3,31,4,0,0,6,0,0,0,0,0,0,0,0,0,1,0,1,0,0,7,53,5,1,0,0,1,0,4,48,1,19,2,2,0,0,46,1,0,0,1,1,0,0,0,0,0,0,0,0,46;38,,,84,0,0,0,1,1,0,0,0,0,0,0,0,6,0,55,281,1,1,1,0,1,3,21,0,260
2015,21,CAR,POST,2015_21_CAR_DEN,DEN,18,41,265,0,1,7,-68,2,2,419,105,10,-16.3503419241618,-16.8262092024088,0,11,6,4,2,27,118,1,2,1,8,-3.45768410534947,0,7,4,0,0,18,40,265,0,0,0,419,105,10,-0.760305224991805,0,10,6,4,2,0,38,5,19,8,35,3,5,37,5,1,19,6,0,0,0,0,0,0,0,0,0,1,0,1,0,0,12,102,6,4,0,0,4,3,3,2,2,42,1,2,1,0,39,0.5,0,0,1,0,0,0,0,0,0,1,0,0,39,44,,39,44,0,1,1,0,0,1,0,0,0,0,0,7,0,61,315,1,0,1,1,4,1,61,0,234
2015,21,DEN,POST,2015_21_CAR_DEN,CAR,13,23,141,0,1,5,-37,2,1,159,60,5,-12.5244847497411,-9.12134621454322,1,5,5,3,0,28,90,1,0,0,4,-8.11941991481581,0,3,3,1,0,13,23,141,0,0,0,159,60,5,-2.01824470828029,1,5,5,3,0,0,43,11,17,4,29,4,7,68,13,1,-3,10,0,1,0,0,0,0,0,0,0,2,0,3,5,1,6,51,2,3,0,0,3,1,1,61,2,42,3,3,0,0,34,1,0,0,3,0,0,0,0,0,0,0,0,0,34;33;30,,,97,0,0,1,1,0,0,1,0,0,0,0,0,8,0,54,367,2,3,0,0,2,3,2,0,365
