season,week,team,season_type,game_id,opponent_team,completions,attempts,passing_yards,passing_tds,passing_interceptions,sacks_suffered,sack_yards_lost,sack_fumbles,sack_fumbles_lost,passing_air_yards,passing_yards_after_catch,passing_first_downs,passing_epa,passing_cpoe,passing_2pt_conversions,passing_10,passing_16,passing_20,passing_40,carries,rushing_yards,rushing_tds,rushing_fumbles,rushing_fumbles_lost,rushing_first_downs,rushing_epa,rushing_2pt_conversions,rushing_10,rushing_12,rushing_20,rushing_40,receptions,targets,receiving_yards,receiving_tds,receiving_fumbles,receiving_fumbles_lost,receiving_air_yards,receiving_yards_after_catch,receiving_first_downs,receiving_epa,receiving_2pt_conversions,receiving_10,receiving_16,receiving_20,receiving_40,special_teams_tds,def_tackles_solo,def_tackles_with_assist,def_tackle_assists,def_tackles_for_loss,def_tackles_for_loss_yards,def_fumbles_forced,def_sacks,def_sack_yards,def_qb_hits,def_interceptions,def_interception_yards,def_pass_defended,def_tds,def_fumbles,def_safeties,def_punt_blocks,def_pat_blocks,def_fg_blocks,def_2pt_atts,def_2pt_made,misc_yards,fumble_recovery_own,fumble_recovery_yards_own,fumble_recovery_opp,fumble_recovery_yards_opp,fumble_recovery_tds,penalties,penalty_yards,timeouts,fumbles_forced_by_opp,fumbles_not_forced,fumbles_out_of_bounds,fumbles_total,fumbles_lost_total,punt_returns,punt_return_yards,kickoff_returns,kickoff_return_yards,fg_made,fg_att,fg_missed,fg_blocked,fg_long,fg_pct,fg_made_0_19,fg_made_20_29,fg_made_30_39,fg_made_40_49,fg_made_50_59,fg_made_60_,fg_missed_0_19,fg_missed_20_29,fg_missed_30_39,fg_missed_40_49,fg_missed_50_59,fg_missed_60_,fg_made_list,fg_missed_list,fg_blocked_list,fg_made_distance,fg_missed_distance,fg_blocked_distance,pat_made,pat_att,pat_missed,pat_blocked,pat_pct,gwfg_made,gwfg_att,gwfg_missed,gwfg_blocked,gwfg_distance,pt_att,pt_blocked,pt_long,pt_yards,pt_inside_20,pt_out_of_bounds,pt_downed,pt_touchback,pt_fair_caught,pt_returned,pt_return_yards,pt_return_tds,pt_net_yards
2018,1,ARI,REG,2018_01_WAS_ARI,WAS,20,34,153,0,1,2,-8,1,1,208,66,6,-14.8326601289299,-12.7706939683241,0,3,3,2,0,15,68,1,0,0,7,2.6908730455616,0,2,0,0,0,20,34,153,0,0,0,208,66,6,-12.677512584938,0,3,3,2,0,0,61,1,15,6,11,2,3,8,9,0,0,1,0,0,0,0,0,0,0,0,0,0,0,1,0,0,9,67,3,1,0,0,1,1,2,44,0,0,0,0,0,0,,,0,0,0,0,0,0,0,0,0,0,0,0,,,,0,0,0,0,0,0,0,,0,0,0,0,0,5,0,60,263,3,0,0,1,2,2,12,0,231
2018,1,ATL,REG,2018_01_ATL_PHI,PHI,21,43,251,0,1,4,-26,1,0,380,92,9,-11.7154339844115,-6.53020326907818,0,11,6,4,0,18,74,1,0,0,4,-2.64536435401533,0,2,1,1,0,21,39,251,0,0,0,380,92,9,-1.98646468707169,0,11,6,4,0,0,39,7,17,2,13,0,2,13,4,1,20,8,0,0,0,0,0,0,0,0,0,1,0,1,0,0,15,135,4,1,0,0,1,0,2,11,0,0,2,2,0,0,52,1,0,1,0,0,1,0,0,0,0,0,0,0,21;52,,,73,0,0,0,1,1,0,0,0,0,0,0,0,6,0,57,286,1,0,1,0,1,4,29,0,257
2018,1,BAL,REG,2018_01_BUF_BAL,BUF,26,38,260,3,0,2,-8,0,0,256,104,13,7.13881617322251,-0.159891070546331,0,12,5,5,0,34,117,3,3,1,11,-3.71889714882127,0,3,2,0,0,26,37,260,3,0,0,256,104,13,10.8250569254501,0,12,5,5,0,0,41,3,7,10,59,0,6,28,9,2,47,12,0,1,0,0,0,0,0,0,0,2,-7,0,0,0,9,78,6,1,3,1,4,1,6,54,1,24,2,2,0,0,41,1,0,0,1,1,0,0,0,0,0,0,0,0,41;39,,,80,0,0,5,5,0,0,1,0,0,0,0,0,5,0,63,257,3,1,1,0,0,3,19,0,238
2018,1,BUF,REG,2018_01_BUF_BAL,BAL,11,33,98,0,2,6,-28,0,0,368,33,5,-27.8641690237763,-26.3764043338597,0,6,1,1,0,22,83,0,1,0,3,-11.8828407032415,0,3,2,0,0,11,32,98,0,0,0,368,33,5,-18.6267293208512,0,6,1,1,0,0,53,3,19,6,19,1,2,8,5,0,0,5,0,0,0,0,0,0,0,0,0,1,-25,1,0,0,10,100,3,0,1,0,1,0,3,19,5,165,1,2,1,0,35,0.5,0,0,1,0,0,0,0,0,0,0,1,0,35,52,,35,52,0,0,0,0,0,,0,0,0,0,0,8,0,58,397,3,1,0,0,1,6,54,0,343
2018,1,CAR,REG,2018_01_DAL_CAR,DAL,17,26,161,0,0,3,-15,0,0,155,89,9,-0.67096566957177,-0.234752655029297,0,9,1,0,0,32,147,2,1,1,9,-5.72514735536231,0,5,5,1,0,17,25,161,0,1,0,155,89,9,3.60593547543976,0,9,1,0,0,0,36,1,23,4,22,1,6,32,10,0,0,0,0,0,0,0,0,0,0,0,0,1,0,1,0,0,9,80,5,2,0,0,2,1,4,62,0,0,1,1,0,0,27,1,0,1,0,0,0,0,0,0,0,0,0,0,27,,,27,0,0,1,1,0,0,1,0,0,0,0,0,6,0,52,287,3,0,0,1,3,2,13,0,254
2018,1,CHI,REG,2018_01_CHI_GB,GB,23,35,171,0,0,4,-16,2,1,222,86,8,-5.01043308635835,1.73771381378174,0,6,2,2,0,27,139,1,0,0,7,2.50941462459741,0,4,1,0,0,23,33,171,0,0,0,222,86,8,2.79383885010459,0,6,2,2,0,0,44,3,7,4,29,2,4,40,6,1,27,1,1,0,0,0,0,0,0,0,0,1,0,1,0,0,5,35,6,1,1,0,2,1,2,45,1,18,3,3,0,0,33,1,0,1,2,0,0,0,0,0,0,0,0,0,26;33;32,,,91,0,0,2,2,0,0,1,0,0,0,0,0,4,0,63,201,1,0,0,0,3,1,17,0,184
2018,1,CIN,REG,2018_01_CIN_IND,IND,21,28,243,2,1,2,-14,0,0,139,139,11,2.67749685903965,3.82086208888463,0,9,5,3,0,20,101,1,0,0,5,3.53675990685588,0,2,2,1,0,21,28,243,2,2,1,139,139,11,0.652488175364681,0,9,5,3,0,0,56,7,9,5,26,1,2,14,9,1,2,6,0,0,0,0,0,0,0,0,0,1,0,1,83,1,8,94,4,2,0,0,2,1,1,-1,2,42,2,2,0,0,42,1,0,0,1,1,0,0,0,0,0,0,0,0,42;39,,,81,0,0,4,4,0,0,1,0,0,0,0,0,2,0,50,96,0,0,1,0,0,1,0,0,96
2018,1,CLE,REG,2018_01_PIT_CLE,PIT,15,40,197,1,1,7,-47,1,0,413,74,6,-18.477764750294,-20.0647282757257,0,6,4,3,0,38,177,2,0,0,10,5.43647337847506,0,6,6,2,0,15,38,197,1,0,0,413,74,6,-10.4276340218785,0,6,4,3,0,0,48,0,34,2,14,3,4,22,5,3,26,11,0,0,0,0,0,0,0,0,0,1,0,3,42,0,11,87,6,1,0,0,1,0,1,15,3,46,0,1,0,1,,0,0,0,0,0,0,0,0,0,0,0,0,0,,,43,0,0,43,3,3,0,0,1,0,1,0,1,43,12,0,57,522,6,3,1,1,2,5,56,0,446
2018,1,DAL,REG,2018_01_DAL_CAR,CAR,19,29,170,0,0,6,-32,1,1,216,68,10,-8.96002020559809,-2.709852929773,0,8,3,1,0,22,94,1,0,0,4,1.25683375871461,1,2,2,0,0,19,29,170,0,0,0,216,68,10,1.20161404663394,0,8,3,1,0,0,40,2,24,5,20,2,3,15,4,0,0,4,0,0,0,0,0,0,0,0,0,0,0,1,5,0,10,85,5,1,0,0,1,1,2,13,0,0,0,1,1,0,,0,0,0,0,0,0,0,0,0,0,1,0,0,,47,,0,47,0,0,0,0,0,,0,0,0,0,0,6,0,56,293,2,0,0,0,2,4,62,0,231
2018,1,DEN,REG,2018_01_SEA_DEN,SEA,25,39,329,3,3,1,-5,0,0,366,174,15,-3.83724161005354,-0.564959798103724,0,11,7,7,1,32,146,0,0,0,8,-4.03005070029758,0,4,3,0,0,25,39,329,3,0,0,366,174,15,-2.13729998609758,0,11,7,7,1,0,38,2,14,8,59,2,6,56,11,2,0,6,0,0,0,0,0,0,0,0,0,0,0,1,0,0,7,60,0,0,0,0,0,0,2,9,0,0,2,2,0,0,53,1,0,0,0,0,2,0,0,0,0,0,0,0,51;53,,,104,0,0,3,3,0,0,1,0,0,0,0,0,6,0,53,267,3,2,1,0,0,3,11,0,256
2018,1,DET,REG,2018_01_NYJ_DET,NYJ,29,52,300,1,5,0,0,0,0,403,144,15,-23.7698791022227,-14.8881468062217,0,12,7,5,0,15,39,0,0,0,2,-3.41226885793731,0,0,0,0,0,29,52,300,1,0,0,403,144,15,-23.7698791022227,0,12,7,5,0,0,45,2,10,3,27,1,2,18,2,1,37,1,1,0,0,0,0,0,0,0,0,0,0,1,0,0,3,15,2,0,0,0,0,0,0,0,0,0,1,3,2,0,21,0.333333333333333,0,1,0,0,0,0,0,0,0,1,1,0,21,55;44,,21,99,0,2,2,0,0,1,0,0,0,0,0,3,0,55,152,0,0,0,0,0,3,137,1,15
2018,1,GB,REG,2018_01_CHI_GB,CHI,24,37,341,3,1,4,-40,2,1,350,193,14,2.02313547763343,2.17717078824838,0,11,4,4,2,18,69,0,0,0,2,-3.406326514174,0,2,1,0,0,24,36,341,3,0,0,350,193,14,12.6218543197175,0,11,4,4,2,0,51,5,7,5,20,1,3,7,4,0,0,1,0,0,0,0,0,0,0,0,0,1,0,1,0,0,8,72,4,2,0,0,2,1,1,17,3,68,1,1,0,0,42,1,0,0,0,1,0,0,0,0,0,0,0,0,42,,,42,0,0,3,3,0,0,1,0,0,0,0,0,4,0,58,192,1,1,0,0,1,2,45,0,147
2018,1,HOU,REG,2018_01_HOU_NE,NE,17,34,176,1,1,3,-18,0,0,377,59,8,-9.50982835035968,-9.72679502823773,0,9,2,1,0,34,167,1,1,1,10,-2.38790068402886,0,6,4,1,0,17,34,176,1,0,0,377,59,8,-5.63169557197432,0,9,2,1,0,0,47,0,20,2,10,2,2,10,5,1,0,6,0,0,0,0,0,0,0,0,0,0,-3,2,1,0,6,44,3,0,1,0,1,1,2,20,5,156,2,2,0,0,42,1,0,0,1,1,0,0,0,0,0,0,0,0,42;36,,,78,0,0,2,2,0,0,1,0,0,0,0,0,6,0,48,230,3,1,1,0,3,1,0,0,230
2018,1,IND,REG,2018_01_CIN_IND,CIN,39,53,319,2,1,2,-14,0,0,297,163,17,7.07857284720999,3.15134341900165,0,12,3,1,0,22,75,0,0,0,4,-4.50884046460089,0,1,1,0,0,39,52,319,2,1,1,297,163,17,1.81634670644312,0,12,3,1,0,0,37,7,9,2,14,2,2,14,3,1,32,2,0,0,0,0,0,0,0,0,0,0,0,1,0,0,7,91,3,1,0,0,1,1,1,0,2,54,3,4,1,0,51,0.75,0,1,1,0,1,0,0,0,0,0,1,0,21;38;51,55,,110,55,0,2,2,0,0,1,0,0,0,0,0,2,0,49,95,0,0,0,0,1,1,-1,0,96
2018,1,JAX,REG,2018_01_JAX_NYG,NYG,18,33,176,1,1,1,-8,0,0,230,88,13,-4.27515842777446,-12.0371055422407,0,9,3,2,0,28,137,0,0,0,4,-1.45651057257783,0,3,3,1,1,18,33,176,1,0,0,230,88,13,-2.70080798922807,0,9,3,2,0,0,33,12,22,7,22,0,2,14,6,1,32,6,1,0,0,0,0,0,0,0,0,0,0,1,0,0,11,119,4,0,0,0,0,0,2,10,2,45,2,2,0,0,39,1,0,0,2,0,0,0,0,0,0,0,0,0,39;39,,,78,0,0,2,2,0,0,1,0,0,0,0,0,7,0,47,264,4,2,1,0,1,3,4,0,260
2018,1,KC,REG,2018_01_KC_LAC,LAC,15,27,256,4,0,1,0,0,0,351,113,10,12.7521107319869,2.75672352313995,0,8,7,6,1,27,106,0,0,0,7,-1.25041266789776,0,2,2,1,0,15,25,256,4,0,0,351,113,10,16.6208469706714,0,8,7,6,1,1,34,7,37,4,12,1,1,6,6,1,0,4,0,0,0,0,0,0,0,0,0,0,0,1,0,0,6,50,2,0,0,0,0,0,2,95,2,33,1,1,0,0,46,1,0,0,0,1,0,0,0,0,0,0,0,0,46,,,46,0,0,5,5,0,0,1,0,0,0,0,0,5,0,67,256,3,0,2,0,1,2,-5,0,261
2018,1,LA,REG,2018_01_LA_OAK,LV,18,33,233,2,0,1,-8,1,0,330,101,13,5.47692201494733,-9.46989971579927,0,12,6,3,0,26,140,0,0,0,8,2.61408773384279,0,5,3,1,0,18,33,233,2,0,0,330,101,13,6.87636294301775,0,12,6,3,0,0,35,10,24,4,11,0,1,3,3,3,57,4,1,0,0,0,0,0,0,0,0,1,0,0,0,0,8,70,4,1,0,0,1,0,2,12,3,75,4,5,1,0,55,0.8,0,3,0,0,1,0,0,0,0,1,0,0,20;28;55;20,46,,123,46,0,3,3,0,0,1,0,0,0,0,0,2,0,62,117,2,1,0,0,0,1,10,0,107
2018,1,LAC,REG,2018_01_KC_LAC,KC,34,51,424,3,1,1,-6,0,0,483,249,23,16.1179563724141,3.66346395015717,1,19,12,8,0,22,123,0,0,0,7,2.71391170470463,1,4,2,0,0,34,50,424,3,0,0,483,249,23,18.7005884633105,1,19,12,8,0,0,27,4,20,2,7,0,1,0,7,0,0,5,0,2,0,0,0,0,0,0,0,1,0,0,0,0,7,45,5,1,1,0,2,1,2,-5,2,36,2,3,1,0,45,0.666666666666667,0,0,1,1,0,0,0,0,0,1,0,0,45;39,48,,84,48,0,0,0,0,0,,0,0,0,0,0,3,0,63,144,1,0,1,0,0,2,95,1,49
2018,1,LV,REG,2018_01_LA_OAK,LA,29,40,303,0,3,1,-3,0,0,209,189,11,-12.6492196291968,3.71765015940917,0,9,5,4,1,23,95,1,0,0,7,0.0328199325012974,0,2,1,0,0,29,38,303,0,0,0,209,189,11,-8.14544678021254,0,9,5,4,1,0,37,8,16,1,8,1,1,8,2,0,0,5,0,0,0,0,0,0,0,0,0,0,0,0,0,0,11,155,6,0,0,0,0,0,1,10,0,0,2,2,0,0,48,1,0,1,0,1,0,0,0,0,0,0,0,0,24;48,,,72,0,0,1,1,0,0,1,0,0,0,0,0,4,0,55,178,1,0,0,0,2,2,12,0,166
2018,1,MIA,REG,2018_01_TEN_MIA,TEN,20,28,230,2,2,1,-8,0,0,291,89,9,2.21008478973522,6.35760320084436,0,8,2,2,1,29,120,0,0,0,7,-3.55499709403085,0,4,2,1,0,20,28,230,2,0,0,291,89,9,3.34346312460252,0,8,2,2,1,1,32,13,27,1,2,0,0,0,1,3,81,6,0,0,0,0,0,0,0,0,0,0,0,0,0,0,7,51,5,0,0,0,0,0,2,1,2,125,2,2,0,0,30,1,0,1,1,0,0,0,0,0,0,0,0,0,27;30,,,57,0,0,3,3,0,0,1,0,0,0,0,0,4,0,65,215,0,0,0,2,0,2,44,0,131
2018,1,MIN,REG,2018_01_SF_MIN,SF,20,36,244,2,0,3,-17,0,0,255,153,15,0.201150235447204,-12.6855360610144,0,13,5,2,0,32,116,0,1,1,3,-13.9876249463996,0,2,2,0,0,20,35,244,2,0,0,255,153,15,6.42288021902285,0,13,5,2,0,0,41,1,7,5,22,2,3,24,9,3,45,9,1,0,0,0,0,0,0,0,0,0,0,1,0,0,7,52,5,1,0,0,1,1,3,7,0,0,1,1,0,0,48,1,0,0,0,1,0,0,0,0,0,0,0,0,48,,,48,0,0,3,3,0,0,1,0,0,0,0,0,6,0,56,230,4,1,2,0,1,2,14,0,216
2018,1,NE,REG,2018_01_HOU_NE,HOU,26,39,277,3,1,2,-10,0,0,320,93,16,8.18289392430801,2.00750629107157,0,13,4,4,0,31,122,0,1,0,5,-3.7544027322353,0,4,1,0,0,26,39,277,3,1,1,320,93,16,5.48694466718938,0,13,4,4,0,0,36,1,41,4,19,0,3,18,12,1,0,6,0,1,0,0,0,0,0,0,0,1,0,1,0,0,6,36,6,2,1,0,3,2,1,0,1,19,2,2,0,0,39,1,0,0,2,0,0,0,0,0,0,0,0,0,39;35,,,74,0,0,3,3,0,0,1,0,0,0,0,0,6,0,55,281,2,0,3,0,1,2,20,0,261
2018,1,NO,REG,2018_01_TB_NO,TB,37,45,439,3,0,1,-7,0,0,348,167,19,23.3265557510277,13.1361771713604,1,17,9,6,0,13,43,2,1,1,5,-5.87811398158362,1,1,0,0,0,37,44,439,3,1,1,348,167,19,20.4906176210462,1,17,9,6,0,0,43,0,20,3,8,1,0,0,2,0,0,3,0,0,0,0,0,0,0,0,0,0,0,0,0,0,8,77,5,2,0,0,2,2,1,0,3,69,1,1,0,0,36,1,0,0,1,0,0,0,0,0,0,0,0,0,36,,,36,0,0,3,3,0,0,1,0,0,0,0,0,3,0,58,156,0,0,0,0,0,3,19,0,137
2018,1,NYG,REG,2018_01_JAX_NYG,JAX,23,37,224,0,1,2,-14,0,0,249,86,8,-11.798195660156,-4.55069252186351,0,12,6,2,0,23,114,1,0,0,3,-3.11931180104185,0,2,1,1,1,23,36,224,0,0,0,249,86,8,-9.22408657731819,0,12,6,2,0,0,29,14,26,0,0,0,1,8,3,1,0,8,0,1,0,0,0,0,0,0,0,0,0,0,0,0,6,43,6,0,1,0,1,1,3,4,1,15,3,3,0,0,44,1,0,1,1,1,0,0,0,0,0,0,0,0,27;31;44,,,102,0,0,0,0,0,0,,0,0,0,0,0,5,0,59,247,0,1,1,1,0,2,10,0,217
2018,1,NYJ,REG,2018_01_NYJ_DET,DET,16,21,198,2,1,2,-18,0,0,166,83,10,7.28389977611369,10.8416379988194,0,9,4,3,1,36,169,2,0,0,7,-6.09410992423294,0,5,4,1,1,16,20,198,2,0,0,166,83,10,12.6896869843476,0,9,4,3,1,1,38,0,8,3,17,0,0,0,4,5,102,12,1,1,0,0,0,0,0,0,0,0,0,0,0,0,7,49,4,1,0,0,1,1,3,137,2,45,2,2,0,0,35,1,0,0,2,0,0,0,0,0,0,0,0,0,35;32,,,67,0,0,6,6,0,0,1,0,0,0,0,0,3,0,40,112,2,1,1,0,1,0,0,0,112
2018,1,PHI,REG,2018_01_ATL_PHI,ATL,20,35,132,0,1,2,-13,1,0,285,58,6,-9.23280909523796,-10.7120699541909,0,5,1,0,0,27,113,2,0,0,7,4.0072511148029,1,3,2,1,0,20,35,132,0,0,0,285,58,6,-6.36190725333486,0,5,1,0,0,0,37,5,15,7,36,1,4,26,14,1,0,10,0,1,0,0,0,0,0,0,0,1,0,0,0,0,11,101,5,0,2,0,2,1,4,29,2,43,1,1,0,0,26,1,0,1,0,0,0,0,0,0,0,0,0,0,26,,,26,0,0,1,1,0,0,1,0,0,0,0,0,6,0,65,313,1,1,1,1,1,2,11,0,282
2018,1,PIT,REG,2018_01_PIT_CLE,CLE,23,41,335,1,3,4,-22,2,2,382,213,17,-6.68747122403644,-9.98798154476212,0,15,7,4,1,35,159,2,1,1,7,-5.14136128564132,0,5,4,1,0,23,41,335,1,0,0,382,213,17,4.21368306370508,0,15,7,4,1,0,53,0,26,9,52,1,7,47,11,1,0,10,0,0,0,0,0,1,0,0,0,0,0,0,0,0,12,116,6,3,0,0,3,3,5,56,3,69,0,1,1,0,,0,0,0,0,0,0,0,0,0,0,1,0,0,,42,,0,42,0,3,3,0,0,1,0,0,0,0,0,7,0,53,275,3,1,2,0,3,1,15,0,260
2018,1,SEA,REG,2018_01_SEA_DEN,DEN,19,33,298,3,2,6,-56,1,0,337,157,10,4.09639121480549,-3.1405018586101,0,11,4,4,2,16,64,0,2,1,1,-7.90632961006486,0,2,1,1,0,19,33,298,3,0,0,337,157,10,12.4456389176104,0,11,4,4,2,0,52,1,9,2,6,0,1,5,5,3,64,6,0,0,0,0,0,0,0,0,0,2,-4,0,0,0,7,45,6,2,1,0,3,1,3,11,2,39,1,2,1,0,35,0.5,0,0,1,0,0,0,0,0,0,1,0,0,35,46,,35,46,0,3,3,0,0,1,0,0,0,0,0,6,0,69,354,4,2,2,0,0,2,9,0,345
2018,1,SF,REG,2018_01_SF_MIN,MIN,15,33,261,1,3,3,-24,0,0,368,144,10,-13.5485797237251,-17.5593453925103,0,10,5,4,1,25,90,0,2,1,6,-8.59149078850169,0,4,1,0,0,15,32,261,1,0,0,368,144,10,-7.15999740793524,0,10,5,4,1,0,49,1,19,6,26,1,3,17,6,0,0,6,0,1,0,0,0,0,0,0,0,2,0,1,0,0,3,21,5,2,1,0,3,1,2,14,0,0,3,3,0,0,42,1,0,1,1,1,0,0,0,0,0,0,0,0,42;33;22,,,97,0,0,1,1,0,0,1,0,0,0,0,0,4,0,48,174,1,0,0,0,1,3,7,0,167
2018,1,TB,REG,2018_01_TB_NO,NO,21,28,417,4,0,0,0,0,0,341,130,17,29.1704367453393,12.8121012023517,0,15,11,8,2,34,112,1,0,0,5,-3.32983767913369,0,3,3,1,0,21,28,417,4,1,0,341,130,17,29.1704367453393,0,15,11,8,2,0,43,0,14,3,9,2,1,7,5,0,0,2,0,0,0,0,0,0,0,0,0,1,0,2,37,1,7,70,3,1,0,0,1,0,3,19,2,33,2,3,1,0,36,0.666666666666667,0,0,2,0,0,0,0,0,0,1,0,0,33;36,44,,69,44,0,6,6,0,0,1,0,0,0,0,0,1,0,42,42,0,0,0,0,0,1,0,0,42
2018,1,TEN,REG,2018_01_TEN_MIA,MIA,20,38,220,0,3,0,0,0,0,259,115,13,-19.3142762601122,-15.0422620145898,0,12,5,1,0,29,116,1,0,0,4,-0.143900615279563,0,1,1,1,0,20,38,220,0,0,0,259,115,13,-19.3142762601122,0,12,5,1,0,1,33,8,26,2,9,0,1,8,2,2,34,4,0,0,0,0,0,0,0,0,0,0,0,0,0,0,5,48,5,0,0,0,0,0,2,44,2,121,2,2,0,0,53,1,0,0,0,1,1,0,0,0,0,0,0,0,47;53,,,100,0,0,2,2,0,0,1,0,0,0,0,0,4,0,55,179,4,1,0,0,1,2,1,0,178
2018,1,WAS,REG,2018_01_WAS_ARI,ARI,21,30,255,2,0,3,-8,1,0,101,180,13,13.3317668273881,1.42466374512376,0,10,6,3,1,42,182,1,1,0,10,2.684754025453,0,7,7,0,0,21,29,255,2,1,1,101,180,13,14.4286780358885,0,10,6,3,1,0,34,1,7,1,4,1,2,8,6,1,-3,5,0,0,0,0,0,0,0,0,0,2,-1,1,0,0,9,63,2,2,1,0,3,1,2,12,2,24,1,1,0,0,31,1,0,0,1,0,0,0,0,0,0,0,0,0,31,,,31,0,0,3,3,0,0,1,0,0,0,0,0,4,0,59,186,2,0,0,0,2,2,44,0,142
2018,2,ARI,REG,2018_02_ARI_LA,LA,17,27,90,0,1,1,-7,0,0,133,49,4,-13.068715461879,-6.85260041996285,0,3,0,0,0,15,54,0,0,0,1,-3.67817778140306,0,0,0,0,0,17,27,90,0,0,0,133,49,4,-11.0958422193071,0,3,0,0,0,0,51,5,19,6,22,0,2,12,5,1,0,3,0,0,0,0,0,0,0,0,0,0,0,0,0,0,9,47,3,0,0,0,0,0,0,0,3,49,0,0,0,0,,,0,0,0,0,0,0,0,0,0,0,0,0,,,,0,0,0,0,0,0,0,,0,0,0,0,0,8,0,58,403,1,1,0,0,1,6,133,0,270
2018,2,ATL,REG,2018_02_CAR_ATL,CAR,23,28,272,2,1,0,0,0,0,293,133,12,13.1881892022793,15.2357951870986,0,9,5,5,0,32,170,2,3,0,10,-0.202641322313799,0,5,5,2,0,23,28,272,2,0,0,293,133,12,13.1881892022793,0,9,5,5,0,0,45,2,14,2,17,0,2,17,6,1,28,6,0,0,0,0,0,0,0,0,0,2,-8,0,0,0,2,26,3,2,1,1,3,0,1,3,2,50,1,1,0,0,44,1,0,0,0,1,0,0,0,0,0,0,0,0,44,,,44,0,0,4,4,0,0,1,0,0,0,0,0,4,0,54,179,2,0,1,1,0,2,9,0,150
2018,2,BAL,REG,2018_02_BAL_CIN,CIN,32,55,376,2,2,4,-17,1,1,509,147,20,-9.01840712509237,-4.04222691958805,0,15,11,5,1,22,66,1,0,0,5,-2.10385195640265,0,1,1,0,0,32,53,376,2,0,0,509,147,20,-0.856746327023743,0,15,11,5,1,0,44,1,23,6,13,0,0,0,4,0,0,7,0,1,0,0,0,0,0,0,0,1,0,0,0,0,7,51,6,2,0,0,2,1,1,-2,1,32,1,1,0,0,55,1,0,0,0,0,1,0,0,0,0,0,0,0,55,,,55,0,0,2,2,0,0,1,0,0,0,0,0,3,0,60,169,0,0,0,1,0,2,24,0,125
2018,2,BUF,REG,2018_02_LAC_BUF,LAC,17,32,215,1,2,5,-36,0,0,346,82,9,-2.32443562689946,-9.47535848245025,0,6,5,3,1,22,84,1,0,0,5,-2.44145191821735,0,2,2,1,0,17,32,215,1,0,0,346,82,9,4.48655904910883,0,6,5,3,1,0,38,13,15,5,26,1,2,16,5,0,0,1,0,1,0,0,0,0,0,0,0,1,0,0,0,0,6,31,2,0,1,0,1,0,1,6,2,48,2,2,0,0,43,1,0,0,0,2,0,0,0,0,0,0,0,0,43;41,,,84,0,0,2,2,0,0,1,0,0,0,0,0,5,0,54,223,2,0,0,1,1,3,17,0,186
2018,2,CAR,REG,2018_02_CAR_ATL,ATL,32,45,335,3,1,2,-17,0,0,324,183,20,2.6363372343447,1.45741999149323,0,14,7,4,1,18,121,0,0,0,6,5.68975027045235,0,5,2,1,0,32,45,335,3,0,0,324,183,20,5.98622407292425,0,14,7,4,1,0,50,0,8,7,30,2,0,0,2,1,0,1,0,0,0,0,0,0,0,0,0,0,0,0,0,0,7,49,3,0,0,0,0,0,2,9,1,26,1,1,0,0,54,1,0,0,0,0,1,0,0,0,0,0,0,0,54,,,54,0,0,3,3,0,0,1,0,0,0,0,0,4,0,53,191,2,0,1,0,2,1,3,0,188
2018,2,CHI,REG,2018_02_SEA_CHI,SEA,25,34,200,2,2,2,-15,0,0,207,101,11,-2.05394097063606,3.40008832076017,0,6,2,0,0,27,86,0,0,0,7,-3.93652533032582,0,1,1,0,0,25,34,200,2,0,0,207,101,11,1.40964536140757,0,6,2,0,0,0,47,0,6,7,27,3,6,24,7,1,49,5,1,0,0,0,0,0,0,0,0,0,0,1,0,0,7,55,3,0,0,0,0,0,4,58,1,14,1,1,0,0,25,1,0,1,0,0,0,0,0,0,0,0,0,0,25,,,25,0,0,3,3,0,0,1,0,0,0,0,0,5,0,52,206,3,0,1,0,3,1,14,0,192
2018,2,CIN,REG,2018_02_BAL_CIN,BAL,24,42,265,4,0,0,0,0,0,257,137,14,9.40459133377096,-9.23265894738639,0,9,7,4,0,28,108,0,0,0,6,-4.21586616933782,0,4,1,1,0,24,41,265,4,0,0,257,137,14,10.3185894183794,0,9,7,4,0,0,47,0,20,4,24,2,4,17,10,2,22,11,0,1,0,0,0,0,0,0,0,1,0,1,0,0,9,92,5,0,1,0,1,0,2,24,3,56,2,2,0,0,40,1,0,1,0,1,0,0,0,0,0,0,0,0,28;40,,,68,0,0,4,4,0,0,1,0,0,0,0,0,6,0,55,241,4,0,2,0,3,1,-2,0,243
2018,2,CLE,REG,2018_02_CLE_NO,NO,22,30,246,1,1,3,-12,0,0,238,97,10,-0.637516800836791,2.56276150544484,0,8,7,4,1,27,93,1,2,0,4,-5.16399623162579,0,2,1,0,0,22,30,246,1,1,0,238,97,10,3.03426421969324,0,8,7,4,1,0,44,0,20,5,33,2,3,30,5,0,0,2,0,0,0,0,0,0,0,0,0,1,0,2,0,0,4,43,3,2,1,2,3,0,1,0,3,82,2,4,2,0,39,0.5,0,0,2,0,0,0,0,0,0,1,1,0,39;39,44;52,,78,96,0,0,2,2,0,0,0,0,0,0,0,3,0,46,118,1,1,0,0,1,1,0,0,118
2018,2,DAL,REG,2018_02_NYG_DAL,NYG,16,25,160,1,0,0,0,0,0,230,56,6,-2.13612780853228,2.00308392877164,0,6,1,1,1,25,138,1,0,0,9,7.53334303648444,0,5,5,0,0,16,23,160,1,0,0,230,56,6,-0.10932163259068,0,6,1,1,1,0,54,1,11,8,52,1,6,59,8,0,0,2,0,0,0,0,0,0,0,0,0,1,0,1,0,0,6,47,3,0,1,0,1,0,1,0,0,0,2,2,0,0,37,1,0,1,1,0,0,0,0,0,0,0,0,0,37;29,,,66,0,0,2,2,0,0,1,0,0,0,0,0,4,0,48,173,0,0,1,0,0,3,14,0,159
2018,2,DEN,REG,2018_02_OAK_DEN,LV,19,35,222,0,1,1,-5,0,0,339,83,9,-0.774171831391437,-6.39300258720622,0,9,7,7,0,28,168,2,0,0,10,6.71052352100378,0,4,2,1,1,19,34,222,0,0,0,339,83,9,1.30873409395324,0,9,6,6,0,0,48,2,16,2,8,0,1,7,1,0,0,1,0,0,0,0,1,0,0,0,0,0,0,0,0,0,6,35,6,0,0,0,0,0,1,1,0,0,2,2,0,0,39,1,0,0,2,0,0,0,0,0,0,0,0,0,39;36,,,75,0,0,2,2,0,0,1,1,1,0,0,36,4,0,66,204,0,0,0,1,2,1,7,0,177
2018,2,DET,REG,2018_02_DET_SF,SF,34,53,347,3,0,2,-18,1,1,460,187,17,7.73828401115077,1.63430892504179,0,13,5,3,1,18,98,0,0,0,5,-1.80636863999685,0,3,3,1,0,34,52,347,3,0,0,460,187,17,15.1489813030761,0,13,5,3,1,0,45,8,10,8,55,0,6,50,8,0,0,4,0,0,0,0,0,0,0,0,0,0,0,0,0,0,10,105,5,1,0,0,1,1,4,11,5,144,2,2,0,0,43,1,0,1,0,1,0,0,0,0,0,0,0,0,27;43,,,70,0,0,3,3,0,0,1,0,0,0,0,0,5,0,44,211,3,0,1,0,2,2,14,0,197
2018,2,GB,REG,2018_02_MIN_GB,MIN,30,42,281,1,0,4,-28,0,0,300,123,11,1.57081812918158,6.17247045767017,0,8,5,3,0,24,98,0,1,0,9,-1.1010215140253,0,2,1,0,0,30,41,281,1,0,0,300,123,11,8.77629620868218,0,8,5,3,0,1,43,3,19,2,8,0,2,13,6,1,24,4,0,1,0,1,0,0,0,0,0,2,0,0,0,0,7,54,8,0,2,0,2,0,2,0,1,8,5,6,1,0,48,0.833333333333333,0,0,3,2,0,0,0,0,0,0,1,0,37;40;31;48;36,52,,192,52,0,2,2,0,0,1,0,0,0,0,0,5,0,63,259,2,0,1,1,2,1,13,0,226
2018,2,HOU,REG,2018_02_HOU_TEN,TEN,22,32,310,2,1,4,-21,1,0,399,71,13,6.37541689355743,11.6091085057105,0,12,10,6,0,26,148,0,1,0,6,0.0480960678031593,0,5,4,0,0,22,31,310,2,0,0,399,71,13,12.2496651780093,0,12,10,6,0,0,36,4,22,4,15,1,1,8,2,0,0,2,0,0,0,0,0,0,0,0,0,2,-10,0,0,0,11,88,6,1,1,0,2,0,4,25,0,0,1,2,1,0,34,0.5,0,0,1,0,0,0,0,0,0,0,1,0,34,54,,34,54,0,2,2,0,0,1,0,0,0,0,0,4,0,53,164,2,0,1,1,1,1,2,0,142
2018,2,IND,REG,2018_02_IND_WAS,WAS,21,31,179,2,2,1,-2,0,0,132,123,10,0.738654694461729,-1.60790297292894,0,7,4,2,0,28,104,1,0,0,5,0.857310751278419,0,2,1,0,0,21,31,179,2,0,0,132,123,10,1.20983603136847,0,7,4,2,0,0,37,13,31,6,33,1,3,23,6,0,0,7,0,0,0,0,0,0,0,0,0,1,0,1,0,0,6,26,0,0,1,0,1,0,0,0,1,19,0,0,0,0,,,0,0,0,0,0,0,0,0,0,0,0,0,,,,0,0,0,3,3,0,0,1,0,0,0,0,0,5,0,59,235,1,0,0,1,3,1,6,0,209
2018,2,JAX,REG,2018_02_NE_JAX,NE,29,45,376,4,1,0,0,0,0,351,205,22,19.4703762434784,1.35697647929192,0,18,8,5,1,24,104,0,0,0,5,-1.48510328389239,0,4,2,1,0,29,44,376,4,2,1,351,205,22,14.1525535587698,0,18,8,5,1,0,49,0,4,3,9,1,2,14,4,0,0,0,0,0,0,0,0,0,0,0,0,1,7,1,0,0,7,71,3,2,0,0,2,1,2,21,3,36,1,1,0,0,28,1,0,1,0,0,0,0,0,0,0,0,0,0,28,,,28,0,0,4,4,0,0,1,0,0,0,0,0,3,0,39,106,2,0,3,0,0,0,0,0,106
2018,2,KC,REG,2018_02_KC_PIT,PIT,23,28,326,6,0,1,-4,0,0,302,122,17,28.5966408366221,22.4142269364425,0,12,8,6,1,25,127,0,1,0,4,1.81191404955462,0,4,2,1,0,23,28,326,6,1,1,302,122,17,25.6398686237517,0,12,8,6,1,0,44,6,10,4,16,0,1,10,4,0,0,2,0,1,0,0,0,0,0,0,0,2,-2,0,0,0,12,76,3,2,1,0,3,1,2,48,0,0,0,0,0,0,,,0,0,0,0,0,0,0,0,0,0,0,0,,,,0,0,0,6,6,0,0,1,0,0,0,0,0,2,0,55,100,1,1,0,0,0,1,6,0,94
2018,2,LA,REG,2018_02_ARI_LA,ARI,24,32,354,1,1,2,-12,0,0,302,149,14,16.0013108512829,13.3256805519904,1,15,9,7,1,33,90,3,0,0,8,-2.34278351813532,2,2,1,0,0,24,31,354,1,0,0,302,149,14,22.106325379198,1,15,9,7,1,0,27,4,12,2,12,0,1,7,5,1,22,4,0,0,0,0,0,0,0,0,0,0,0,0,0,0,5,49,4,0,0,0,0,0,6,133,1,22,1,1,0,0,20,1,0,1,0,0,0,0,0,0,0,0,0,0,20,,,20,0,0,1,1,0,0,1,0,0,0,0,0,2,0,60,102,1,0,1,1,0,0,0,0,82
2018,2,LAC,REG,2018_02_LAC_BUF,BUF,23,27,256,3,0,2,-16,0,0,101,157,16,17.6297791877863,16.4344972482434,0,12,6,3,0,26,109,1,1,0,5,-7.12274330022046,0,5,4,2,0,23,27,256,3,1,0,101,157,16,20.8905696732093,0,12,6,3,0,0,37,7,11,5,31,0,5,36,8,2,9,7,0,0,0,0,0,0,0,0,0,2,-4,0,0,0,6,45,4,1,1,0,2,0,3,17,1,25,1,1,0,0,24,1,0,1,0,0,0,0,0,0,0,0,0,0,24,,,24,0,0,4,4,0,0,1,0,0,0,0,0,5,0,66,233,2,1,1,1,1,1,6,0,207
2018,2,LV,REG,2018_02_OAK_DEN,DEN,29,32,288,1,0,1,-7,0,0,185,122,16,10.0273649475894,20.0192525051534,0,12,7,6,0,27,92,1,0,0,3,-4.44554656441323,0,2,0,0,0,29,32,288,1,0,0,185,122,16,12.1345952160435,0,12,7,6,0,0,40,1,7,4,8,0,1,5,5,1,15,8,0,0,0,0,0,0,0,0,0,0,0,0,0,0,4,30,4,0,0,0,0,0,1,7,0,0,2,2,0,0,46,1,0,1,0,1,0,0,0,0,0,0,0,0,26;46,,,72,0,0,1,2,0,1,0.5,0,0,0,0,0,4,0,56,189,1,2,0,1,0,1,1,0,168
2018,2,MIA,REG,2018_02_MIA_NYJ,NYJ,17,23,168,2,0,4,-46,2,1,137,116,9,-5.63741271122126,4.54857608546381,0,8,4,1,0,31,135,1,0,0,6,-5.46586459112587,0,4,3,2,0,17,23,168,2,0,0,137,116,9,6.63706208829535,0,8,4,1,0,0,44,0,10,9,30,2,3,14,5,2,31,4,0,0,0,0,0,0,0,0,0,1,-2,1,0,0,2,10,2,2,1,0,3,2,3,48,1,34,0,0,0,0,,,0,0,0,0,0,0,0,0,0,0,0,0,,,,0,0,0,2,3,1,0,0.666666666666667,0,0,0,0,0,6,0,63,295,5,2,0,0,3,1,4,0,291
2018,2,MIN,REG,2018_02_MIN_GB,GB,35,48,425,4,1,2,-13,0,0,361,175,20,16.015536448579,3.65452319383621,1,16,9,7,1,18,68,0,0,0,3,-2.58155180504717,0,0,0,0,0,35,48,425,4,0,0,361,175,20,20.0975065556222,1,16,9,7,1,0,47,9,19,4,24,0,4,28,9,0,0,2,0,0,0,0,0,0,0,0,0,0,0,0,0,0,8,70,4,0,0,0,0,0,1,13,2,74,0,3,3,0,,0,0,0,0,0,0,0,0,0,1,2,0,0,,48;49;35,,0,132,0,3,3,0,0,1,0,1,1,0,35,4,1,58,204,2,0,0,1,1,2,0,0,184
2018,2,NE,REG,2018_02_NE_JAX,JAX,24,35,234,2,0,2,-14,1,1,213,136,12,4.94560692266001,1.78618397031512,0,9,5,3,0,24,82,0,0,0,5,-4.13949546654476,0,3,2,0,0,24,35,234,2,0,0,213,136,12,11.296980339963,0,9,5,3,0,0,53,0,4,3,9,2,0,0,5,1,0,3,0,0,0,0,0,0,0,0,0,0,0,1,4,0,2,25,4,1,0,0,1,1,0,0,2,47,2,3,1,0,46,0.666666666666667,0,1,0,1,0,0,0,0,0,0,1,0,29;46,54,,75,54,0,2,2,0,0,1,0,0,0,0,0,4,0,59,222,1,0,0,1,1,2,21,0,181
2018,2,NO,REG,2018_02_CLE_NO,CLE,28,35,243,2,0,3,-30,0,0,255,130,11,3.46932378352292,9.31370837347848,0,7,3,2,1,23,62,0,0,0,4,-4.86549711697432,1,1,1,0,0,28,35,243,2,2,2,255,130,11,2.16387533804743,0,7,3,2,1,0,41,0,26,6,24,2,3,12,5,1,22,2,0,0,0,0,0,0,0,0,0,0,0,0,0,0,4,53,5,2,0,0,2,2,1,0,1,47,2,3,1,0,44,0.666666666666667,0,0,1,1,0,0,0,0,0,1,0,0,31;44,44,,75,44,0,1,1,0,0,1,0,0,0,0,0,4,0,56,179,2,0,0,0,3,1,0,0,179
2018,2,NYG,REG,2018_02_NYG_DAL,DAL,33,44,279,1,0,6,-59,1,1,287,167,11,-6.93039220563906,4.43005446683277,0,11,4,1,0,17,35,0,0,0,6,0.0369421245551638,0,1,0,0,0,33,44,279,1,0,0,287,167,11,6.96690481437299,0,11,4,1,0,0,34,1,9,0,0,0,0,0,3,0,0,2,0,0,0,0,0,0,0,0,0,0,0,0,0,0,3,24,3,1,0,0,1,1,3,14,2,56,2,2,0,0,38,1,0,1,1,0,0,0,0,0,0,0,0,0,28;38,,,66,0,0,1,1,0,0,1,0,0,0,0,0,6,0,55,260,3,0,0,1,4,1,0,0,240
2018,2,NYJ,REG,2018_02_MIA_NYJ,MIA,25,41,334,1,2,3,-14,0,0,397,173,17,-5.93691564244151,-3.69457042798763,0,15,11,6,1,19,42,0,1,0,3,-7.36982790706679,0,2,1,0,0,25,41,334,1,3,1,397,173,17,-6.65471275777023,0,15,11,6,1,0,41,0,14,6,39,2,4,46,7,0,0,0,0,0,0,0,0,0,0,0,0,3,-2,2,0,0,7,50,6,2,2,0,4,1,1,4,0,0,2,2,0,0,55,1,0,0,0,1,1,0,0,0,0,0,0,0,55;41,,,96,0,0,0,1,1,0,0,0,0,0,0,0,5,0,60,263,2,0,0,0,2,3,48,0,215
2018,2,PHI,REG,2018_02_PHI_TB,TB,35,48,334,1,0,3,-13,1,1,323,176,14,-4.89085645320136,8.37604317893373,0,14,6,3,1,24,91,2,0,0,8,4.66232833667891,0,2,2,1,0,35,47,334,1,0,0,323,176,14,3.32125310915746,0,14,6,3,1,0,37,10,16,4,18,1,2,9,8,1,16,2,0,0,0,0,0,0,0,0,0,0,0,1,13,0,6,55,6,1,1,0,2,2,3,13,0,0,0,1,1,0,,0,0,0,0,0,0,0,0,0,0,1,0,0,,42,,0,42,0,3,3,0,0,1,0,0,0,0,0,5,0,65,280,3,0,0,1,0,4,29,0,231
2018,2,PIT,REG,2018_02_KC_PIT,KC,39,60,452,3,0,1,-10,0,0,537,266,25,15.1356064452938,0.647935916980108,1,21,10,6,1,13,33,2,0,0,2,1.03981753299013,0,0,0,0,0,39,60,452,3,0,0,537,266,25,16.9162211480233,1,21,10,6,1,0,30,7,15,3,7,2,1,4,5,0,0,1,0,0,1,0,0,0,0,0,0,1,0,1,0,0,12,90,5,0,1,0,1,0,1,6,4,67,0,1,1,0,,0,0,0,0,0,0,0,0,0,0,1,0,0,,49,,0,49,0,3,4,1,0,0.75,0,0,0,0,0,5,0,59,226,1,2,0,1,0,2,48,0,158
2018,2,SEA,REG,2018_02_SEA_CHI,CHI,22,36,226,2,1,6,-24,2,1,289,68,10,-11.3237414574383,0.739206870396932,0,9,5,2,0,22,74,0,0,0,6,-1.80976426589768,0,1,0,0,0,22,33,226,2,1,0,289,68,10,-0.552938992303098,0,9,5,2,0,0,50,0,10,5,25,0,2,15,2,2,8,7,0,0,0,0,0,0,0,0,0,1,0,0,0,0,5,37,6,3,0,1,3,1,1,14,0,0,1,1,0,0,56,1,0,0,0,0,1,0,0,0,0,0,0,0,56,,,56,0,0,2,2,0,0,1,0,0,0,0,0,7,0,55,316,1,2,0,0,1,4,58,0,258
2018,2,SF,REG,2018_02_DET_SF,DET,18,26,206,2,0,6,-50,0,0,152,94,13,4.38848106084834,-0.439712285995483,0,9,6,2,0,28,190,1,1,0,6,3.22109348665845,0,3,3,3,1,18,25,206,2,0,0,152,94,13,11.375684300014,0,9,6,2,0,0,43,8,14,1,8,1,2,18,4,0,0,1,0,0,0,0,0,0,0,0,0,1,-3,1,0,0,9,86,4,0,1,0,1,0,2,14,5,174,3,3,0,0,45,1,0,0,1,2,0,0,0,0,0,0,0,0,45;42;36,,,123,0,0,3,3,0,0,1,0,0,0,0,0,5,0,59,227,3,0,0,0,1,4,11,0,216
2018,2,TB,REG,2018_02_PHI_TB,PHI,27,33,402,4,1,2,-9,0,0,318,159,17,19.2706990143051,19.7318410331553,0,10,8,4,2,23,43,0,0,0,1,-7.51595623395406,0,0,0,0,0,27,33,402,4,1,1,318,159,17,15.9848277737619,0,10,8,4,2,0,50,9,13,5,26,1,3,13,12,0,0,6,0,0,0,0,0,0,0,0,0,0,0,2,0,0,4,44,6,1,0,0,1,1,4,29,1,13,0,0,0,0,,,0,0,0,0,0,0,0,0,0,0,0,0,,,,0,0,0,3,4,1,0,0.75,0,0,0,0,0,6,0,53,260,2,0,2,0,1,3,13,0,247
2018,2,TEN,REG,2018_02_HOU_TEN,HOU,15,22,191,2,0,1,-8,0,0,122,129,7,7.56530509635613,-0.903586688495818,0,7,3,1,1,34,100,0,0,0,7,-5.61052994556422,0,1,1,0,0,15,21,191,2,1,0,122,129,7,10.0793156889527,0,7,3,1,1,0,42,9,15,4,24,1,4,21,10,1,0,4,0,0,0,0,0,0,0,0,0,0,0,0,0,0,8,70,4,1,0,1,1,0,1,2,0,0,2,2,0,0,42,1,0,0,1,1,0,0,0,0,0,0,0,0,42;31,,,73,0,0,2,2,0,0,1,1,1,0,0,31,5,0,62,261,1,1,0,0,0,4,25,0,236
2018,2,WAS,REG,2018_02_IND_WAS,IND,33,46,292,0,0,3,-23,0,0,326,122,16,-0.408671370745021,5.322354151444,0,11,4,2,0,22,65,0,1,0,4,-4.41660183505155,0,2,2,1,0,33,44,292,0,1,1,326,122,16,-1.34317516224629,0,11,4,2,0,0,31,8,24,3,6,0,1,2,7,2,11,5,0,0,0,0,0,0,0,0,0,1,5,0,0,0,7,90,6,1,1,0,2,1,1,6,1,16,3,4,1,0,49,0.75,0,1,0,2,0,0,0,0,0,1,0,0,49;27;49,49,,125,49,0,0,0,0,0,,0,0,0,0,0,5,0,53,182,3,1,2,0,2,0,0,0,182
2018,3,ARI,REG,2018_03_CHI_ARI,CHI,17,26,193,2,3,4,-25,2,1,248,76,8,-4.78654517809628,2.40691554546356,0,7,4,4,0,18,53,0,0,0,3,-6.19407834182493,0,1,1,0,0,17,25,193,2,0,0,248,76,8,3.00957128184382,0,7,4,4,0,0,55,0,16,5,15,1,3,26,5,1,0,6,0,0,0,0,0,0,0,0,0,1,0,1,0,0,6,43,6,2,0,0,2,1,2,7,0,0,0,0,0,0,,,0,0,0,0,0,0,0,0,0,0,0,0,,,,0,0,0,2,2,0,0,1,0,0,0,0,0,4,0,61,203,1,0,0,1,1,2,24,0,159
2018,3,ATL,REG,2018_03_NO_ATL,NO,26,35,374,5,0,3,-15,0,0,308,152,19,21.8910236928789,7.95794550110312,2,15,5,2,2,22,48,0,0,0,1,-7.27347531489795,0,1,1,0,0,26,34,374,5,0,0,308,152,19,27.2718504465595,2,15,5,2,2,0,61,0,14,2,6,0,1,5,2,0,0,1,0,0,0,0,0,0,0,0,0,0,0,0,0,0,5,54,3,0,0,0,0,0,2,12,3,74,0,0,0,0,,,0,0,0,0,0,0,0,0,0,0,0,0,,,,0,0,0,3,3,0,0,1,0,0,0,0,0,5,1,48,216,1,0,0,0,2,3,16,0,200
2018,3,BAL,REG,2018_03_DEN_BAL,DEN,25,40,277,1,0,2,-12,1,0,365,97,13,6.87518020609202,-0.332316364112653,0,9,5,3,1,28,77,2,0,0,5,-2.20610752271023,0,1,1,0,0,25,38,277,1,0,0,365,97,13,9.9990001336222,0,9,5,3,1,0,45,0,12,5,41,1,3,19,9,1,33,3,0,0,0,0,0,0,0,0,2,1,0,0,0,0,7,52,4,1,0,0,1,0,3,12,3,78,2,3,0,1,52,0.666666666666667,0,0,0,0,2,0,0,0,0,0,0,0,52;52,,43,104,0,43,3,3,0,0,1,0,0,0,0,0,4,1,57,197,2,0,0,0,1,3,31,0,166
2018,3,BUF,REG,2018_03_BUF_MIN,MIN,15,22,196,1,0,3,-32,1,0,190,138,6,3.07013521515967,1.02750252593647,0,7,4,3,1,38,128,2,2,0,7,-2.63561415218283,0,2,0,0,0,15,22,196,1,0,0,190,138,6,7.83262514751607,0,7,4,3,1,0,45,1,15,4,21,2,4,18,7,1,0,10,0,0,0,0,0,0,0,0,0,3,-14,2,0,0,12,84,4,1,2,0,3,0,1,13,0,0,2,2,0,0,50,1,0,0,1,0,1,0,0,0,0,0,0,0,30;50,,,80,0,0,3,3,0,0,1,0,0,0,0,0,6,0,59,259,5,1,4,0,0,1,0,0,259
2018,3,CAR,REG,2018_03_CIN_CAR,CIN,15,24,150,2,0,1,-3,1,0,218,63,10,4.083777677326,-0.522926325599353,0,6,5,3,0,41,230,2,0,0,11,4.04488594368333,0,8,5,1,1,15,24,150,2,0,0,218,63,10,5.10427498380886,0,6,5,3,0,0,32,2,16,4,33,0,2,22,4,4,0,7,0,0,0,0,0,0,0,0,0,1,0,0,0,0,3,17,1,1,0,0,1,0,1,4,0,0,1,1,0,0,40,1,0,0,0,1,0,0,0,0,0,0,0,0,40,,,40,0,0,4,4,0,0,1,0,0,0,0,0,4,0,59,165,3,0,0,0,3,1,9,0,156
2018,3,CHI,REG,2018_03_CHI_ARI,ARI,24,35,220,0,1,3,-26,1,1,338,109,11,-3.24813419662291,0.887873428208487,0,9,2,2,0,31,122,1,0,0,7,-0.722546829521889,0,3,3,1,0,24,35,220,0,0,0,338,109,11,5.78353078924761,0,9,2,2,0,0,34,2,12,5,20,2,4,25,9,3,0,5,0,0,0,0,0,0,0,0,0,0,0,1,0,0,7,45,6,1,0,0,1,1,2,24,0,0,3,4,1,0,43,0.75,0,1,0,2,0,0,0,0,0,1,0,0,20;41;43,46,,104,46,0,1,1,0,0,1,0,0,0,0,0,3,0,61,158,1,0,0,1,0,2,7,0,131
2018,3,CIN,REG,2018_03_CIN_CAR,CAR,29,46,352,2,4,2,-22,0,0,444,103,18,3.40222529924678,2.0095032453537,0,14,8,6,1,13,66,1,0,0,6,1.31473989848746,0,3,3,2,0,29,45,352,2,0,0,444,103,18,7.5818991890733,0,14,8,6,1,0,41,1,31,3,5,1,1,3,2,0,0,1,0,0,0,0,0,0,0,0,0,0,0,0,0,0,4,36,6,0,0,0,0,0,1,9,0,0,0,1,1,0,,0,0,0,0,0,0,0,0,0,0,0,1,0,,53,,0,53,0,3,3,0,0,1,0,0,0,0,0,3,0,48,132,2,0,1,0,1,1,4,0,128
2018,3,CLE,REG,2018_03_NYJ_CLE,NYJ,21,37,220,0,0,4,-30,1,0,419,69,10,-1.57736200877717,-0.054774454661778,1,11,6,1,0,33,133,2,0,0,9,-2.49039262975566,0,5,2,2,0,21,35,220,0,1,0,419,69,10,7.46550451535713,1,11,6,1,0,0,40,0,14,10,29,1,2,8,5,2,0,6,0,0,0,0,0,0,0,0,0,2,0,1,20,0,5,41,3,2,0,0,2,0,5,20,1,19,2,2,0,0,45,1,0,1,0,1,0,0,0,0,0,0,0,0,45;27,,,72,0,0,1,1,0,0,1,0,0,0,0,0,8,0,55,273,5,1,3,0,2,2,12,0,261
2018,3,DAL,REG,2018_03_DAL_SEA,SEA,19,34,168,1,2,5,-31,0,0,186,87,8,-13.2094636499922,-12.3684110010372,0,10,4,1,0,19,166,0,1,1,7,-0.410401385626756,0,8,5,2,0,19,34,168,1,0,0,186,87,8,-6.95389440259363,0,10,4,1,0,0,39,11,31,2,5,0,2,10,7,0,0,3,0,0,0,0,0,0,0,0,0,0,0,0,0,0,7,55,6,1,0,0,1,1,4,20,3,81,2,2,0,0,50,1,0,0,1,0,1,0,0,0,0,0,0,0,50;35,,,85,0,0,1,1,0,0,1,0,0,0,0,0,5,0,50,240,1,1,0,0,1,3,25,0,215
2018,3,DEN,REG,2018_03_DEN_BAL,BAL,22,34,192,0,1,3,-19,1,0,183,72,8,-7.07734198088292,-2.63915193431518,0,5,3,2,0,24,120,2,0,0,8,1.83446245186497,0,4,3,1,0,22,34,192,0,0,0,183,72,8,-1.56405380542856,0,5,3,2,0,0,42,7,19,4,16,1,2,12,3,0,0,5,0,0,0,1,0,1,0,0,19,1,0,0,0,0,13,120,6,1,0,0,1,0,3,31,2,41,0,0,0,0,,,0,0,0,0,0,0,0,0,0,0,0,0,,,,0,0,0,2,2,0,0,1,0,0,0,0,0,7,0,55,287,3,1,3,0,0,3,12,0,275
2018,3,DET,REG,2018_03_NE_DET,NE,27,36,262,2,1,1,-7,0,0,194,145,16,5.8946118503801,2.84065246582031,0,10,6,3,0,33,159,0,1,0,8,-1.78324427640656,0,6,4,0,0,27,35,262,2,0,0,194,145,16,7.59007755090636,0,10,6,3,0,0,33,2,10,4,15,0,2,13,6,1,19,2,0,0,0,0,0,0,0,0,0,1,0,0,0,0,6,70,3,0,1,0,1,0,3,28,0,0,4,4,0,0,38,1,0,1,3,0,0,0,0,0,0,0,0,0,38;25;32;30,,,125,0,0,2,2,0,0,1,0,0,0,0,0,2,0,50,90,1,1,0,0,1,0,0,0,90
2018,3,GB,REG,2018_03_GB_WAS,WAS,27,45,265,2,0,4,-25,0,0,326,166,11,-5.90339356317329,-5.28133849302928,0,10,4,1,1,17,100,0,0,0,7,3.4121174630709,0,5,1,0,0,27,45,265,2,1,1,326,166,11,-5.39980621769703,0,10,4,1,1,0,26,9,29,1,2,0,0,0,2,1,1,3,0,0,0,0,0,0,0,0,0,1,0,0,0,0,11,115,5,1,1,0,2,1,4,29,1,25,1,1,0,0,41,1,0,0,0,1,0,0,0,0,0,0,0,0,41,,,41,0,0,2,2,0,0,1,0,0,0,0,0,5,0,58,232,2,0,1,0,3,1,9,0,223
2018,3,HOU,REG,2018_03_NYG_HOU,NYG,24,40,385,2,1,3,-17,0,0,439,165,18,13.1937492506266,3.62981016698637,0,17,10,7,0,19,59,0,0,0,2,-4.29355074866908,0,2,0,0,0,24,38,385,2,1,1,439,165,18,11.4801602187079,0,17,10,7,0,0,44,6,22,7,40,1,4,32,5,0,0,2,0,0,0,0,0,0,0,0,0,0,0,0,0,0,7,50,6,1,0,0,1,1,3,45,2,41,3,3,0,0,54,1,0,2,0,0,1,0,0,0,0,0,0,0,23;28;54,,,105,0,0,1,1,0,0,1,0,0,0,0,0,3,0,57,155,1,0,0,0,1,2,6,0,149
2018,3,IND,REG,2018_03_IND_PHI,PHI,25,41,164,1,0,2,-23,0,0,273,78,9,-12.584832421105,-4.13494553507828,0,4,2,2,0,13,68,0,0,0,3,2.16323916864349,0,2,2,1,0,25,41,164,1,0,0,273,78,9,-8.42516665702832,0,4,2,2,0,0,57,2,20,9,45,1,5,28,7,1,11,6,0,0,0,0,0,0,0,0,0,0,0,1,0,0,11,77,3,0,0,0,0,0,1,2,2,35,3,3,0,0,35,1,0,1,2,0,0,0,0,0,0,0,0,0,35;31;28,,,94,0,0,1,1,0,0,1,0,0,0,0,0,5,0,53,222,2,0,0,0,1,4,4,0,218
2018,3,JAX,REG,2018_03_TEN_JAX,TEN,21,34,155,0,0,3,-10,1,0,135,97,6,-6.00181749720326,-12.7958483555738,0,6,1,0,0,19,87,0,0,0,6,-2.98893431735632,0,2,1,0,0,21,34,155,0,0,0,135,97,6,-3.01808968111839,0,6,0,0,0,0,50,0,8,6,30,0,3,25,4,0,0,1,0,0,0,0,0,0,0,0,0,1,0,0,0,0,8,75,5,1,1,0,2,1,2,11,1,25,2,2,0,0,46,1,0,0,1,1,0,0,0,0,0,0,0,0,46;38,,,84,0,0,0,0,0,0,,0,0,0,0,0,6,0,52,273,2,0,1,1,0,4,26,0,227
2018,3,KC,REG,2018_03_SF_KC,SF,24,38,314,3,0,2,-7,0,0,384,180,15,18.6127294347281,0.454591567579069,0,14,6,3,1,28,77,2,1,0,9,0.723640125797829,0,2,0,0,0,24,38,314,3,0,0,384,180,15,20.8330898107853,0,14,6,3,1,0,44,0,16,7,28,2,4,23,5,0,0,2,0,0,0,0,0,0,0,0,0,2,0,0,0,0,6,48,2,1,1,0,2,0,1,5,1,25,1,1,0,0,37,1,0,0,1,0,0,0,0,0,0,0,0,0,37,,,37,0,0,5,5,0,0,1,0,0,0,0,0,2,0,48,87,1,0,0,0,1,1,1,0,86
2018,3,LA,REG,2018_03_LAC_LA,LAC,29,36,354,3,1,1,-4,0,0,212,189,18,21.0771140093705,14.2809115988868,0,16,10,6,1,35,171,1,0,0,12,3.33782272809185,0,6,3,0,0,29,35,354,3,1,1,212,189,18,18.4803774214372,0,16,10,6,1,1,27,8,18,4,14,2,2,11,5,0,0,4,0,0,0,1,0,0,0,0,0,0,0,2,0,0,6,64,4,1,0,0,1,1,2,8,3,75,0,1,1,0,,0,0,0,0,0,0,0,0,0,0,1,0,0,,46,,0,46,0,5,5,0,0,1,0,0,0,0,0,1,0,49,49,0,0,0,0,0,1,11,0,38
2018,3,LAC,REG,2018_03_LAC_LA,LA,18,30,226,2,0,2,-11,0,0,276,89,9,7.58984116758993,-1.50537858406703,0,9,5,4,1,20,141,1,0,0,7,4.82128770818235,0,6,4,3,0,18,30,226,2,2,2,276,89,9,4.7688810179553,0,9,5,4,1,0,54,4,16,6,17,1,1,4,3,1,4,2,0,0,0,0,0,0,0,0,0,0,0,1,0,0,4,30,5,2,0,0,2,2,1,11,1,33,1,1,0,0,26,1,0,1,0,0,0,0,0,0,0,0,0,0,26,,,26,0,0,2,3,1,0,0.666666666666667,0,0,0,0,0,2,1,52,102,0,0,0,0,0,2,8,0,94
2018,3,LV,REG,2018_03_OAK_MIA,MIA,27,39,345,1,2,3,-20,0,0,233,232,17,9.37602756570033,3.85438992004646,0,12,4,2,2,32,109,1,0,0,5,-4.12272858482902,0,1,1,0,0,27,38,345,1,0,0,233,232,17,11.5510407134605,0,12,4,2,2,0,29,1,9,2,13,0,1,9,4,0,0,4,0,1,0,0,0,0,0,0,0,1,0,0,0,0,8,38,6,0,1,0,1,0,3,11,2,39,2,2,0,0,52,1,0,1,0,0,1,0,0,0,0,0,0,0,25;52,,,77,0,0,2,2,0,0,1,0,0,0,0,0,3,0,54,112,1,1,1,0,1,0,0,0,112
2018,3,MIA,REG,2018_03_OAK_MIA,LV,18,24,341,4,0,1,-9,0,0,248,174,11,16.045670076739,8.90204707781474,0,12,8,5,2,14,41,0,0,0,2,-4.43556979330606,0,1,1,0,0,18,24,341,4,0,0,248,174,11,17.6909997163457,0,12,8,5,2,0,35,10,46,5,17,0,3,20,7,2,39,6,0,0,0,0,0,0,0,0,0,0,0,0,0,0,9,74,3,0,0,0,0,0,0,0,4,105,0,0,0,0,,,0,0,0,0,0,0,0,0,0,0,0,0,,,,0,0,0,4,4,0,0,1,0,0,0,0,0,6,0,63,282,3,1,0,1,1,3,11,0,251
2018,3,MIN,REG,2018_03_BUF_MIN,BUF,40,55,296,1,1,4,-18,2,2,335,169,17,-21.4132819237565,-1.57771977511319,0,11,3,0,0,6,14,0,1,0,1,-3.22762152715586,0,1,0,0,0,40,55,296,1,0,0,335,169,17,-7.02681398404809,0,11,3,0,0,0,43,3,23,6,50,1,3,32,5,0,0,4,0,1,0,0,0,0,0,0,0,2,-4,0,0,0,6,59,6,2,2,0,4,2,1,0,4,82,0,0,0,0,,,0,0,0,0,0,0,0,0,0,0,0,0,,,,0,0,0,0,0,0,0,,0,0,0,0,0,5,0,70,259,1,2,1,1,0,1,13,0,226
2018,3,NE,REG,2018_03_NE_DET,DET,14,26,133,1,1,2,-13,0,0,333,48,4,-10.869922926242,-7.76802239318689,0,6,3,0,0,19,89,0,0,0,7,-1.69350086823275,0,3,3,0,0,14,24,133,1,0,0,333,48,4,-5.47302473365562,0,6,3,0,0,0,49,4,22,4,16,0,1,7,1,1,0,2,0,0,0,0,0,0,0,0,0,0,0,0,0,0,5,38,4,0,0,0,0,0,0,0,5,131,1,1,0,0,36,1,0,0,1,0,0,0,0,0,0,0,0,0,36,,,36,0,0,1,1,0,0,1,0,0,0,0,0,5,0,51,217,1,1,1,0,0,3,28,0,189
2018,3,NO,REG,2018_03_NO_ATL,ATL,39,49,396,3,0,1,-5,0,0,273,223,19,19.1665125146443,6.44883470875876,0,14,8,5,0,27,143,2,0,0,11,4.49349605783937,0,4,4,2,0,39,49,396,3,0,0,273,223,19,21.1305882671783,0,14,8,5,0,0,44,2,10,6,24,0,3,15,6,0,0,2,0,0,0,1,0,0,0,0,12,1,0,0,0,0,11,120,6,0,1,0,1,0,3,16,3,64,3,3,0,0,49,1,0,1,0,2,0,0,0,0,0,0,0,0,49;21;45,,,115,0,0,4,4,0,0,1,0,0,0,0,0,4,0,57,202,2,1,0,1,0,2,12,0,170
2018,3,NYG,REG,2018_03_NYG_HOU,HOU,25,29,297,2,0,4,-32,1,0,171,171,16,15.5347424014861,15.8483555604672,0,13,9,4,0,27,114,1,0,0,4,-3.23552357190056,0,4,3,1,0,25,29,297,2,0,0,171,171,16,22.277580670498,0,13,9,4,0,0,36,1,25,4,21,1,3,17,11,1,0,7,0,1,0,0,0,0,0,0,0,2,0,1,0,0,3,20,3,1,1,0,2,0,2,6,3,45,2,2,0,0,44,1,0,0,1,1,0,0,0,0,0,0,0,0,44;30,,,74,0,0,3,3,0,0,1,0,0,0,0,0,4,0,53,198,0,0,1,0,0,3,45,0,153
2018,3,NYJ,REG,2018_03_NYJ_CLE,CLE,15,31,169,0,2,2,-8,0,0,202,108,9,-2.01850712212489,-16.5369628866514,0,10,4,1,0,30,107,2,0,0,5,-0.435421430156566,0,2,2,1,0,15,30,169,0,1,1,202,108,9,-5.35035715884168,0,10,4,1,0,0,47,0,26,4,20,2,4,30,11,0,0,4,0,1,0,0,0,0,0,0,0,0,0,0,0,0,6,55,5,1,1,1,2,1,2,12,1,22,1,1,0,0,28,1,0,1,0,0,0,0,0,0,0,0,0,0,28,,,28,0,0,2,2,0,0,1,0,0,0,0,0,7,0,62,344,3,1,0,0,1,5,20,0,324
2018,3,PHI,REG,2018_03_IND_PHI,IND,25,37,255,1,1,5,-28,1,1,288,92,12,-6.57257731592939,1.3835310130506,0,10,4,2,0,35,152,1,0,0,10,-0.23018540040357,0,5,3,0,0,25,37,255,1,0,0,288,92,12,3.36547108092256,0,10,4,2,0,0,34,2,8,4,22,0,2,23,7,0,0,9,0,2,0,0,0,0,0,0,0,3,-7,0,0,0,10,110,6,1,3,0,4,1,4,4,2,33,2,3,1,0,33,0.666666666666667,0,1,1,0,0,0,0,0,0,0,1,0,33;24,55,,57,55,0,2,2,0,0,1,0,0,0,0,0,3,0,52,128,0,0,1,0,1,1,2,0,126
2018,3,PIT,REG,2018_03_PIT_TB,TB,30,38,353,3,1,3,-18,1,0,267,213,16,12.5206674708515,12.6451950620961,0,14,5,3,2,22,78,0,0,0,3,-5.45114966388792,0,2,2,1,0,30,37,353,3,0,0,267,213,16,18.1915226246469,0,14,5,3,2,0,44,5,7,3,19,1,3,19,13,3,45,10,1,0,0,0,0,0,0,0,0,1,0,1,2,0,13,155,4,1,0,0,1,0,1,16,1,21,1,2,1,0,38,0.5,0,0,1,0,0,0,0,0,0,1,0,0,38,47,,38,47,0,3,4,1,0,0.75,0,0,0,0,0,5,0,56,228,2,0,2,1,1,1,0,0,208
2018,3,SEA,REG,2018_03_DAL_SEA,DAL,16,26,192,2,0,2,-10,0,0,241,84,10,8.01291141850634,1.90743577480316,0,6,4,2,1,39,113,1,1,0,6,-7.0023496071226,0,2,1,0,0,16,25,192,2,0,0,241,84,10,11.7677545530267,0,6,4,2,1,0,41,5,11,6,33,1,5,31,10,2,0,7,0,0,0,0,0,0,0,0,0,1,-4,1,0,0,10,67,5,0,1,0,1,0,3,25,3,66,1,1,0,0,47,1,0,0,0,1,0,0,0,0,0,0,0,0,47,,,47,0,0,3,3,0,0,1,0,0,0,0,0,8,0,61,350,2,2,1,0,1,4,20,0,330
2018,3,SF,REG,2018_03_SF_KC,KC,20,30,251,2,0,4,-23,2,0,272,130,12,8.67598473188497,-0.845884482065837,1,11,4,3,0,29,178,1,0,0,11,7.02248161460739,0,6,6,3,0,20,30,251,2,0,0,272,130,12,13.2884253313046,1,11,4,3,0,0,44,0,12,5,16,1,2,7,9,0,0,4,0,0,0,0,0,0,0,0,0,3,0,0,0,0,14,147,6,2,1,0,3,0,1,1,1,23,2,2,0,0,39,1,0,0,2,0,0,0,0,0,0,0,0,0,39;35,,,74,0,0,1,2,1,0,0.5,0,0,0,0,0,4,0,43,148,1,2,0,0,1,1,5,0,143
2018,3,TB,REG,2018_03_PIT_TB,PIT,30,50,411,3,3,3,-19,0,0,556,121,22,5.48520084380352,1.77380123734474,0,18,11,6,1,16,63,0,0,0,2,-0.479890147253173,0,2,2,0,0,30,50,411,3,1,1,556,121,22,4.76462994449021,0,18,11,6,1,0,46,8,10,6,17,1,3,18,9,1,0,2,0,0,0,0,0,0,0,0,0,0,0,0,0,0,9,80,4,1,0,0,1,1,1,0,5,68,2,2,0,0,28,1,0,2,0,0,0,0,0,0,0,0,0,0,21;28,,,49,0,0,3,3,0,0,1,0,0,0,0,0,3,0,64,126,1,0,1,0,1,1,16,0,110
2018,3,TEN,REG,2018_03_TEN_JAX,JAX,13,21,108,0,0,3,-25,0,0,89,67,6,-3.02880858691933,-9.62591100306738,0,3,1,1,0,35,150,0,0,0,7,-4.78756578725888,0,4,4,0,0,13,21,108,0,0,0,89,67,6,2.38697453875502,0,3,1,1,0,0,41,0,8,4,11,1,3,10,4,0,0,4,0,0,0,0,0,0,0,0,0,0,0,1,0,0,4,30,4,0,0,0,0,0,4,26,0,0,3,4,1,0,39,0.75,0,1,2,0,0,0,0,0,0,1,0,0,39;36;28,48,,103,48,0,0,0,0,0,,0,0,0,0,0,6,0,54,280,3,2,1,1,0,2,11,0,249
2018,3,WAS,REG,2018_03_GB_WAS,GB,12,20,220,2,1,0,0,0,0,202,101,7,6.01085813328973,-3.20717453956604,0,6,5,4,2,35,166,2,0,0,9,-2.64567992798076,0,4,4,1,1,12,20,220,2,0,0,202,101,7,6.01085813328973,0,6,5,4,2,0,28,15,29,4,25,1,4,25,7,0,0,1,0,0,0,0,0,0,0,0,0,0,0,1,0,0,6,66,3,0,0,0,0,0,1,9,2,33,1,1,0,0,35,1,0,0,1,0,0,0,0,0,0,0,0,0,35,,,35,0,0,4,4,0,0,1,0,0,0,0,0,5,0,57,235,1,0,0,0,1,4,29,0,206
2018,4,ARI,REG,2018_04_SEA_ARI,SEA,15,27,180,1,0,1,-9,0,0,245,77,9,4.46451933535895,-3.64743745326996,0,6,5,4,0,28,92,1,1,1,6,-11.0048102008007,0,2,2,1,0,15,25,180,1,0,0,245,77,9,7.50592902762032,0,6,5,4,0,0,61,1,1,5,27,2,2,12,3,0,0,0,0,0,0,0,0,0,0,0,0,1,0,0,0,0,5,38,3,1,1,0,2,1,1,0,2,55,1,3,2,0,23,0.333333333333333,0,1,0,0,0,0,0,0,0,1,1,0,23,50;45,,23,95,0,2,2,0,0,1,0,0,0,0,0,5,0,56,253,1,0,0,0,1,4,39,0,214
2018,4,ATL,REG,2018_04_CIN_ATL,CIN,29,39,419,3,0,3,-16,0,0,430,163,20,16.958076102898,12.5407687927547,0,19,8,5,1,24,92,1,0,0,4,-1.30252821242902,0,1,1,0,0,29,38,419,3,0,0,430,163,20,23.2785535814506,0,19,8,5,1,0,47,1,13,5,25,0,3,29,5,1,23,6,0,0,0,1,0,0,0,0,0,0,0,0,0,0,10,95,5,0,0,0,0,0,0,0,4,95,3,3,0,0,55,1,0,1,1,0,1,0,0,0,0,0,0,0,55;28;32,,,115,0,0,3,3,0,0,1,0,0,0,0,0,1,0,41,41,0,0,0,0,0,1,13,0,28
2018,4,BAL,REG,2018_04_BAL_PIT,PIT,28,42,363,2,0,2,-8,0,0,387,155,17,11.5361738115146,3.78996826708317,0,17,6,3,1,30,96,0,1,1,6,-7.64718321551907,0,2,0,0,0,28,40,363,2,0,0,387,155,17,14.7510263806737,0,17,6,3,1,0,34,6,10,2,14,1,1,9,3,1,16,10,0,0,0,0,0,0,0,0,0,0,0,1,0,0,7,50,4,1,0,0,1,1,1,4,3,57,4,4,0,0,49,1,0,1,1,2,0,0,0,0,0,0,0,0,47;49;28;31,,,155,0,0,2,2,0,0,1,0,0,0,0,0,4,0,51,175,2,1,0,1,1,1,3,0,152
2018,4,BUF,REG,2018_04_BUF_GB,GB,16,33,151,0,2,7,-64,0,0,307,69,6,-17.6638126088656,-16.5751790458506,0,6,2,1,0,16,58,0,1,1,2,-6.32168707839446,0,1,0,0,0,16,33,151,0,0,0,307,69,6,-5.11266232555499,0,6,2,1,0,0,49,8,20,4,17,3,2,16,4,1,11,7,0,0,0,0,0,0,0,0,0,0,0,1,0,0,3,20,6,1,0,0,1,1,1,-1,2,37,0,0,0,0,,,0,0,0,0,0,0,0,0,0,0,0,0,,,,0,0,0,0,0,0,0,,0,0,0,0,0,8,0,50,348,4,1,0,0,2,5,20,0,328
2018,4,CHI,REG,2018_04_TB_CHI,TB,19,26,354,6,0,1,-10,0,0,270,132,15,23.2820189098494,12.7289507251519,0,12,8,8,1,31,139,0,0,0,10,2.55455844565336,0,5,3,2,0,19,26,354,6,0,0,270,132,15,25.5603447017858,0,12,8,8,1,0,42,0,10,6,20,1,4,20,7,3,32,6,0,0,0,0,0,0,0,0,0,0,0,0,0,0,4,38,4,0,0,0,0,0,3,14,1,28,2,2,0,0,50,1,0,0,0,1,1,0,0,0,0,0,0,0,50;46,,,96,0,0,6,6,0,0,1,0,0,0,0,0,2,0,51,96,0,0,0,0,1,1,2,0,94
2018,4,CIN,REG,2018_04_CIN_ATL,ATL,29,41,337,3,1,3,-29,0,0,285,186,20,15.2552781493275,1.53549164533615,0,16,5,3,0,23,99,2,0,0,6,2.39242178280256,0,3,1,0,0,29,41,337,3,0,0,285,186,20,22.7310965506041,0,16,5,3,0,0,51,0,10,5,21,0,3,16,8,0,0,2,0,0,0,0,0,0,0,0,0,0,0,0,0,0,6,55,6,0,0,0,0,0,1,13,2,82,1,1,0,0,36,1,0,0,1,0,0,0,0,0,0,0,0,0,36,,,36,0,0,4,4,0,0,1,0,0,0,0,0,1,1,31,31,1,0,0,0,1,0,0,0,31
2018,4,CLE,REG,2018_04_CLE_OAK,LV,21,41,295,2,2,2,-16,1,1,390,145,13,-6.80708913171728,-11.3884363596032,0,11,5,4,2,31,208,3,2,1,6,7.41324181470578,2,4,3,2,2,21,41,295,2,0,0,390,145,13,0.59460588953627,0,11,5,4,2,0,48,11,33,4,12,0,3,11,10,2,50,7,0,0,0,0,0,0,0,0,0,1,0,0,0,0,8,55,4,2,1,0,3,2,2,10,5,88,2,2,0,0,28,1,0,2,0,0,0,0,0,0,0,0,0,0,25;28,,,53,0,0,2,2,0,0,1,0,0,0,0,0,7,0,59,350,2,0,0,0,2,5,98,0,252
2018,4,DAL,REG,2018_04_DET_DAL,DET,17,27,255,2,0,3,-24,0,0,261,112,12,8.5396125936438,-1.22604226624524,0,9,5,4,0,35,183,0,1,0,10,4.90895155889349,0,3,3,1,1,17,27,255,2,0,0,261,112,12,10.7588645523553,0,9,5,4,0,0,36,1,17,6,27,0,3,21,4,0,0,1,0,0,0,0,0,0,0,0,0,2,0,0,0,0,2,20,3,2,0,0,2,0,0,0,1,17,4,4,0,0,43,1,0,1,2,1,0,0,0,0,0,0,0,0,32;43;22;38,,,135,0,0,2,2,0,0,1,1,1,0,0,38,2,0,42,78,1,0,1,0,1,0,0,0,78
2018,4,DEN,REG,2018_04_KC_DEN,KC,21,33,245,0,1,4,-19,0,0,282,96,10,-5.36858995661162,0.635605237700722,0,9,5,3,1,22,159,2,0,0,10,7.72957959998166,0,8,6,0,0,21,33,245,0,0,0,282,96,10,-0.451076251170822,0,9,5,3,1,0,44,0,16,3,7,0,1,0,10,0,0,5,0,0,0,0,0,0,0,0,0,0,0,0,0,0,3,25,6,0,0,0,0,0,1,2,2,40,3,3,0,0,46,1,0,0,1,2,0,0,0,0,0,0,0,0,42;34;46,,,122,0,0,2,2,0,0,1,0,0,0,0,0,3,0,51,123,1,2,0,0,0,1,37,0,86
2018,4,DET,REG,2018_04_DET_DAL,DAL,24,30,307,2,0,3,-21,0,0,227,157,14,16.5626452519667,13.2479878335164,0,10,7,6,1,20,96,1,0,0,4,-0.483285009686369,0,2,2,1,0,24,29,307,2,0,0,227,157,14,21.0531446343396,0,10,7,6,1,0,39,0,28,4,17,2,3,24,4,0,0,6,0,0,0,0,0,0,0,0,0,0,0,0,0,0,8,58,3,0,0,0,0,0,0,0,1,23,1,1,0,0,33,1,0,0,1,0,0,0,0,0,0,0,0,0,33,,,33,0,0,3,3,0,0,1,0,0,0,0,0,4,0,52,171,2,0,0,1,3,0,0,0,151
2018,4,GB,REG,2018_04_BUF_GB,BUF,22,40,298,1,1,2,-16,1,1,423,144,12,-1.59806101727913,-9.54250760376453,0,11,6,4,1,32,141,1,1,0,9,-0.237444161389935,0,5,2,1,0,22,40,298,1,1,0,423,144,12,4.04807717708723,0,11,6,4,1,0,32,7,17,7,57,1,7,64,11,2,27,5,0,0,0,0,0,0,0,0,0,1,0,1,0,0,5,60,3,3,0,1,3,1,5,20,0,0,3,3,0,0,52,1,0,0,1,0,2,0,0,0,0,0,0,0,52;36;52,,,140,0,0,1,2,1,0,0.5,0,0,0,0,0,4,0,51,171,2,0,0,1,2,1,-1,0,152
2018,4,HOU,REG,2018_04_HOU_IND,IND,29,42,375,2,1,7,-28,0,0,342,156,23,10.7907221436186,5.68150140345097,0,21,9,5,0,35,119,1,0,0,6,-3.06611145814532,0,3,2,0,0,29,40,375,2,0,0,342,156,23,18.1070616948143,0,21,9,5,0,0,54,3,5,8,34,2,4,27,10,0,0,7,0,0,0,0,0,0,0,0,0,0,0,2,0,1,10,54,5,0,0,0,0,0,2,20,4,69,3,4,1,0,40,0.75,0,1,1,1,0,0,0,0,0,0,1,0,40;29;37,59,,106,59,0,4,4,0,0,1,1,1,0,0,37,5,0,51,207,4,0,1,0,3,1,19,0,188
2018,4,IND,REG,2018_04_HOU_IND,HOU,40,62,464,4,0,4,-27,2,1,523,168,23,11.5911277397498,-2.41297703297412,1,19,9,4,2,17,41,0,0,0,3,-13.5136048211716,0,0,0,0,0,40,61,464,4,0,0,523,168,23,23.4125597824421,1,19,9,4,2,0,59,12,16,7,27,0,7,28,11,1,1,2,0,0,0,0,0,0,0,0,0,1,-2,0,0,0,10,85,7,2,1,0,3,2,1,19,2,32,2,2,0,0,44,1,0,0,0,2,0,0,0,0,0,0,0,0,42;44,,,86,0,0,2,2,0,0,1,0,0,0,0,0,5,0,57,220,2,1,1,0,1,2,20,0,200
2018,4,JAX,REG,2018_04_NYJ_JAX,NYJ,29,38,388,2,1,2,-11,0,0,192,245,16,15.9784957526725,5.08153148387608,0,15,8,7,1,34,126,1,1,1,5,-8.72875126390136,0,3,1,1,0,29,38,388,2,1,1,192,245,16,13.6128263527405,0,15,8,7,1,0,36,1,3,4,25,0,3,23,4,0,0,2,0,1,1,0,0,0,0,0,0,1,-2,0,0,0,9,89,4,2,2,1,4,2,4,11,2,21,3,3,0,0,54,1,0,1,1,0,1,0,0,0,0,0,0,0,32;22;54,,,108,0,0,2,2,0,0,1,0,0,0,0,0,4,0,54,185,3,0,2,0,1,1,7,0,178
2018,4,KC,REG,2018_04_KC_DEN,DEN,28,45,304,1,0,1,0,0,0,357,158,13,8.39388411117006,-1.0375514626503,0,10,7,6,0,26,142,2,1,0,8,9.41784508244018,0,2,2,1,1,28,44,304,1,0,0,357,158,13,10.3301681391637,0,10,7,6,0,0,43,0,6,3,19,0,4,19,9,1,0,3,0,0,0,0,0,0,0,0,0,1,-2,0,0,0,10,93,4,0,1,0,1,0,1,37,0,0,2,2,0,0,33,1,0,1,1,0,0,0,0,0,0,0,0,0,33;21,,,54,0,0,3,3,0,0,1,0,0,0,0,0,4,0,44,168,0,0,0,2,1,1,2,0,126
2018,4,LA,REG,2018_04_MIN_LA,MIN,26,34,465,5,0,1,-9,0,0,308,231,19,24.9231381108207,13.3933247941913,0,18,9,7,3,20,100,0,0,0,4,-1.68810410989681,0,2,0,0,0,26,33,465,5,1,0,308,232,19,27.1962529548132,0,18,9,7,3,0,36,12,18,6,33,1,4,30,7,0,0,7,0,0,0,0,0,0,0,0,0,1,0,1,0,0,2,15,5,1,0,0,1,0,1,4,3,53,1,2,1,0,34,0.5,0,0,1,0,0,0,0,1,0,0,0,0,34,28,,34,28,0,5,5,0,0,1,0,0,0,0,0,2,0,39,71,0,1,1,0,0,0,0,0,71
2018,4,LAC,REG,2018_04_SF_LAC,SF,25,39,250,3,1,1,-8,0,0,261,111,14,-1.05004021060819,0.57361408283836,1,11,7,4,0,27,126,0,0,0,6,-4.34720603126334,0,5,4,1,0,25,38,250,3,1,0,261,111,14,2.30560656496158,1,11,7,4,0,0,38,3,15,4,14,1,1,10,9,2,90,9,0,0,0,0,0,0,0,0,0,0,0,0,0,0,5,49,2,1,0,1,1,0,4,82,0,0,3,4,1,0,48,0.75,0,2,0,1,0,0,0,0,0,0,1,0,48;25;21,54,,94,54,0,0,2,2,0,0,0,0,0,0,0,4,0,55,174,3,0,1,0,1,2,5,0,169
2018,4,LV,REG,2018_04_CLE_OAK,CLE,35,58,437,4,2,3,-11,0,0,474,194,20,3.7307711121443,-2.43534440440791,1,18,12,5,0,29,139,0,0,0,6,-4.25373505607127,0,5,4,1,1,35,56,437,4,0,0,474,194,20,9.52833991123046,1,18,12,5,0,0,41,7,25,1,12,2,2,16,4,2,36,8,1,0,0,0,0,0,0,0,0,0,0,2,0,0,6,65,7,0,0,0,0,0,5,98,0,0,3,5,2,0,44,0.6,0,2,0,1,0,0,0,0,0,1,1,0,29;44;29,47;50,,102,97,0,4,4,0,0,1,1,1,0,0,29,6,0,50,267,1,0,1,1,2,2,10,0,237
2018,4,MIA,REG,2018_04_MIA_NE,NE,15,25,135,1,1,2,-19,0,0,259,84,8,-5.55174406434526,-5.68866622447968,0,6,2,1,0,18,56,0,1,1,1,-12.9213558336487,0,1,1,0,0,15,25,135,1,0,0,259,84,8,-2.16455624907394,0,6,2,1,0,0,36,0,52,3,9,0,0,0,6,2,14,5,0,0,0,0,0,0,0,0,0,0,-14,0,0,0,10,89,1,0,1,0,1,1,2,23,2,41,0,0,0,0,,,0,0,0,0,0,0,0,0,0,0,0,0,,,,0,0,0,1,1,0,0,1,0,0,0,0,0,7,0,52,293,0,2,0,0,0,5,45,0,248
2018,4,MIN,REG,2018_04_MIN_LA,LA,36,50,422,3,0,4,-30,1,1,310,190,22,15.3942685186173,4.1001204933439,1,17,10,5,1,17,54,0,0,0,3,-1.49153905553976,0,1,1,0,0,36,49,422,3,0,0,310,190,22,24.6840291814756,1,17,10,5,1,0,35,1,17,5,19,1,1,9,2,0,0,1,0,0,0,0,0,0,0,0,0,0,0,0,0,0,4,35,4,1,0,0,1,1,0,0,0,0,3,3,0,0,40,1,0,0,2,1,0,0,0,0,0,0,0,0,37;39;40,,,116,0,0,2,2,0,0,1,0,0,0,0,0,4,0,48,159,1,0,1,0,2,1,4,0,155
2018,4,NE,REG,2018_04_MIA_NE,MIA,23,35,274,3,2,0,0,0,0,279,181,13,11.9147124834201,2.45017554078783,0,11,5,3,1,40,175,2,0,0,10,-1.26902898345725,0,7,4,2,0,23,35,274,3,0,0,279,181,13,11.9147124834201,0,11,5,3,1,0,25,0,26,3,20,0,2,19,5,1,0,3,0,0,0,0,0,0,0,0,0,0,0,1,0,0,6,57,2,0,0,0,0,0,5,45,0,0,1,1,0,0,20,1,0,1,0,0,0,0,0,0,0,0,0,0,20,,,20,0,0,5,5,0,0,1,0,0,0,0,0,2,0,44,80,0,0,0,0,0,2,23,0,57
2018,4,NO,REG,2018_04_NO_NYG,NYG,19,34,227,0,0,1,-8,0,0,255,121,12,7.75759320865278,-6.06544929923433,0,12,6,6,0,32,170,3,0,0,10,4.83688177529257,0,3,3,1,1,19,33,227,0,0,0,255,121,12,10.0187925025734,0,12,6,6,0,0,33,12,20,4,32,2,3,21,5,0,0,2,0,1,0,0,0,0,0,0,0,1,0,2,37,0,5,51,2,0,1,0,1,0,3,15,2,17,4,4,0,0,42,1,0,1,2,1,0,0,0,0,0,0,0,0,42;34;37;26,,,139,0,0,3,3,0,0,1,0,0,0,0,0,2,0,51,95,0,0,0,0,2,0,0,0,95
2018,4,NYG,REG,2018_04_NO_NYG,NO,31,41,255,1,0,3,-21,1,1,250,138,18,5.64724956004637,7.48329402470007,1,12,4,2,0,15,65,1,0,0,3,0.0658425252186135,0,2,1,1,0,31,41,255,1,1,1,250,138,18,6.92617499281177,1,12,4,2,0,0,30,18,26,2,12,0,1,8,2,0,0,4,0,0,0,0,0,0,0,0,0,0,0,0,0,0,6,67,3,2,0,0,2,2,0,0,3,60,1,1,0,0,33,1,0,0,1,0,0,0,0,0,0,0,0,0,33,,,33,0,0,1,1,0,0,1,0,0,0,0,0,4,0,60,204,0,0,0,1,0,3,15,0,169
2018,4,NYJ,REG,2018_04_NYJ_JAX,JAX,17,34,167,1,0,3,-23,0,0,344,89,6,-8.45159271094084,-11.2076956214327,0,6,3,1,1,14,34,0,0,0,2,-3.65444760659011,0,0,0,0,0,17,33,167,1,0,0,344,89,6,-4.64673754269673,0,6,3,1,1,0,57,0,14,4,15,2,2,11,4,1,3,5,0,0,0,0,0,0,0,0,0,0,0,2,25,0,6,43,5,0,0,0,0,0,1,7,3,40,2,2,0,0,38,1,0,1,1,0,0,0,0,0,0,0,0,0,27;38,,,65,0,0,0,0,0,0,,0,0,0,0,0,7,0,61,345,1,1,1,1,0,4,11,0,314
2018,4,PHI,REG,2018_04_PHI_TEN,TEN,33,50,348,2,0,4,-33,1,1,375,145,18,3.81176986715749,0.900493264198303,0,17,6,3,1,22,117,0,0,0,6,-1.33511297702389,0,5,4,0,0,33,50,348,2,2,0,375,149,18,11.629143382206,0,17,6,3,1,0,43,6,12,9,45,0,3,17,6,1,23,3,0,0,0,0,0,0,0,0,0,0,0,0,0,0,8,77,5,3,0,2,3,1,2,42,0,0,3,3,0,0,37,1,0,1,2,0,0,0,0,0,0,0,0,0,27;30;37,,,94,0,0,2,2,0,0,1,0,0,0,0,0,6,0,68,308,2,0,0,3,1,2,8,0,240
2018,4,PIT,REG,2018_04_BAL_PIT,BAL,27,47,274,1,1,1,-9,0,0,332,141,12,-5.85133764951166,-9.71453662799752,1,10,4,4,0,11,19,0,0,0,1,-4.08493502519559,0,0,0,0,0,27,46,274,1,1,1,332,141,12,-7.63532137300496,1,10,4,4,0,0,45,9,23,2,8,1,2,8,2,0,0,1,0,0,0,0,0,0,0,0,0,0,0,1,0,0,5,40,5,1,0,0,1,1,1,3,4,80,2,2,0,0,39,1,0,0,2,0,0,0,0,0,0,0,0,0,34;39,,,73,0,0,0,0,0,0,,0,0,0,0,0,5,0,47,206,1,0,0,0,4,1,4,0,202
2018,4,SEA,REG,2018_04_SEA_ARI,ARI,19,26,172,0,0,2,-12,0,0,136,91,6,-1.256715740567,4.00451004505157,0,6,3,1,0,34,171,2,1,0,11,3.21648933234946,0,6,5,1,0,19,25,172,0,2,0,136,91,6,1.75381149374094,0,6,3,1,0,0,39,1,11,8,22,1,1,9,7,0,0,4,0,0,0,0,0,0,0,0,0,2,-9,1,0,0,8,57,6,2,1,1,3,0,4,39,3,65,2,4,2,0,52,0.5,0,0,0,1,1,0,0,0,1,0,1,0,40;52,38;52,,92,90,0,2,2,0,0,1,1,1,0,0,52,4,0,56,190,2,1,0,1,1,1,0,0,170
2018,4,SF,REG,2018_04_SF_LAC,LAC,23,37,298,2,2,1,-10,0,0,205,170,13,-1.83453443119599,-3.26866267455949,0,10,5,4,1,21,76,0,1,0,5,-2.27361673809117,0,2,2,0,0,23,36,298,2,0,0,205,170,13,1.03365574686957,0,10,5,4,1,0,40,2,24,3,10,1,1,8,3,1,32,3,1,0,0,0,0,0,0,0,0,1,-1,0,0,0,4,29,5,1,1,1,2,0,2,5,4,91,2,2,0,0,33,1,0,1,1,0,0,0,0,0,0,0,0,0,21;33,,,54,0,0,3,3,0,0,1,0,0,0,0,0,5,0,55,235,0,0,0,0,1,4,82,0,153
2018,4,TB,REG,2018_04_TB_CHI,CHI,25,38,271,1,3,4,-20,1,0,365,74,12,-4.32237819425603,-0.747752699412798,0,11,4,2,2,18,60,0,0,0,3,-3.05955306056421,0,1,1,0,0,25,38,271,1,0,0,365,74,12,0.789222097892039,0,11,4,2,2,0,44,0,8,5,21,0,1,10,3,0,0,2,0,0,0,0,0,0,0,0,0,1,0,0,0,0,11,99,3,1,0,0,1,0,1,2,1,21,1,1,0,0,30,1,0,0,1,0,0,0,0,0,0,0,0,0,30,,,30,0,0,1,1,0,0,1,0,0,0,0,0,5,0,51,214,1,1,0,0,1,3,14,0,200
2018,4,TEN,REG,2018_04_PHI_TEN,PHI,30,43,344,2,1,3,-17,0,0,412,178,16,10.1184098573085,7.82904412065234,0,17,10,4,1,22,70,1,1,0,3,-4.5394873173791,0,2,2,0,0,30,42,344,2,0,0,412,178,16,14.1956958285099,0,17,10,4,1,0,48,5,19,5,32,3,4,33,11,0,0,2,0,0,0,0,0,0,0,0,0,1,-12,1,0,0,4,30,5,0,1,0,1,0,2,8,0,0,2,2,0,0,42,1,0,0,1,1,0,0,0,0,0,0,0,0,42;33,,,75,0,0,2,2,0,0,1,0,0,0,0,0,5,0,58,254,2,1,1,1,0,2,42,0,192
2018,5,ARI,REG,2018_05_ARI_SF,SF,10,25,170,1,0,1,-6,0,0,277,74,5,-4.46132124774158,-18.188005556231,0,7,2,2,1,23,56,2,0,0,4,-4.07603682990884,0,1,0,0,0,10,23,170,1,0,0,277,74,5,-1.77491611224832,0,7,2,2,1,0,52,21,23,5,30,3,4,49,7,2,30,9,0,0,0,0,0,0,0,0,0,1,0,3,72,1,5,46,5,0,1,0,1,0,1,0,0,0,0,0,0,0,,,0,0,0,0,0,0,0,0,0,0,0,0,,,,0,0,0,4,4,0,0,1,0,0,0,0,0,8,0,52,317,5,1,3,0,1,3,3,0,314
2018,5,ATL,REG,2018_05_ATL_PIT,PIT,31,45,305,1,0,6,-43,1,1,359,164,14,-4.2016244302013,2.07187821467718,0,11,6,3,1,19,62,1,0,0,4,-1.01973157052998,0,2,1,1,0,31,45,305,1,0,0,359,164,14,8.50509610652807,0,11,6,3,1,0,27,11,19,1,1,1,0,0,4,1,0,4,0,0,0,0,0,0,0,0,-1,0,0,0,0,0,7,75,3,1,0,0,1,1,2,3,2,44,1,1,0,0,47,1,0,0,0,1,0,0,0,0,0,0,0,0,47,,,47,0,0,2,2,0,0,1,0,0,0,0,0,3,1,42,117,2,1,1,0,1,0,0,0,117
2018,5,BAL,REG,2018_05_BAL_CLE,CLE,29,57,298,0,1,2,-4,0,0,459,176,14,-10.7285465016423,-12.4667696785509,0,13,7,3,0,25,116,0,0,0,9,0.47469340855605,0,5,4,0,0,29,57,298,0,1,1,459,176,14,-12.5630878984623,0,13,7,3,0,0,51,1,19,10,56,1,5,38,10,1,0,7,0,1,0,0,0,0,0,0,0,1,0,0,0,0,4,41,6,2,0,0,2,1,5,59,0,0,3,4,0,1,44,0.75,0,1,1,1,0,0,0,0,0,0,0,0,44;25;32,,48,101,0,48,0,0,0,0,,0,0,0,0,0,8,0,56,366,6,0,1,1,3,3,23,0,323
2018,5,BUF,REG,2018_05_TEN_BUF,TEN,10,20,82,0,1,1,-3,0,0,153,52,6,-11.1733715182616,-14.1222850978374,0,5,0,0,0,43,144,1,0,0,10,0.347361201405209,0,3,3,0,0,10,20,82,0,0,0,153,52,6,-9.46056368554127,0,5,0,0,0,0,34,9,11,4,9,3,2,8,5,1,0,5,0,0,0,0,0,0,0,0,0,0,0,2,0,0,4,30,4,0,0,0,0,0,1,8,1,27,2,2,0,0,46,1,0,0,0,2,0,0,0,0,0,0,0,0,40;46,,,86,0,0,1,1,0,0,1,1,1,0,0,46,4,0,48,175,1,1,0,1,0,2,39,0,116
2018,5,CAR,REG,2018_05_NYG_CAR,NYG,21,35,237,2,2,1,-5,0,0,313,136,12,-2.11755622929736,-2.64893358244615,0,10,7,6,0,31,118,0,1,0,6,-5.46921213163296,0,3,3,0,0,21,34,237,2,0,0,313,136,12,-0.627929568558051,0,10,7,6,0,0,32,4,18,5,11,0,1,1,2,2,18,6,0,0,0,0,0,0,0,0,0,0,0,1,0,1,4,22,6,1,0,1,1,0,1,-3,0,0,4,4,0,0,63,1,0,0,1,2,0,1,0,0,0,0,0,0,47;47;39;63,,,196,0,0,3,3,0,0,1,1,1,0,0,63,3,0,55,153,2,0,0,0,0,3,15,0,138
2018,5,CIN,REG,2018_05_MIA_CIN,MIA,20,30,248,1,1,2,-19,0,0,248,107,12,1.49945221784067,0.796679556369782,0,12,8,5,0,26,103,0,0,0,3,-5.37877225952229,0,3,2,1,0,20,30,248,1,0,0,248,107,12,7.03732085479174,0,12,8,5,0,0,39,0,22,6,22,1,3,16,9,2,22,8,1,0,0,0,0,0,0,0,0,0,0,1,19,1,6,47,2,0,0,0,0,0,2,19,0,0,2,3,0,1,51,0.666666666666667,0,1,0,0,1,0,0,0,0,0,0,0,51;20,,37,71,0,37,3,3,0,0,1,0,0,0,0,0,4,0,50,173,1,0,1,0,0,3,85,1,88
2018,5,CLE,REG,2018_05_BAL_CLE,BAL,25,43,342,1,1,5,-38,0,0,409,168,13,-3.53915740857315,-2.82751687225841,0,13,9,6,0,28,112,0,0,0,6,-3.29298229507193,0,6,4,0,0,25,42,342,1,1,0,409,168,13,5.17974579947931,0,13,9,6,0,0,49,0,26,3,7,2,2,4,8,1,0,11,0,0,0,0,0,1,0,0,0,0,0,1,0,0,10,66,4,1,0,1,1,0,3,23,0,0,2,3,1,0,37,0.666666666666667,0,0,2,0,0,0,0,0,0,0,1,0,35;37,55,,72,55,0,0,1,1,0,0,1,1,0,0,37,9,0,64,452,3,1,0,1,2,5,59,0,373
2018,5,DAL,REG,2018_05_DAL_HOU,HOU,18,29,208,1,2,2,-14,0,0,221,132,8,-4.35614000572874,-6.87776399510247,0,6,3,3,2,29,98,0,0,0,6,-4.43473139504204,0,3,1,0,0,18,28,208,1,0,0,221,132,8,-0.992542894243309,0,6,3,3,2,0,49,4,30,5,17,1,1,1,10,1,15,5,0,0,0,0,0,0,0,0,0,0,0,1,14,0,7,72,4,0,0,0,0,0,2,22,0,0,3,3,0,0,48,1,0,1,0,2,0,0,0,0,0,0,0,0,27;43;48,,,118,0,0,1,1,0,0,1,0,0,0,0,0,5,0,55,220,2,0,0,1,2,2,29,0,171
2018,5,DEN,REG,2018_05_DEN_NYJ,NYJ,35,51,377,2,1,4,-33,2,0,330,196,19,-1.50078691230368,1.31076562638376,0,17,6,4,1,17,92,0,0,0,5,-1.59312406630488,0,3,3,2,0,35,51,377,2,0,0,330,196,19,5.43300979756538,0,17,6,4,1,0,35,0,26,3,9,1,1,9,3,1,2,8,0,0,0,0,0,0,0,0,0,2,0,1,0,0,6,45,3,2,0,0,2,0,1,1,1,27,1,1,0,0,30,1,0,0,1,0,0,0,0,0,0,0,0,0,30,,,30,0,0,1,1,0,0,1,0,0,0,0,0,8,0,57,329,3,2,0,0,2,4,71,0,258
2018,5,DET,REG,2018_05_GB_DET,GB,14,26,183,2,0,3,-13,0,0,234,104,9,7.11042119292936,-13.6787069531587,0,8,2,1,1,28,94,2,0,0,6,-4.17222098435741,0,2,2,1,0,14,26,183,2,0,0,234,104,9,11.1368664553545,0,8,2,1,1,0,48,2,8,3,14,2,4,19,7,0,0,3,0,0,0,0,0,0,0,0,0,0,0,3,0,0,8,71,4,0,0,0,0,0,0,0,1,30,1,2,1,0,39,0.5,0,0,1,0,0,0,0,0,0,0,1,0,39,55,,39,55,0,4,4,0,0,1,0,0,0,0,0,5,0,53,228,4,0,1,0,2,2,2,0,226
2018,5,GB,REG,2018_05_GB_DET,DET,32,52,442,3,0,4,-19,2,2,456,189,23,10.1812709686581,-2.62138330936432,1,20,10,6,1,20,98,0,0,0,6,4.62003781081876,0,3,1,0,0,32,50,442,3,0,0,456,189,23,22.9295160722399,1,20,10,6,1,0,39,2,6,5,15,0,3,13,5,0,0,3,0,1,0,0,0,0,0,0,0,0,0,0,0,0,12,112,6,2,1,0,3,3,2,2,2,29,1,5,4,0,41,0.2,0,0,0,1,0,0,0,0,1,2,1,0,41,41;42;38;56,,41,177,0,0,1,1,0,0,0,0,0,0,0,0,0,,0,0,0,0,0,0,0,0,0,0
2018,5,HOU,REG,2018_05_DAL_HOU,DAL,33,44,375,1,1,1,-1,0,0,290,183,18,4.11751380485039,10.1183661887812,0,19,4,3,1,31,88,0,1,0,4,-10.2588699191099,0,2,1,0,0,33,43,375,1,1,1,290,183,18,5.8922817612121,0,19,4,3,1,0,43,3,13,6,17,0,2,14,6,2,17,7,0,0,0,0,0,0,0,0,0,0,-12,0,0,0,5,25,6,1,1,1,2,1,2,29,0,0,4,5,1,0,36,0.8,1,2,1,0,0,0,0,0,0,1,0,0,20;21;19;36,48,,96,48,0,1,1,0,0,1,1,1,0,0,36,3,0,61,160,1,0,0,1,0,2,22,0,118
2018,5,IND,REG,2018_05_IND_NE,NE,38,59,365,3,2,1,-10,0,0,470,126,20,5.48926495076795,-0.609820373987748,0,13,8,4,0,21,84,0,0,0,5,-1.17139711775235,0,2,1,0,0,38,59,365,3,1,1,470,126,20,2.64600435193334,0,13,8,4,0,0,30,0,54,1,1,0,0,0,3,2,23,3,0,0,0,0,0,0,0,0,0,0,0,0,0,0,4,35,4,1,0,0,1,1,2,38,1,15,1,2,1,0,54,0.5,0,0,0,0,1,0,0,0,1,0,0,0,54,38,,54,38,0,3,3,0,0,1,0,0,0,0,0,3,0,51,142,1,0,1,0,0,2,20,0,122
2018,5,JAX,REG,2018_05_JAX_KC,KC,33,61,430,1,4,5,-29,1,1,647,148,20,-21.0136849913106,-6.0349707964991,0,18,9,7,0,17,101,1,0,0,6,8.21839044496301,0,3,2,1,0,33,61,430,1,0,0,647,148,20,-13.7868589714926,0,18,9,7,0,0,41,1,19,2,16,0,1,15,5,2,17,4,0,0,0,0,0,0,0,0,0,0,0,0,0,0,5,45,6,1,0,0,1,1,1,6,2,30,0,0,0,0,,,0,0,0,0,0,0,0,0,0,0,0,0,,,,0,0,0,2,2,0,0,1,0,0,0,0,0,3,0,43,108,2,2,0,0,0,1,2,0,106
2018,5,KC,REG,2018_05_JAX_KC,JAX,22,38,313,0,2,1,-15,0,0,356,171,17,10.143255564895,-3.11406834257974,0,14,4,4,1,30,126,2,0,0,6,-4.71683257259309,0,4,3,2,0,22,36,313,0,0,0,356,171,17,12.7248709436944,0,14,4,4,1,0,48,0,12,3,16,1,5,29,13,4,69,10,1,0,0,0,0,0,0,0,0,0,0,1,0,0,11,105,3,0,0,0,0,0,1,2,1,11,3,3,0,0,42,1,0,1,1,1,0,0,0,0,0,0,0,0,22;42;38,,,102,0,0,3,3,0,0,1,0,0,0,0,0,2,0,63,116,1,0,0,0,1,1,6,0,110
2018,5,LA,REG,2018_05_LA_SEA,SEA,23,32,321,1,2,1,-8,1,0,271,182,17,10.2236134506529,4.90988418459892,0,15,11,5,0,30,155,3,0,0,9,2.86960341750436,0,5,4,1,1,23,32,321,1,0,0,271,182,17,11.3249101605034,0,15,11,5,0,0,26,4,40,3,17,0,2,15,3,0,0,5,0,0,0,0,0,0,0,0,0,2,0,0,0,0,7,45,6,1,1,0,2,0,1,11,6,128,2,2,0,0,39,1,1,0,1,0,0,0,0,0,0,0,0,0,19;39,,,58,0,0,3,4,1,0,0.75,0,0,0,0,0,1,0,38,38,1,0,0,0,0,1,-3,0,41
2018,5,LAC,REG,2018_05_OAK_LAC,LV,22,27,339,2,0,1,-6,0,0,185,194,13,19.1448427965183,13.3070256847602,0,15,9,4,2,31,79,1,0,0,4,-6.79651595055475,0,2,2,0,0,22,26,339,2,0,0,185,194,13,21.9915185713052,0,15,9,4,2,0,31,2,18,5,23,1,3,20,5,1,8,4,0,0,0,0,0,0,0,0,0,0,0,1,0,0,9,82,3,0,0,0,0,0,4,35,2,51,2,3,1,0,49,0.666666666666667,0,0,1,1,0,0,0,0,0,1,0,0,49;30,48,,79,48,0,2,3,1,0,0.666666666666667,0,0,0,0,0,3,0,59,129,3,0,0,0,2,1,2,0,127
2018,5,LV,REG,2018_05_OAK_LAC,LAC,24,33,268,1,1,3,-20,0,0,228,119,10,0.212129600553296,11.1492074305011,0,7,6,6,1,13,41,0,0,0,3,-0.152062077337177,0,0,0,0,0,24,31,268,1,1,1,228,119,10,1.58660415850046,0,7,6,6,1,0,45,2,16,5,14,0,1,6,2,0,0,3,0,0,0,0,0,0,0,0,0,0,0,0,0,0,7,55,6,1,0,0,1,1,1,2,2,44,1,2,1,0,24,0.5,0,1,0,0,0,0,0,0,0,0,1,0,24,57,,24,57,0,1,1,0,0,1,0,0,0,0,0,4,0,51,197,0,0,0,0,0,4,35,0,162
2018,5,MIA,REG,2018_05_MIA_CIN,CIN,20,35,185,1,2,3,-16,1,1,202,115,10,-14.6960411040345,-5.6544536894018,0,8,5,1,0,22,128,0,0,0,5,2.05777141765298,0,3,2,1,0,20,33,185,1,0,0,202,115,10,-4.73803640762344,0,8,5,1,0,1,40,0,18,6,31,0,2,19,4,1,15,4,0,0,0,0,0,1,0,0,0,0,0,0,0,0,9,85,5,1,0,0,1,1,3,85,3,89,1,1,0,0,42,1,0,0,0,1,0,0,0,0,0,0,0,0,42,,,42,0,0,2,2,0,0,1,0,0,0,0,0,5,0,58,209,4,0,0,0,3,2,19,0,190
2018,5,MIN,REG,2018_05_MIN_PHI,PHI,30,37,301,1,0,1,-3,0,0,217,161,13,10.419472418086,15.8556300240594,0,7,5,4,1,23,77,0,1,1,5,-7.68014753458556,0,3,2,1,0,30,37,301,1,0,0,217,161,13,11.727120274504,0,7,5,4,1,0,40,3,5,3,24,1,3,28,8,0,0,2,0,0,0,0,0,0,0,0,0,1,-13,2,64,1,4,23,4,0,2,0,2,1,2,22,0,0,3,5,2,0,52,0.6,0,1,1,0,1,0,0,1,0,1,0,0,37;22;52,28;45,,111,73,0,2,2,0,0,1,0,0,0,0,0,2,0,43,78,0,1,1,0,0,0,0,0,78
2018,5,NE,REG,2018_05_IND_NE,IND,34,44,341,3,2,0,0,0,0,285,167,18,9.87980447309031,5.33507107333703,0,15,7,2,0,23,97,2,0,0,7,1.63413918754668,0,3,3,1,0,34,44,341,3,0,0,285,167,18,9.87980447309031,0,15,7,2,0,0,46,0,32,1,3,1,1,10,7,2,30,10,0,0,0,0,0,0,0,0,0,0,0,1,0,0,7,50,3,0,0,0,0,0,2,20,1,26,1,1,0,0,45,1,0,0,0,1,0,0,0,0,0,0,0,0,45,,,45,0,0,5,5,0,0,1,0,0,0,0,0,4,0,59,193,1,1,0,0,1,2,38,0,155
2018,5,NO,REG,2018_05_WAS_NO,WAS,26,29,363,3,0,2,-14,0,0,160,205,15,24.5407401855919,15.1827349744994,0,12,7,7,2,32,98,3,0,0,8,-2.25688065778224,0,0,0,0,0,26,29,363,3,2,1,160,205,15,19.1037997596432,0,12,7,7,2,0,40,0,10,7,27,1,3,31,3,1,77,6,0,0,0,0,0,0,0,0,0,1,0,1,17,0,4,45,5,2,0,0,2,1,1,0,2,43,1,1,0,0,44,1,0,0,0,1,0,0,0,0,0,0,0,0,44,,,44,0,0,4,5,1,0,0.8,0,0,0,0,0,0,0,,0,0,0,0,0,0,0,0,0,0
2018,5,NYG,REG,2018_05_NYG_CAR,CAR,23,37,383,3,2,1,-1,0,0,400,133,15,8.93749134261428,-0.297220413749282,1,15,9,6,2,16,50,0,0,0,3,-4.42812622967176,0,2,2,2,0,23,37,383,3,0,0,400,133,15,9.79112831638461,1,15,9,6,2,0,39,1,23,5,12,1,1,5,3,2,41,5,0,1,0,0,0,0,0,0,0,0,0,0,0,0,8,62,6,0,2,1,2,1,3,15,3,103,3,3,0,0,53,1,0,0,1,1,1,0,0,0,0,0,0,0,42;53;36,,,131,0,0,2,2,0,0,1,0,0,0,0,0,2,0,51,99,1,0,0,0,1,1,-3,0,102
2018,5,NYJ,REG,2018_05_DEN_NYJ,DEN,10,22,198,3,1,1,-9,0,0,197,80,7,3.92091197133757,-19.3705860864032,0,8,3,3,1,38,323,1,1,1,11,5.81014404160669,0,7,7,4,2,10,22,198,3,0,0,197,80,7,6.1075801678226,0,8,3,3,1,0,54,0,12,7,30,2,4,33,8,1,104,6,0,0,0,0,0,0,0,0,0,0,0,0,0,0,4,33,3,1,0,0,1,1,4,71,2,30,2,3,1,0,49,0.666666666666667,0,0,1,1,0,0,0,0,1,0,0,0,49;30,30,,79,30,0,4,4,0,0,1,0,0,0,0,0,3,0,46,134,2,0,0,1,1,1,1,0,113
2018,5,PHI,REG,2018_05_MIN_PHI,MIN,24,35,311,2,0,3,-28,1,1,307,123,15,-0.801729555369823,10.8364364132285,0,12,7,6,1,17,81,0,1,1,4,-4.12345638762042,1,2,1,0,0,24,32,311,2,0,0,307,123,15,17.2335471815779,0,12,7,6,1,0,45,3,5,4,8,0,1,3,11,0,0,4,0,0,0,0,0,0,0,0,0,0,0,1,0,0,8,52,3,1,1,0,2,2,0,0,4,86,2,2,0,0,30,1,0,1,1,0,0,0,0,0,0,0,0,0,30;28,,,58,0,0,1,1,0,0,1,0,0,0,0,0,4,0,57,187,2,0,1,0,1,2,22,0,165
2018,5,PIT,REG,2018_05_ATL_PIT,ATL,19,29,250,3,1,0,0,0,0,234,127,11,10.3974460554309,3.27768911575449,0,9,4,3,1,29,131,2,1,0,9,2.81143063592026,0,2,2,1,0,19,29,250,3,0,0,234,127,11,10.3974460554309,0,9,4,3,1,0,44,6,22,7,35,1,6,43,14,0,0,0,0,0,0,1,0,0,0,0,0,0,0,1,0,1,7,58,2,1,0,1,1,0,0,0,1,23,0,0,0,0,,,0,0,0,0,0,0,0,0,0,0,0,0,,,,0,0,0,5,6,1,0,0.833333333333333,0,0,0,0,0,3,0,55,143,2,0,1,0,0,2,3,0,140
2018,5,SEA,REG,2018_05_LA_SEA,LA,13,21,198,3,0,2,-15,0,0,240,59,9,8.24157143991287,4.87266684833326,0,6,4,4,1,32,190,1,0,0,8,5.19642409018707,0,5,4,2,0,13,19,198,3,0,0,240,59,9,13.7843863224432,0,6,4,4,1,0,46,0,20,3,17,1,0,0,2,2,26,4,0,0,0,0,0,0,0,0,0,0,0,0,0,0,7,50,6,0,0,0,0,0,1,-3,4,95,1,1,0,0,52,1,0,0,0,0,1,0,0,0,0,0,0,0,52,,,52,0,0,4,4,0,0,1,0,0,0,0,0,4,0,55,138,1,0,1,1,1,1,11,0,107
2018,5,SF,REG,2018_05_ARI_SF,ARI,34,54,349,2,2,4,-49,2,2,260,245,22,-6.1503138349895,-7.62406438589096,0,14,6,3,1,34,147,1,1,1,9,-10.2069213013018,0,7,6,0,0,34,54,349,2,0,0,260,245,22,12.103805059703,0,14,6,3,1,0,24,10,10,1,6,0,1,6,4,0,0,1,0,1,0,0,0,0,0,0,0,1,0,0,0,0,9,65,4,3,1,0,4,3,3,3,2,61,0,1,1,0,,0,0,0,0,0,0,0,0,0,0,1,0,0,,45,,0,45,0,0,0,0,0,,0,0,0,0,0,4,0,50,177,1,0,1,1,1,1,0,0,157
2018,5,TEN,REG,2018_05_TEN_BUF,BUF,14,26,129,0,1,2,-8,1,0,180,66,8,-3.61984209589805,-9.92692863941193,0,7,2,1,0,25,100,0,1,1,6,-5.62712551205186,0,3,3,0,0,14,25,129,0,1,1,180,66,8,-6.7172166095331,0,7,2,1,0,0,43,13,15,6,20,0,1,3,3,1,7,2,0,0,0,0,0,0,0,0,0,0,0,0,0,0,5,40,5,3,0,1,3,2,2,39,1,33,4,4,0,0,54,1,0,1,1,0,2,0,0,0,0,0,0,0,25;54;39;50,,,168,0,0,0,0,0,0,,0,0,0,0,0,2,0,61,106,1,0,0,0,1,1,8,0,98
2018,5,WAS,REG,2018_05_WAS_NO,NO,23,39,275,0,1,3,-31,1,1,355,119,12,-10.3057901731371,-4.83707109013119,0,11,7,5,1,18,39,2,0,0,6,1.01566273829667,0,1,0,0,0,23,37,275,0,0,0,355,119,12,0.21942733819434,0,11,7,5,1,0,44,0,24,2,14,2,2,14,3,0,0,1,0,0,0,0,0,0,0,0,0,0,0,1,24,0,6,38,3,1,0,0,1,1,0,0,2,45,2,2,0,0,53,1,0,0,1,0,1,0,0,0,0,0,0,0,37;53,,,90,0,0,1,1,0,0,1,0,0,0,0,0,3,0,37,110,1,0,0,0,2,1,0,0,110
2018,6,ARI,REG,2018_06_ARI_MIN,MIN,21,31,240,0,1,4,-32,0,0,209,100,9,-11.8584324768119,-5.35268648978203,0,8,6,3,1,20,60,1,1,1,5,-10.5771946733585,0,1,0,0,0,21,31,240,0,0,0,209,100,9,-4.82275725929801,0,8,6,3,1,0,46,1,29,6,20,1,4,17,7,1,0,7,0,0,0,0,0,0,0,0,0,0,0,1,36,1,5,30,3,1,0,0,1,1,3,17,3,60,1,1,0,0,26,1,0,1,0,0,0,0,0,0,0,0,0,0,26,,,26,0,0,2,2,0,0,1,0,0,0,0,0,6,0,61,288,1,0,1,0,2,3,26,0,262
2018,6,ATL,REG,2018_06_TB_ATL,TB,31,41,355,3,0,1,-8,0,0,395,132,19,16.4509026355684,8.77145121737224,0,16,7,4,0,22,70,1,0,0,6,-1.66481710108847,0,4,3,0,0,31,41,355,3,1,0,395,132,19,18.1706068484221,0,16,7,4,0,0,44,0,16,2,8,0,2,6,4,2,-4,5,0,1,0,0,0,0,0,0,0,1,0,0,0,0,5,30,5,1,1,1,2,0,2,14,1,19,2,2,0,0,57,1,0,0,0,1,1,0,0,0,0,0,0,0,45;57,,,102,0,0,4,4,0,0,1,0,0,0,0,0,4,0,54,180,1,1,1,0,0,2,15,0,165
2018,6,BAL,REG,2018_06_BAL_TEN,TEN,25,37,238,1,1,0,0,0,0,343,73,13,10.2158306974452,4.17324948955227,0,10,6,5,0,35,123,2,0,0,9,-1.38553076772951,0,3,2,1,0,25,37,238,1,0,0,343,73,13,10.2158306974452,0,10,6,5,0,0,29,3,13,11,66,1,11,66,9,0,0,0,0,0,0,0,0,0,0,0,0,0,0,0,0,0,10,70,4,0,0,0,0,0,4,50,1,20,0,0,0,0,,,0,0,0,0,0,0,0,0,0,0,0,0,,,,0,0,0,3,3,0,0,1,0,0,0,0,0,4,0,48,175,2,2,1,0,0,1,0,0,175
2018,6,BUF,REG,2018_06_BUF_HOU,HOU,16,29,145,1,2,2,-16,0,0,224,58,8,-11.1760343073026,-12.7511374909302,0,6,4,3,0,27,100,0,0,0,4,-3.95971196138999,0,2,1,0,0,16,29,145,1,0,0,224,58,8,-7.93808761817373,0,6,4,3,0,0,36,4,26,10,43,3,7,35,12,2,1,4,0,1,0,0,0,0,0,0,0,1,0,1,0,0,12,104,3,1,1,0,2,1,3,8,3,43,2,2,0,0,52,1,0,1,0,0,1,0,0,0,0,0,0,0,23;52,,,75,0,0,1,1,0,0,1,0,0,0,0,0,5,1,60,243,2,0,2,0,0,3,7,0,236
2018,6,CAR,REG,2018_06_CAR_WAS,WAS,27,40,275,2,1,1,-6,1,0,306,121,15,8.50154836934461,6.14907894585584,1,13,5,2,0,18,81,0,0,0,7,0.268334372143727,0,3,3,0,0,27,37,275,2,1,1,306,121,15,6.31038904177193,1,13,5,2,0,0,45,5,13,4,12,1,3,7,6,0,0,7,0,1,0,0,0,0,0,0,0,1,0,0,0,0,8,55,2,3,0,0,3,2,1,1,2,37,1,1,0,0,32,1,0,0,1,0,0,0,0,0,0,0,0,0,32,,,32,0,0,0,1,1,0,0,0,0,0,0,0,3,0,53,133,0,0,0,1,1,1,10,0,103
2018,6,CHI,REG,2018_06_CHI_MIA,MIA,22,31,316,3,1,2,-13,0,0,339,140,11,12.9642659195233,9.47428365548452,0,10,6,5,3,31,164,1,1,1,8,-2.7676420443116,0,4,4,2,0,22,30,316,3,1,1,339,140,11,12.552771109622,0,10,6,5,3,0,40,9,27,1,5,1,0,0,4,2,35,4,0,0,0,0,0,0,0,0,0,0,0,1,0,0,6,58,4,2,0,0,2,2,1,5,1,16,0,1,1,0,,0,0,0,0,0,0,0,0,0,0,0,1,0,,53,,0,53,0,4,4,0,0,1,0,0,0,0,0,2,0,42,79,1,1,0,0,1,0,0,0,79
2018,6,CIN,REG,2018_06_PIT_CIN,PIT,26,42,229,2,0,3,-16,0,0,406,39,13,4.6255075444351,-1.53495371341705,0,9,3,1,0,13,62,1,0,0,5,-0.0743532300984953,0,3,3,0,0,26,41,229,2,0,0,406,39,13,9.4178351656883,0,9,3,1,0,0,35,0,36,2,2,1,0,0,1,0,0,7,0,0,0,0,0,0,0,0,0,0,0,0,0,0,6,30,2,0,0,0,0,0,1,6,3,122,0,0,0,0,,,0,0,0,0,0,0,0,0,0,0,0,0,,,,0,0,0,3,3,0,0,1,0,0,0,0,0,6,0,63,270,4,0,1,0,3,2,22,0,248
2018,6,CLE,REG,2018_06_LAC_CLE,LAC,22,46,238,1,2,5,-24,0,0,450,114,13,-22.1865287132579,-10.444053037222,1,9,5,4,0,21,103,0,0,0,4,-2.0705977784819,0,3,3,1,0,22,43,238,1,0,0,450,114,13,-12.2526603122725,1,9,5,4,0,0,42,0,10,4,26,0,1,12,5,1,4,4,0,1,0,0,0,0,0,0,0,1,0,0,0,0,6,53,3,0,1,0,1,0,4,51,5,120,2,2,0,0,33,1,0,1,1,0,0,0,0,0,0,0,0,0,33;28,,,61,0,0,0,0,0,0,,0,0,0,0,0,6,0,54,242,5,0,2,0,1,3,36,0,206
2018,6,DAL,REG,2018_06_JAX_DAL,JAX,17,27,183,2,0,3,-11,0,0,244,63,10,1.95053580369282,1.6820102930069,0,9,4,2,0,42,206,2,2,0,11,5.13688690739218,0,7,5,3,0,17,26,183,2,0,0,244,63,10,8.08879073472946,0,9,4,2,0,0,27,0,20,5,16,1,3,10,7,1,49,5,0,0,0,0,0,0,0,0,0,2,0,1,0,0,3,25,2,0,2,0,2,0,2,9,0,0,4,4,0,0,55,1,0,0,1,1,2,0,0,0,0,0,0,0,50;46;32;55,,,183,0,0,4,4,0,0,1,0,0,0,0,0,3,0,49,123,1,0,1,0,0,2,-2,0,125
2018,6,DEN,REG,2018_06_LA_DEN,LA,25,41,322,2,1,2,-25,0,0,355,127,14,-0.179427008410357,-2.1242163502253,0,12,5,5,3,17,60,0,0,0,3,-0.242272907518782,0,0,0,0,0,25,39,322,2,0,0,355,127,14,5.89982883308744,0,12,5,5,3,0,47,1,19,5,26,0,5,27,6,1,3,5,0,0,0,0,0,0,0,0,0,1,0,0,0,0,6,61,5,1,0,0,1,0,0,0,2,48,2,2,0,0,28,1,0,2,0,0,0,0,0,0,0,0,0,0,28;24,,,52,0,0,2,2,0,0,1,0,0,0,0,0,4,0,48,169,2,0,0,0,2,2,29,0,140
2018,6,GB,REG,2018_06_SF_GB,SF,25,46,425,2,0,3,-20,0,0,379,218,17,5.71288595159775,-5.79555603590879,0,18,9,6,2,21,116,1,0,0,8,2.62442412780365,0,4,4,1,0,25,44,425,2,0,0,379,218,17,11.5542562580994,0,18,9,6,2,0,42,4,14,3,19,2,2,18,4,1,0,4,0,0,0,0,0,0,0,0,0,0,0,2,0,0,6,54,5,0,0,0,0,0,1,6,2,41,4,4,0,0,51,1,0,2,1,0,1,0,0,0,0,0,0,0,29;39;51;27,,,146,0,0,3,3,0,0,1,1,1,0,0,27,4,0,41,155,1,0,0,1,2,1,0,0,135
2018,6,HOU,REG,2018_06_BUF_HOU,BUF,15,26,177,1,2,7,-35,3,1,213,94,9,-18.1709773789169,-8.46894515248445,0,10,5,2,0,24,74,0,0,0,3,-7.41602034804237,0,2,1,0,0,15,26,177,1,0,0,213,94,9,-4.08415171278261,0,10,5,2,0,0,39,5,21,5,24,1,2,16,4,2,41,7,1,0,0,1,0,0,0,0,14,2,0,1,0,0,6,50,1,3,0,0,3,1,3,7,0,0,2,2,0,0,33,1,0,1,1,0,0,0,0,0,0,0,0,0,33;27,,,60,0,0,2,2,0,0,1,0,0,0,0,0,5,0,53,203,2,1,1,0,0,3,8,0,195
2018,6,IND,REG,2018_06_IND_NYJ,NYJ,23,43,301,4,3,0,0,0,0,396,105,15,-4.46794789958987,-8.93139959800811,0,15,9,3,0,23,127,0,1,1,7,-1.27903636376141,0,3,2,1,0,23,42,301,4,0,0,396,105,15,-3.07013901834617,0,15,9,3,0,0,49,1,27,5,18,2,2,13,2,1,27,2,0,0,0,0,0,0,0,0,0,0,0,1,0,0,8,66,4,1,0,0,1,1,0,0,2,50,2,2,0,0,31,1,0,1,1,0,0,0,0,0,0,0,0,0,21;31,,,52,0,0,4,4,0,0,1,0,0,0,0,0,2,0,48,93,0,0,0,0,1,1,6,0,87
2018,6,JAX,REG,2018_06_JAX_DAL,DAL,15,26,149,1,1,3,-10,0,0,221,63,7,-13.9326042096945,-6.92173185256811,0,5,4,2,0,18,65,0,0,0,3,-2.39453527989099,0,1,1,0,0,15,26,149,1,1,1,221,63,7,-14.1786100232857,0,5,4,2,0,0,52,0,18,7,21,0,3,11,5,0,0,4,0,0,0,0,0,0,0,0,0,0,0,0,0,0,4,30,3,1,0,0,1,1,2,-2,1,31,0,0,0,0,,,0,0,0,0,0,0,0,0,0,0,0,0,,,,0,0,0,1,1,0,0,1,0,0,0,0,0,6,0,61,248,2,2,0,1,1,2,9,0,219
2018,6,KC,REG,2018_06_KC_NE,NE,23,36,352,4,2,0,0,0,0,319,189,14,8.29605230111093,0.466848413149516,0,11,7,4,2,17,94,0,0,0,4,3.42933291010559,0,2,2,2,0,23,36,352,4,0,0,319,189,14,8.29605230111093,0,11,7,4,2,0,41,0,40,2,7,2,2,13,1,0,0,1,0,0,0,0,0,0,0,0,0,0,0,1,0,0,5,58,5,0,0,0,0,0,0,0,5,190,4,4,0,0,43,1,0,1,1,2,0,0,0,0,0,0,0,0,42;43;24;30,,,139,0,0,4,4,0,0,1,0,0,0,0,0,1,0,51,51,0,0,1,0,0,0,0,0,51
2018,6,LA,REG,2018_06_LA_DEN,DEN,14,28,201,0,1,5,-27,0,0,230,113,9,-4.83755303113403,-16.6976699871676,0,10,3,2,1,39,270,2,0,0,13,15.806385984457,0,10,8,4,0,14,28,201,0,0,0,230,113,9,1.76793992813246,0,10,3,2,1,0,37,0,14,2,25,1,2,25,5,1,0,4,0,0,0,0,0,0,0,0,0,0,0,0,0,0,10,81,3,0,0,0,0,0,2,29,1,31,3,4,1,0,39,0.75,0,2,1,0,0,0,0,0,0,1,0,0,26;39;21,47,,86,47,0,2,2,0,0,1,0,0,0,0,0,3,0,52,120,3,1,1,0,1,0,0,0,120
2018,6,LAC,REG,2018_06_LAC_CLE,CLE,12,21,215,2,1,1,-12,0,0,235,68,7,4.82633329619984,-4.6375008566039,0,7,6,4,2,36,246,3,1,0,15,9.24393452133518,0,12,9,2,0,12,21,215,2,0,0,235,68,7,6.6994796341225,0,7,6,4,2,0,43,0,26,3,15,0,5,24,9,2,33,5,0,1,0,0,0,0,0,0,0,2,-19,0,0,0,10,72,2,0,2,0,2,0,3,36,2,47,1,1,0,0,44,1,0,0,0,1,0,0,0,0,0,0,0,0,44,,,44,0,0,5,5,0,0,1,0,0,0,0,0,5,0,47,208,0,0,0,0,1,4,51,0,157
2018,6,LV,REG,2018_06_SEA_OAK,SEA,23,31,142,0,0,6,-36,2,2,91,140,8,-13.9368367337193,1.43689254919688,0,3,1,1,0,19,79,0,0,0,5,-1.46320222620852,0,3,2,0,0,23,30,142,0,1,0,91,140,8,0.200879299896769,0,3,1,1,0,0,50,4,4,2,9,0,1,8,3,1,16,4,0,0,0,0,0,0,0,0,0,0,0,0,0,0,5,38,2,3,0,1,3,2,0,0,0,0,1,2,1,0,43,0.5,0,0,0,1,0,0,0,0,0,1,0,0,43,48,,43,48,0,0,0,0,0,,0,0,0,0,0,3,0,37,92,0,1,1,0,0,1,0,0,92
2018,6,MIA,REG,2018_06_CHI_MIA,CHI,28,44,380,3,2,0,0,0,0,293,268,15,9.70435291984375,0.640044435858727,1,13,7,5,2,31,161,0,1,1,6,-3.65394658522564,0,3,2,1,0,28,40,380,3,0,0,293,268,15,11.9343978301721,1,13,7,5,2,0,40,6,20,4,21,2,2,13,3,1,0,3,0,0,0,0,0,0,0,0,0,0,0,2,0,0,7,67,5,1,0,0,1,1,0,0,0,0,3,3,0,0,50,1,0,1,0,1,1,0,0,0,0,0,0,0,50;25;47,,,122,0,0,2,2,0,0,1,1,1,0,0,47,4,0,47,162,2,0,1,1,1,1,5,0,137
2018,6,MIN,REG,2018_06_ARI_MIN,ARI,24,34,233,1,1,4,-17,1,1,160,92,12,-11.9322021741857,0.996713772896797,0,11,4,0,0,32,195,2,0,0,8,0.0418600855628029,0,5,5,5,0,24,31,233,1,0,0,160,92,12,5.29110465743486,0,11,4,0,0,0,40,1,19,6,36,1,4,32,6,1,0,6,0,0,0,0,0,0,0,0,0,0,0,1,0,0,9,52,4,1,0,0,1,1,3,26,1,17,2,2,0,0,48,1,0,0,1,1,0,0,0,0,0,0,0,0,37;48,,,85,0,0,3,3,0,0,1,0,0,0,0,0,5,0,51,225,2,0,1,0,1,3,17,0,208
2018,6,NE,REG,2018_06_KC_NE,KC,24,35,340,1,0,2,-13,2,1,323,172,14,2.10719225552548,4.00041988917759,0,14,9,4,2,38,173,3,0,0,15,7.96574097845387,0,7,3,0,0,24,35,340,1,0,0,323,172,14,8.13486179601551,0,14,9,4,2,0,28,0,26,1,2,0,0,0,3,2,27,5,0,0,0,0,0,0,0,0,0,1,0,0,0,0,0,0,2,2,0,0,2,1,0,0,1,30,5,5,0,0,50,1,0,2,1,1,1,0,0,0,0,0,0,0,48;24;39;50;28,,,189,0,0,4,4,0,0,1,1,1,0,0,28,0,0,,0,0,0,0,0,0,0,0,0,0
2018,6,NYG,REG,2018_06_PHI_NYG,PHI,24,43,281,0,1,4,-27,1,0,275,201,11,-15.4494233643833,-8.5719192443892,0,8,5,4,1,17,147,1,0,0,5,5.73559095201199,0,2,2,2,2,24,43,281,0,0,0,275,201,11,-9.20000363015206,0,8,5,4,1,0,44,12,22,4,17,1,1,7,5,0,0,3,0,1,0,0,0,0,0,0,0,2,0,0,0,0,5,61,5,1,1,0,2,0,3,0,2,58,2,3,1,0,33,0.666666666666667,0,1,1,0,0,0,0,0,0,0,1,0,33;21,52,,54,52,0,1,1,0,0,1,0,0,0,0,0,5,0,52,253,2,0,0,0,0,5,47,0,206
2018,6,NYJ,REG,2018_06_IND_NYJ,IND,24,30,280,2,1,2,-13,0,0,210,134,12,13.5089383047512,13.9759412099575,0,9,8,5,0,36,107,0,1,0,5,-8.16814047544771,0,2,2,1,0,24,29,280,2,1,1,210,134,12,10.2706050214235,0,9,8,5,0,0,39,1,5,1,1,1,0,0,4,3,78,12,1,0,0,0,0,0,0,0,0,1,-2,1,0,0,7,49,6,2,1,1,3,1,1,6,3,69,7,7,0,0,48,1,0,0,4,3,0,0,0,0,0,0,0,0,30;48;32;37;45;37;45,,,274,0,0,3,3,0,0,1,0,0,0,0,0,1,0,43,43,0,0,1,0,0,0,0,0,43
2018,6,PHI,REG,2018_06_PHI_NYG,NYG,26,36,278,3,0,1,-7,0,0,234,144,15,18.9812466907041,6.12521850400501,0,13,5,3,1,31,108,1,1,0,5,-3.20031592795473,0,1,1,0,0,26,36,278,3,0,0,234,144,15,20.6071676658192,0,13,5,3,1,0,31,14,22,4,27,1,4,27,13,1,24,9,0,1,0,0,0,0,0,0,0,3,0,0,0,0,4,25,3,1,2,0,3,0,5,47,2,34,2,3,1,0,33,0.666666666666667,0,0,2,0,0,0,0,0,0,0,1,0,33;30,54,,63,54,0,4,4,0,0,1,0,0,0,0,0,5,0,53,240,2,0,1,0,1,3,0,0,240
2018,6,PIT,REG,2018_06_PIT_CIN,CIN,32,46,369,1,0,0,0,0,0,401,204,16,20.1017714402941,3.12736445003086,1,13,7,7,1,21,112,2,0,0,7,1.54456961166184,0,5,3,2,0,32,45,369,1,1,0,401,203,16,20.9215548331221,1,13,7,7,1,0,34,0,12,4,17,0,3,16,4,0,0,6,0,0,0,0,0,0,0,0,0,1,0,0,0,0,9,69,4,1,0,0,1,0,2,22,2,48,2,2,0,0,24,1,0,2,0,0,0,0,0,0,0,0,0,0,21;24,,,45,0,0,2,2,0,0,1,0,0,0,0,0,4,0,69,172,3,1,0,0,2,1,6,0,166
2018,6,SEA,REG,2018_06_SEA_OAK,LV,17,23,222,3,1,1,-8,0,0,224,88,11,12.019701860231,14.5901333378709,0,9,6,5,1,37,155,0,0,0,6,-1.05395576846786,0,2,2,1,0,17,23,222,3,0,0,224,88,11,13.1031961266097,0,9,6,5,1,0,47,1,3,5,18,3,6,36,10,0,0,1,0,0,0,0,0,0,0,0,0,1,0,2,0,0,8,64,4,0,1,0,1,0,1,0,2,23,2,2,0,0,44,1,0,1,0,1,0,0,0,0,0,0,0,0,44;26,,,70,0,0,3,3,0,0,1,0,0,0,0,0,2,0,50,86,2,1,0,0,1,0,0,0,86
2018,6,SF,REG,2018_06_SF_GB,GB,16,23,245,2,1,2,-18,0,0,181,111,8,9.62356291638508,0.612401184828385,0,8,6,4,1,30,174,1,0,0,9,6.7791956529393,0,5,3,1,0,16,23,245,2,1,1,181,111,8,7.20639205499839,0,8,6,4,1,0,43,6,12,7,33,0,3,20,7,0,0,1,0,0,0,0,0,0,0,0,0,0,0,0,0,0,2,10,3,2,0,0,2,2,1,0,5,138,3,3,0,0,46,1,0,0,0,3,0,0,0,0,0,0,0,0,46;44;43,,,133,0,0,3,3,0,0,1,0,0,0,0,0,3,0,47,126,0,0,0,0,2,1,6,0,120
2018,6,TB,REG,2018_06_TB_ATL,ATL,30,41,395,4,2,2,-6,0,0,457,131,23,13.3734314170957,12.3314284533262,0,19,10,3,1,20,121,0,1,0,5,1.28398966096574,0,4,2,2,0,30,40,395,4,0,0,457,131,23,16.711253614034,0,19,10,3,1,0,51,1,5,7,27,1,1,8,6,0,0,2,0,0,0,0,0,0,0,0,0,2,-3,0,0,0,4,20,4,0,3,1,3,0,2,15,3,40,1,1,0,0,35,1,0,0,1,0,0,0,0,0,0,0,0,0,35,,,35,0,0,2,3,1,0,0.666666666666667,0,0,0,0,0,2,0,44,81,1,0,0,0,0,2,14,0,67
2018,6,TEN,REG,2018_06_BAL_TEN,BAL,10,15,117,0,0,11,-66,1,0,175,44,5,-11.731629646034,5.48216977289745,0,6,4,1,0,14,55,0,0,0,1,-2.80926788365468,0,1,1,1,0,10,14,117,0,0,0,175,44,5,5.58338370150887,0,6,4,1,0,0,46,4,22,2,3,0,0,0,1,1,0,6,0,0,0,0,0,0,0,0,0,1,0,0,0,0,4,35,3,1,0,0,1,0,1,0,1,20,0,0,0,0,,,0,0,0,0,0,0,0,0,0,0,0,0,,,,0,0,0,0,0,0,0,,0,0,0,0,0,9,0,52,375,3,3,0,0,2,4,50,0,325
2018,6,WAS,REG,2018_06_CAR_WAS,CAR,21,36,163,2,0,3,-7,1,0,260,44,10,-7.92580911701301,-3.25936349955472,0,5,3,3,0,28,132,0,0,0,7,5.5018062076997,0,3,2,0,0,21,33,163,2,0,0,260,44,10,-0.680994595242932,0,5,3,3,0,0,34,4,16,3,8,3,1,6,1,1,7,1,0,0,0,0,0,0,0,0,0,1,2,2,0,0,5,43,4,1,0,0,1,0,1,10,2,24,3,3,0,0,56,1,0,1,0,1,1,0,0,0,0,0,0,0,49;56;29,,,134,0,0,2,2,0,0,1,0,0,0,0,0,4,0,51,164,2,0,2,0,1,1,1,0,163
2018,7,ARI,REG,2018_07_DEN_ARI,DEN,21,39,194,1,3,6,-40,3,2,290,72,8,-38.8966096475055,-10.1595473786195,0,6,5,2,0,21,69,0,0,0,4,-3.62836021836847,0,2,1,0,0,21,36,194,1,0,0,290,72,8,-18.5251445204635,0,6,5,2,0,0,33,11,15,3,12,0,2,11,4,1,0,2,0,0,0,0,0,0,0,0,0,1,0,0,0,0,7,45,2,3,0,0,3,2,2,17,5,77,1,1,0,0,43,1,0,0,0,1,0,0,0,0,0,0,0,0,43,,,43,0,0,1,1,0,0,1,0,0,0,0,0,6,0,56,304,1,1,1,0,1,3,23,0,281
2018,7,ATL,REG,2018_07_NYG_ATL,NYG,31,39,379,1,0,3,-23,0,0,305,148,15,17.4368649671975,16.8603206674258,0,15,7,4,1,20,67,1,0,0,5,-2.90772917016875,0,2,2,1,0,31,36,379,1,1,1,305,148,15,20.2332997109931,0,15,7,4,1,0,40,1,27,7,37,0,4,27,8,0,0,1,0,0,0,0,0,0,0,0,0,0,0,0,0,0,5,29,4,1,0,0,1,1,0,0,1,22,3,3,0,0,56,1,0,0,0,1,2,0,0,0,0,0,0,0,40;50;56,,,146,0,0,2,2,0,0,1,0,0,0,0,0,3,0,49,133,2,0,0,0,1,2,29,0,104
2018,7,BAL,REG,2018_07_NO_BAL,NO,24,40,284,2,0,1,-10,0,0,337,111,15,7.35868291702715,-2.56090599137384,0,12,6,1,1,23,77,1,0,0,6,1.11503164793248,0,1,1,0,0,24,37,284,2,0,0,337,111,15,11.2898962658983,0,12,6,1,1,0,49,4,14,3,14,0,1,7,3,0,0,1,0,0,0,0,0,0,0,0,0,0,0,1,0,0,5,54,3,0,0,0,0,0,1,8,3,50,1,1,0,0,31,1,0,0,1,0,0,0,0,0,0,0,0,0,31,,,31,0,0,2,3,1,0,0.666666666666667,0,0,0,0,0,3,0,53,137,2,0,1,0,1,1,12,0,125
2018,7,BUF,REG,2018_07_BUF_IND,IND,20,31,175,0,3,2,-7,1,1,208,51,9,-22.7800970736652,-6.84145967806539,0,6,2,1,0,22,135,0,0,0,6,0.603411110816523,0,4,4,3,0,20,31,175,0,1,1,208,51,9,-20.1622294795816,0,6,2,1,0,0,44,4,4,4,15,0,0,0,2,0,0,1,0,0,1,0,0,0,0,0,0,0,0,0,0,0,7,59,4,2,0,0,2,2,0,0,3,48,1,1,0,0,34,1,0,0,1,0,0,0,0,0,0,0,0,0,34,,,34,0,0,0,0,0,0,,0,0,0,0,0,4,0,51,185,3,0,0,0,4,0,0,0,185
2018,7,CAR,REG,2018_07_CAR_PHI,PHI,25,39,269,2,0,2,-19,0,0,282,138,13,7.65942832040321,1.46704896076306,1,9,6,3,0,17,121,1,0,0,6,6.98430300538894,0,6,6,1,0,25,37,269,2,0,0,282,138,13,14.8634781074217,1,9,6,3,0,0,49,6,18,8,30,2,3,16,5,0,0,3,0,0,0,0,0,0,0,0,0,0,0,1,0,0,5,78,2,0,0,0,0,0,2,12,3,69,0,0,0,0,,,0,0,0,0,0,0,0,0,0,0,0,0,,,,0,0,0,1,2,1,0,0.5,0,0,0,0,0,5,0,54,209,3,0,2,1,0,2,14,0,175
2018,7,CHI,REG,2018_07_NE_CHI,NE,26,50,333,2,2,2,-14,0,0,567,118,18,-5.78016731175776,-7.98273552209139,0,16,9,5,1,25,134,2,0,0,7,5.61213058891008,0,3,2,1,0,26,48,333,2,0,0,567,118,18,-1.07918050749177,0,16,9,5,1,0,53,1,5,3,6,2,1,4,3,1,3,3,0,0,0,0,0,0,0,0,0,0,0,2,0,0,5,40,5,0,0,0,0,0,1,17,4,92,1,1,0,0,46,1,0,0,0,1,0,0,0,0,0,0,0,0,46,,,46,0,0,4,4,0,0,1,0,0,0,0,0,4,1,53,173,1,0,1,0,1,2,3,0,170
2018,7,CIN,REG,2018_07_CIN_KC,KC,19,33,187,1,1,2,-13,1,0,279,67,9,-8.65421763562146,-5.91511782258749,0,6,4,3,0,19,65,0,1,0,4,-7.59470471832901,0,1,1,1,0,19,32,187,1,0,0,279,67,9,-4.22619610261419,0,6,4,3,0,0,43,0,18,2,6,0,2,5,5,1,21,3,0,0,0,0,0,0,0,0,0,2,-11,0,0,0,8,58,3,1,1,0,2,0,0,0,3,65,1,1,0,0,33,1,0,0,1,0,0,0,0,0,0,0,0,0,33,,,33,0,0,1,1,0,0,1,0,0,0,0,0,5,0,60,258,3,0,0,1,0,4,21,0,217
2018,7,CLE,REG,2018_07_CLE_TB,TB,23,34,215,2,0,5,-29,0,0,289,87,8,-2.21805524535012,4.29816237001708,0,6,4,2,0,23,119,1,1,0,7,-5.91030847042566,0,4,4,2,0,23,33,215,2,0,0,289,87,8,6.38555245724274,0,6,4,2,0,0,59,4,8,4,23,2,4,23,9,2,13,8,0,1,1,0,0,0,0,0,0,0,0,2,13,0,14,114,5,2,0,1,2,1,2,46,2,42,0,0,0,0,,,0,0,0,0,0,0,0,0,0,0,0,0,,,,0,0,0,3,3,0,0,1,0,0,0,0,0,9,0,79,465,3,1,2,2,0,4,20,0,405
2018,7,DAL,REG,2018_07_DAL_WAS,WAS,22,35,273,1,0,4,-23,1,1,361,79,10,-0.478044306514953,-0.819096394947597,0,9,7,4,1,22,73,1,1,1,6,-2.96083221759181,0,2,1,0,0,22,35,273,1,1,0,361,79,10,9.16655361180892,0,9,7,4,1,0,35,3,19,6,19,0,1,3,3,0,0,1,0,0,0,0,0,0,0,0,0,1,0,0,0,0,8,65,6,3,0,0,3,2,3,11,1,26,1,2,1,0,47,0.5,0,0,0,1,0,0,0,0,0,0,1,0,47,52,,47,52,0,2,2,0,0,1,0,0,0,0,0,5,0,53,208,0,0,1,1,2,1,3,0,185
2018,7,DEN,REG,2018_07_DEN_ARI,ARI,15,22,189,2,1,2,-11,0,0,195,81,8,1.8011427346791,12.9076404006858,0,8,2,2,1,31,131,2,0,0,6,-2.78718632739037,0,4,2,2,0,15,19,189,2,0,0,195,81,8,7.30428441788536,0,8,2,2,1,0,41,4,20,6,29,3,6,40,11,3,73,10,2,0,0,0,0,0,0,0,0,0,0,2,3,0,5,50,2,0,0,0,0,0,3,23,2,38,1,1,0,0,41,1,0,0,0,1,0,0,0,0,0,0,0,0,41,,,41,0,0,6,6,0,0,1,0,0,0,0,0,6,0,48,261,2,0,0,0,4,2,17,0,244
2018,7,DET,REG,2018_07_DET_MIA,MIA,18,22,217,2,0,1,-8,1,0,140,114,10,14.1119097074949,15.4817265543071,0,9,5,4,0,35,248,1,0,0,12,6.77869478526626,0,7,7,3,1,18,22,217,2,1,0,140,114,10,15.4169318205783,0,9,5,4,0,0,35,2,16,7,27,0,4,24,5,0,0,2,0,0,0,0,0,0,0,0,0,1,0,0,0,0,6,43,1,2,0,1,2,0,2,15,0,0,4,4,0,0,50,1,0,2,1,0,1,0,0,0,0,0,0,0,29;28;35;50,,,142,0,0,2,2,0,0,1,0,0,0,0,0,1,0,61,61,0,0,0,0,0,1,19,0,42
2018,7,HOU,REG,2018_07_HOU_JAX,JAX,12,24,139,1,0,1,-8,0,0,221,43,7,2.68232812069918,-9.82772248486678,0,7,3,1,0,37,141,1,0,0,7,-4.45854187697651,0,2,1,0,0,12,24,139,1,0,0,221,43,7,4.80350906023523,0,7,3,1,0,0,48,0,8,4,28,3,4,28,11,1,6,4,0,1,0,0,0,0,0,0,0,1,0,2,0,0,6,35,1,0,2,1,2,0,2,0,0,0,2,2,0,0,48,1,0,0,0,2,0,0,0,0,0,0,0,0,44;48,,,92,0,0,2,2,0,0,1,0,0,0,0,0,6,0,61,277,4,0,1,1,3,1,21,0,236
2018,7,IND,REG,2018_07_BUF_IND,BUF,17,23,156,4,0,0,0,0,0,113,87,10,9.28695192013402,0.779705980549688,0,7,3,2,0,37,220,1,1,0,11,2.52398515990228,1,9,7,2,0,17,23,156,4,0,0,113,87,10,9.28695192013402,0,7,3,2,0,0,36,7,15,3,9,2,2,7,5,3,51,6,0,0,0,0,0,0,0,0,0,0,-13,2,38,0,4,35,3,0,1,1,1,0,0,0,0,0,1,1,0,0,36,1,0,0,1,0,0,0,0,0,0,0,0,0,36,,,36,0,0,2,4,2,0,0.5,0,0,0,0,0,4,0,61,188,2,0,2,0,2,0,0,0,188
2018,7,JAX,REG,2018_07_HOU_JAX,HOU,27,42,217,1,1,4,-28,1,0,245,95,11,-6.65334151661955,0.215714350342751,0,7,1,1,0,22,70,0,2,2,4,-11.1479709419073,0,1,0,0,0,27,40,217,1,0,0,245,95,11,0.808422063244507,0,7,1,1,0,0,38,1,13,2,9,0,1,8,5,0,0,2,0,0,0,0,0,0,0,0,0,1,0,0,0,0,2,15,5,3,0,0,3,2,1,21,1,5,0,0,0,0,,,0,0,0,0,0,0,0,0,0,0,0,0,,,,0,0,0,1,1,0,0,1,0,0,0,0,0,6,0,55,274,2,2,0,2,0,2,0,0,234
2018,7,KC,REG,2018_07_CIN_KC,CIN,28,39,358,4,1,2,-5,0,0,336,206,19,20.7934326301225,11.1301721798049,0,15,7,5,2,29,198,1,0,0,12,5.90184123610379,0,7,5,3,0,28,36,358,4,0,0,336,206,19,22.9973171090137,0,15,7,5,2,0,39,0,8,5,29,1,2,13,3,1,33,5,1,0,0,0,0,0,0,0,0,2,0,0,0,0,8,49,2,0,2,0,2,0,4,21,1,23,1,2,1,0,26,0.5,0,1,0,0,0,0,0,0,0,0,1,0,26,53,,26,53,0,6,6,0,0,1,0,0,0,0,0,0,0,,0,0,0,0,0,0,0,0,0,0
2018,7,LA,REG,2018_07_LA_SF,SF,18,24,202,2,0,1,-9,0,0,224,66,10,8.89401486780938,10.1337981720765,0,10,6,4,0,36,146,2,1,0,10,-0.567035834585667,0,2,1,0,0,18,24,202,2,0,0,224,66,10,11.0616630759041,0,10,6,4,0,0,34,10,10,12,61,2,7,49,12,2,18,5,0,0,1,1,0,0,0,0,0,1,-8,2,0,0,1,10,2,0,1,0,1,0,2,36,2,47,3,3,0,0,37,1,0,0,3,0,0,0,0,0,0,0,0,0,35;37;33,,,105,0,0,4,4,0,0,1,0,0,0,0,0,4,0,50,122,1,1,1,0,1,1,6,0,116
2018,7,LAC,REG,2018_07_TEN_LAC,TEN,19,26,306,2,0,2,-9,0,0,219,140,12,15.8446712251816,13.659019112587,0,11,5,4,2,16,47,0,0,0,2,-3.36327057157178,0,1,0,0,0,19,25,306,2,0,0,219,140,12,19.8580893580865,0,11,5,4,2,0,51,7,13,6,17,0,2,11,3,1,16,5,0,0,0,0,0,0,0,0,0,0,0,0,0,0,4,31,2,0,0,0,0,0,2,14,2,47,2,2,0,0,29,1,0,2,0,0,0,0,0,0,0,0,0,0,29;28,,,57,0,0,2,2,0,0,1,0,0,0,0,0,3,0,43,115,3,0,1,0,1,1,0,0,115
2018,7,MIA,REG,2018_07_DET_MIA,DET,22,31,239,2,0,4,-24,0,0,309,80,12,6.26221029716879,7.47273792823156,0,10,6,3,0,19,107,1,0,0,4,2.09829260711558,0,1,1,1,1,22,30,239,2,0,0,309,80,12,11.7986762629623,0,10,6,3,0,0,45,1,11,0,0,2,1,8,2,0,0,2,0,0,0,0,0,0,0,0,0,0,0,0,0,0,4,50,5,0,0,0,0,0,1,19,3,74,0,1,1,0,,0,0,0,0,0,0,0,0,0,0,1,0,0,,46,,0,46,0,3,3,0,0,1,0,0,0,0,0,4,0,51,182,2,0,2,0,0,2,15,0,167
2018,7,MIN,REG,2018_07_MIN_NYJ,NYJ,25,40,241,2,0,1,-13,0,0,414,72,10,2.22755220556124,4.63262941592779,0,8,5,4,0,24,88,2,1,0,3,-2.64439770857241,0,3,2,2,0,25,39,241,2,0,0,414,72,10,5.15406127484007,0,8,5,4,0,0,36,0,20,4,18,1,3,14,5,3,78,12,0,0,0,0,0,0,0,0,0,1,-7,1,0,0,6,55,2,0,1,0,1,0,6,57,2,57,3,4,1,0,43,0.75,0,2,0,1,0,0,0,0,0,1,0,0,26;22;43,42,,91,42,0,4,4,0,0,1,0,0,0,0,0,8,0,66,382,4,2,1,0,3,2,8,0,374
2018,7,NE,REG,2018_07_NE_CHI,CHI,25,36,277,3,1,1,-4,0,0,235,132,15,14.7056057758368,1.7592522927693,0,9,5,3,1,27,108,0,1,1,5,-6.09116847594851,0,1,1,0,0,25,35,277,3,0,0,235,132,15,17.3628695962543,0,9,5,3,1,2,52,0,4,3,17,0,2,14,5,2,0,6,0,1,0,1,0,0,0,0,29,1,0,0,0,0,7,64,3,2,1,0,3,2,2,3,4,179,1,1,0,0,29,1,0,1,0,0,0,0,0,0,0,0,0,0,29,,,29,0,0,5,5,0,0,1,0,0,0,0,0,4,0,53,171,0,2,0,1,0,1,17,0,134
2018,7,NO,REG,2018_07_NO_BAL,BAL,22,30,212,2,0,1,-7,0,0,201,66,12,7.13500542355339,12.835090394531,0,8,3,3,0,39,134,1,1,1,12,2.70332387575763,0,2,1,0,0,22,28,212,2,0,0,201,66,12,10.074716505449,0,8,3,3,0,0,43,3,9,3,15,0,1,10,2,0,0,5,0,0,0,0,0,0,0,0,0,1,-2,0,0,0,6,52,3,0,2,0,2,1,1,12,1,16,1,1,0,0,39,1,0,0,1,0,0,0,0,0,0,0,0,0,39,,,39,0,0,3,3,0,0,1,0,0,0,0,0,2,0,52,88,0,0,1,0,0,1,8,0,80
2018,7,NYG,REG,2018_07_NYG_ATL,ATL,27,38,399,1,0,4,-27,0,0,277,211,15,10.9161060928378,7.50296228640788,0,14,7,5,3,20,61,1,0,0,6,-2.09253818048444,1,3,1,0,0,27,37,399,1,0,0,277,211,15,17.3021679494695,0,14,7,5,3,0,44,1,13,6,29,1,3,23,5,0,0,2,0,0,0,0,0,0,0,0,0,1,0,1,0,0,4,58,6,0,1,0,1,0,2,29,4,82,2,2,0,0,36,1,0,0,2,0,0,0,0,0,0,0,0,0,31;36,,,67,0,0,0,0,0,0,,0,0,0,0,0,4,0,52,163,2,0,2,0,2,0,0,0,163
2018,7,NYJ,REG,2018_07_MIN_NYJ,MIN,17,42,206,1,3,3,-14,0,0,490,121,7,-27.9813998372214,-22.3319958363261,0,9,6,4,0,24,71,1,2,1,8,-4.19989085072302,0,3,0,0,0,17,42,206,1,0,0,490,121,7,-23.9138836078149,0,9,6,4,0,0,47,1,15,10,43,0,1,13,7,0,0,8,0,1,0,0,0,0,0,0,0,3,-8,0,0,0,8,71,2,1,4,1,5,1,2,8,6,193,1,1,0,0,55,1,0,0,0,0,1,0,0,0,0,0,0,0,55,,,55,0,0,2,2,0,0,1,0,0,0,0,0,8,0,60,377,1,2,0,0,0,6,57,0,320
2018,7,PHI,REG,2018_07_CAR_PHI,CAR,30,37,310,2,0,4,-26,2,1,300,128,14,6.50029270937753,16.8379846456889,0,15,7,5,0,24,58,0,1,0,6,0.104609460162465,0,1,0,0,0,30,37,310,2,0,0,300,128,14,14.0203069823884,0,15,7,5,0,0,33,3,19,3,20,0,2,19,7,0,0,5,0,0,0,0,0,0,0,0,0,2,0,0,0,0,4,35,2,2,1,0,3,1,2,14,3,73,1,2,1,0,46,0.5,0,0,0,1,0,0,0,0,1,0,0,0,46,36,,46,36,0,2,2,0,0,1,0,0,0,0,0,3,0,53,135,1,1,0,0,0,2,12,0,123
2018,7,SF,REG,2018_07_LA_SF,LA,15,27,170,1,2,7,-49,1,1,229,100,8,-23.4025939929715,-8.03501550798063,0,6,5,4,0,24,107,0,2,1,8,-4.76171568781138,0,4,3,0,0,15,27,170,1,0,0,229,100,8,-7.11558905791026,0,6,5,4,0,0,44,8,12,5,26,0,1,9,3,0,0,2,0,0,0,0,0,0,0,0,0,1,-3,0,0,0,2,10,2,2,1,0,3,2,1,6,1,21,1,1,0,0,51,1,0,0,0,0,1,0,0,0,0,0,0,0,51,,,51,0,0,1,1,0,0,1,0,0,0,0,0,4,1,54,160,2,2,0,0,0,2,36,0,124
2018,7,TB,REG,2018_07_CLE_TB,CLE,32,52,365,0,2,4,-23,1,1,546,89,20,-5.72563353194803,-1.89848570869519,0,20,6,4,0,32,114,3,1,0,8,1.00934774798041,0,5,4,0,0,32,52,365,0,1,1,546,89,20,-1.60512695487071,0,20,6,4,0,0,44,10,10,7,37,2,5,29,5,0,0,4,0,0,0,0,0,0,0,0,0,1,-1,1,0,0,8,65,4,2,1,0,3,2,4,20,0,0,2,3,1,0,59,0.666666666666667,0,0,1,0,1,0,0,0,0,1,0,0,38;59,40,,97,40,0,2,3,1,0,0.666666666666667,1,1,0,0,59,4,0,55,187,1,0,0,1,1,2,46,0,121
2018,7,TEN,REG,2018_07_TEN_LAC,LAC,24,32,237,1,1,2,-11,0,0,149,137,16,9.41834472438035,4.03263997286558,0,12,7,2,0,33,164,1,0,0,7,1.26888169857557,0,5,3,1,0,24,32,237,1,0,0,149,137,16,12.7285651092342,0,12,7,2,0,0,34,3,7,3,5,0,2,9,6,0,0,2,0,0,0,0,0,0,0,0,0,0,0,0,0,0,4,32,5,0,0,0,0,0,1,0,5,156,2,3,1,0,33,0.666666666666667,0,1,1,0,0,0,0,0,0,0,1,0,28;33,51,,61,51,0,1,1,0,0,1,0,0,0,0,0,2,0,54,103,0,0,0,0,0,2,14,0,89
2018,7,WAS,REG,2018_07_DAL_WAS,DAL,14,25,178,1,0,1,-3,0,0,280,81,8,6.7342578853765,-3.79590808103482,0,10,4,3,0,32,130,0,1,0,7,-10.135649791117,0,4,4,2,0,14,24,178,1,0,0,280,81,8,8.25969206623784,0,10,4,3,0,0,37,5,17,3,15,3,4,23,9,0,0,4,0,0,0,0,0,0,0,0,0,1,-3,2,1,1,5,35,3,0,1,0,1,0,1,3,0,0,2,2,0,0,25,1,0,2,0,0,0,0,0,0,0,0,0,0,21;25,,,46,0,0,2,2,0,0,1,0,0,0,0,0,6,0,41,227,5,0,1,0,2,3,11,0,216
2018,8,ARI,REG,2018_08_SF_ARI,SF,23,40,252,2,1,3,-19,0,0,288,119,15,0.0305453161564655,-2.52371694360461,1,14,3,2,0,21,88,0,0,0,3,-2.22375000774628,0,1,1,0,0,23,35,252,2,1,1,288,119,15,3.28201285401895,1,14,3,2,0,0,47,2,12,7,33,0,4,30,8,0,0,5,0,0,0,0,0,0,0,0,0,0,0,0,0,0,9,62,4,1,0,0,1,1,0,0,0,0,1,1,0,0,31,1,0,0,1,0,0,0,0,0,0,0,0,0,31,,,31,0,0,1,1,0,0,1,0,0,0,0,0,5,0,55,229,1,0,0,0,1,4,32,0,197
2018,8,BAL,REG,2018_08_BAL_CAR,CAR,26,44,238,2,2,2,-14,0,0,419,99,11,-3.67289303801954,-3.19966572252187,0,10,3,1,0,18,101,1,1,1,8,5.85797827213537,0,4,4,0,0,26,44,238,2,0,0,419,99,11,-0.2603839491494,0,10,3,1,0,0,34,1,39,5,12,0,0,0,4,0,0,1,0,0,0,0,0,0,0,0,0,0,0,0,0,0,9,68,3,1,0,0,1,1,1,23,1,39,0,0,0,0,,,0,0,0,0,0,0,0,0,0,0,0,0,,,,0,0,0,3,3,0,0,1,0,0,0,0,0,3,0,57,153,1,0,1,0,0,2,21,0,132
2018,8,BUF,REG,2018_08_NE_BUF,NE,24,41,313,0,1,3,-26,1,1,415,141,13,-16.3867701053012,-2.13672988116741,0,14,8,5,1,19,46,0,0,0,3,-4.95814878897316,0,2,2,0,0,24,40,313,0,0,0,415,141,13,-7.21107002521498,0,14,8,5,1,0,44,6,14,4,16,1,2,13,4,0,0,4,0,0,0,0,0,0,1,0,0,2,0,0,0,0,6,51,6,1,2,0,3,1,2,33,3,63,2,2,0,0,51,1,0,0,0,1,1,0,0,0,0,0,0,0,47;51,,,98,0,0,0,0,0,0,,0,0,0,0,0,5,0,53,198,2,0,2,2,1,0,0,0,158
2018,8,CAR,REG,2018_08_BAL_CAR,BAL,22,30,232,2,0,0,0,0,0,199,75,14,11.3620228437965,14.7758311695523,0,12,5,1,0,33,154,2,0,0,7,2.45101431556101,0,7,4,1,0,22,27,232,2,0,0,199,75,14,13.0134917264829,0,12,5,1,0,0,29,4,24,2,14,1,2,14,7,2,-5,5,0,0,0,0,0,0,0,0,0,1,0,1,0,0,4,30,4,0,1,0,1,0,2,21,1,14,3,3,0,0,54,1,0,0,1,1,1,0,0,0,0,0,0,0,54;44;30,,,128,0,0,3,3,0,0,1,0,0,0,0,0,3,0,51,137,2,1,1,0,0,1,23,0,114
2018,8,CHI,REG,2018_08_NYJ_CHI,NYJ,16,29,220,2,0,2,-4,0,0,266,126,11,7.46207558073563,-9.26065033879773,0,9,4,2,1,34,179,1,0,0,10,3.44785246423613,0,6,4,2,0,16,29,220,2,0,0,266,126,11,9.91070095746545,0,9,4,2,1,0,32,0,12,3,10,0,1,3,2,0,0,6,0,1,0,0,0,0,0,0,0,1,0,0,0,0,2,25,3,0,1,0,1,0,4,36,1,19,1,2,1,0,32,0.5,0,0,1,0,0,0,0,0,0,1,0,0,32,40,,32,40,0,3,3,0,0,1,0,0,0,0,0,5,0,55,225,2,0,0,2,2,1,8,0,177
2018,8,CIN,REG,2018_08_TB_CIN,TB,21,34,280,2,0,2,-16,0,0,309,102,13,9.8215586192382,-0.466183014214039,0,12,7,5,0,27,138,2,0,0,8,-4.1500290528746,0,4,4,1,1,21,32,280,2,0,0,309,102,13,14.3293516390549,0,12,7,5,0,0,48,0,22,6,26,0,6,20,9,4,75,11,1,0,0,0,0,0,0,0,0,0,0,0,0,0,4,46,4,0,0,0,0,0,2,29,2,31,1,1,0,0,44,1,0,0,0,1,0,0,0,0,0,0,0,0,44,,,44,0,0,4,5,1,0,0.8,1,1,0,0,44,6,0,54,263,3,1,2,0,2,1,8,0,255
2018,8,CLE,REG,2018_08_CLE_PIT,PIT,22,36,180,2,1,2,-17,0,0,283,111,9,-5.77472665259694,1.38578807765787,0,6,4,4,0,21,74,0,0,0,5,-2.66765620092959,0,3,1,1,0,22,33,180,2,0,0,283,111,9,0.2810603542618,0,6,4,4,0,0,40,8,16,4,10,2,1,4,1,1,-2,4,0,0,0,0,0,0,0,0,0,0,0,1,9,0,7,52,2,0,0,0,0,0,2,26,3,62,2,3,1,0,45,0.666666666666667,0,0,1,1,0,0,0,0,0,1,0,0,34;45,41,,79,41,0,0,1,1,0,0,0,0,0,0,0,5,0,54,235,0,0,0,0,2,3,46,0,189
2018,8,DEN,REG,2018_08_DEN_KC,KC,23,34,262,2,1,5,-40,2,1,289,109,11,0.584033028111316,8.61412033890233,0,10,5,4,2,30,189,1,0,0,10,2.93905658010501,0,7,5,1,0,23,33,262,2,0,0,289,109,11,11.1476728037866,0,11,5,4,2,0,37,1,17,4,15,0,2,12,6,1,0,4,0,0,0,0,0,0,0,0,0,1,0,0,0,0,10,83,5,2,1,1,3,1,2,13,3,69,1,2,1,0,36,0.5,0,0,1,0,0,0,0,0,0,0,1,0,36,55,,36,55,0,2,2,0,0,1,0,0,0,0,0,4,0,59,175,1,1,0,0,0,3,15,0,160
2018,8,DET,REG,2018_08_SEA_DET,SEA,27,40,310,2,1,3,-13,1,1,289,164,17,1.87039761539199,-4.69577144353818,0,12,5,3,0,13,34,0,0,0,1,-3.08960817582556,0,0,0,0,0,27,39,310,2,0,0,289,164,17,11.841547550197,0,12,5,3,0,0,49,5,13,4,13,0,2,11,4,0,0,0,0,0,0,0,0,0,0,0,0,0,0,0,0,0,4,32,4,1,1,0,2,2,2,8,3,77,0,0,0,0,,,0,0,0,0,0,0,0,0,0,0,0,0,,,,0,0,0,2,2,0,0,1,0,0,0,0,0,4,0,54,181,1,1,1,1,0,1,10,0,151
2018,8,GB,REG,2018_08_GB_LA,LA,18,30,286,1,0,3,-33,0,0,257,116,11,6.35248997876832,-5.35644481579463,0,10,7,6,3,19,106,2,0,0,5,1.25071435797967,0,3,2,1,0,18,30,286,1,0,0,257,116,11,13.949371489638,0,10,7,6,3,0,53,5,13,8,35,0,5,26,8,0,0,7,0,0,0,0,0,0,0,0,0,0,0,0,0,0,2,10,6,1,0,0,1,1,1,13,3,68,2,2,0,0,53,1,0,0,0,1,1,0,0,0,0,0,0,0,41;53,,,94,0,0,3,3,0,0,1,0,0,0,0,0,5,0,55,214,0,0,2,1,0,2,2,0,192
2018,8,HOU,REG,2018_08_MIA_HOU,MIA,16,20,239,5,0,0,0,0,0,185,101,8,15.4930735859089,14.1231870651245,0,6,4,3,2,35,188,1,0,0,8,1.75826001027599,0,5,5,1,1,16,20,239,5,0,0,185,101,8,15.4930735859089,0,6,4,3,2,0,37,4,26,5,19,0,2,15,5,1,21,7,0,0,0,0,0,0,0,0,0,0,0,0,0,0,8,57,3,0,0,0,0,0,1,13,0,0,0,0,0,0,,,0,0,0,0,0,0,0,0,0,0,0,0,,,,0,0,0,6,6,0,0,1,0,0,0,0,0,5,0,53,211,1,0,0,1,2,2,29,0,162
2018,8,IND,REG,2018_08_IND_OAK,LV,22,31,239,3,0,0,0,0,0,230,70,13,17.6708377917537,6.32682529187972,1,11,5,3,0,40,222,2,0,0,11,11.1211871951818,0,4,3,1,1,22,31,239,3,0,0,230,70,13,17.6708377917537,1,11,5,3,0,0,24,5,21,0,0,1,0,0,1,0,0,2,0,0,0,0,0,0,0,0,0,0,0,1,0,0,10,77,3,0,0,0,0,0,1,10,1,17,2,2,0,0,26,1,0,2,0,0,0,0,0,0,0,0,0,0,26;25,,,51,0,0,4,4,0,0,1,0,0,0,0,0,1,0,46,46,0,0,0,0,0,1,-1,0,47
2018,8,JAX,REG,2018_08_PHI_JAX,PHI,24,41,286,1,0,4,-21,0,0,257,143,10,-1.76796079542124,-10.4706376064114,0,11,6,4,0,17,70,0,1,0,5,2.68706168444226,0,1,0,0,0,24,41,286,1,1,1,257,143,10,-1.68278980108313,0,11,6,4,0,0,42,5,13,4,25,1,4,24,9,1,0,4,0,0,0,0,0,0,0,0,0,1,-2,1,5,0,5,45,3,1,1,0,2,1,2,31,1,29,4,4,0,0,57,1,0,1,1,0,2,0,0,0,0,0,0,0,50;57;33;24,,,164,0,0,0,0,0,0,,0,0,0,0,0,2,0,53,96,1,0,1,0,0,1,0,0,96
2018,8,KC,REG,2018_08_DEN_KC,DEN,24,34,303,4,1,2,-12,0,0,245,159,15,12.3126245512976,11.2179014951952,0,14,7,5,1,18,49,0,0,0,2,-4.19435180380242,0,1,0,0,0,24,31,303,4,0,0,245,159,15,17.1290702463011,0,14,7,5,1,0,52,0,16,6,42,2,5,40,8,1,0,2,0,0,0,0,0,0,0,0,0,0,0,1,0,0,7,50,3,0,0,0,0,0,3,15,4,87,1,1,0,0,24,1,0,1,0,0,0,0,0,0,0,0,0,0,24,,,24,0,0,3,4,1,0,0.75,0,0,0,0,0,5,0,55,196,3,0,2,1,0,2,13,0,163
2018,8,LA,REG,2018_08_GB_LA,GB,20,36,307,3,0,5,-26,0,0,406,122,18,11.3375642291909,-0.589983072131872,1,14,10,6,0,34,135,0,0,0,4,-8.04381467109043,0,3,2,1,0,20,32,307,3,0,0,406,122,18,22.1321664116519,1,14,10,6,0,0,32,5,13,6,37,1,3,33,8,0,0,2,0,0,1,0,0,0,0,0,0,0,0,1,0,0,2,15,5,0,0,0,0,0,2,2,4,64,2,2,0,0,43,1,0,0,1,1,0,0,0,0,0,0,0,0,43;34,,,77,0,0,1,1,0,0,1,0,0,0,0,0,7,0,52,316,3,3,1,0,2,1,13,0,303
2018,8,LV,REG,2018_08_IND_OAK,IND,21,28,244,3,0,0,0,0,0,198,113,12,12.6514353971579,5.98310849496296,0,10,4,3,0,19,103,1,1,1,7,-2.72213998896768,0,5,4,1,0,21,28,244,3,0,0,198,113,12,12.6514353971579,0,10,4,3,0,0,40,16,20,1,1,0,0,0,1,0,0,4,0,0,0,0,0,0,0,0,0,0,0,0,0,0,10,79,2,1,0,0,1,1,1,-1,1,28,0,0,0,0,,,0,0,0,0,0,0,0,0,0,0,0,0,,,,0,0,0,4,4,0,0,1,0,0,0,0,0,2,0,55,80,0,0,1,0,0,1,10,0,70
2018,8,MIA,REG,2018_08_MIA_HOU,HOU,22,38,269,1,1,2,-15,0,0,404,99,11,-6.11313560263614,-1.20167939951926,0,11,6,3,1,25,116,1,0,0,6,0.222448332642671,0,2,1,0,0,22,33,269,1,0,0,404,99,11,2.48294606071423,0,11,6,3,1,0,31,5,27,2,3,0,0,0,1,0,0,1,0,0,0,0,0,0,0,0,0,0,0,0,0,0,5,63,6,0,0,0,0,0,2,29,3,80,3,3,0,0,46,1,0,0,1,2,0,0,0,0,0,0,0,0,37;41;46,,,124,0,0,2,2,0,0,1,0,0,0,0,0,4,0,60,188,3,0,0,0,3,1,13,0,175
2018,8,MIN,REG,2018_08_NO_MIN,NO,31,41,359,2,1,4,-21,0,0,281,129,19,2.90841937303776,7.33237043023109,0,15,7,5,0,22,85,1,0,0,4,-3.31144425197272,0,3,2,0,0,31,40,359,2,1,1,281,129,19,0.671700872888323,0,15,7,5,0,0,35,5,25,2,9,0,0,0,2,1,0,2,0,0,0,0,0,0,0,0,0,1,0,0,0,0,6,54,4,1,1,0,2,1,1,4,2,37,0,0,0,0,,,0,0,0,0,0,0,0,0,0,0,0,0,,,,0,0,0,2,3,1,0,0.666666666666667,0,0,0,0,0,2,0,41,81,1,0,0,0,1,1,15,0,66
2018,8,NE,REG,2018_08_NE_BUF,BUF,29,45,324,0,0,2,-13,1,0,343,132,15,7.55998591916499,2.4930295420856,0,14,7,5,0,25,76,1,0,0,6,-2.39140507942648,0,1,1,1,0,29,41,324,0,0,0,343,132,15,12.8988621027702,0,14,7,5,0,0,43,5,7,6,36,1,3,26,6,1,84,7,1,0,0,0,0,0,0,0,0,1,0,1,0,0,5,33,4,1,0,0,1,0,0,0,1,21,4,5,1,0,40,0.8,0,2,1,1,0,0,0,0,0,0,1,0,25;40;38;25,50,,128,50,0,1,1,0,0,1,0,0,0,0,0,4,0,55,148,0,1,1,0,0,2,33,0,115
2018,8,NO,REG,2018_08_NO_MIN,MIN,19,24,164,1,1,0,0,0,0,92,83,9,4.27442825918218,6.92862583243329,0,4,4,2,1,29,106,1,0,0,6,-3.97898765026049,0,2,1,0,0,19,23,164,1,0,0,92,83,9,6.0769803192516,0,4,4,2,1,0,48,1,19,5,22,1,4,21,9,1,45,6,1,0,0,0,0,0,0,0,0,0,0,1,54,0,7,64,2,0,0,0,0,0,1,15,2,50,3,3,0,0,52,1,0,0,0,2,1,0,0,0,0,0,0,0,52;42;42,,,136,0,0,3,3,0,0,1,0,0,0,0,0,2,0,56,86,1,0,0,0,1,1,4,0,82
2018,8,NYG,REG,2018_08_WAS_NYG,WAS,30,47,316,1,2,7,-50,0,0,338,156,15,-8.63563467293432,-2.72031180236651,0,14,7,5,1,14,37,0,0,0,1,-3.73677797848359,0,0,0,0,0,30,46,316,1,0,0,338,156,15,3.23039594031717,0,14,7,5,1,0,40,10,16,2,5,1,0,0,5,0,0,3,0,0,0,0,0,0,0,0,0,0,0,1,43,0,11,102,4,0,0,0,0,0,4,18,1,30,2,2,0,0,37,1,0,1,1,0,0,0,0,0,0,0,0,0,37;21,,,58,0,0,1,1,0,0,1,0,0,0,0,0,5,0,53,220,3,3,1,0,1,0,0,0,220
2018,8,NYJ,REG,2018_08_NYJ_CHI,CHI,14,29,153,1,0,1,-3,0,0,236,52,8,1.32578233655659,-11.2930297851563,0,8,3,1,0,24,57,0,1,0,3,-5.46423337971316,0,1,1,0,0,14,25,153,1,0,0,236,52,8,4.9354161315423,0,8,3,1,0,0,47,1,9,3,5,0,2,4,6,0,0,1,0,0,0,0,0,0,0,0,0,1,-1,0,0,0,8,45,4,0,1,0,1,0,1,8,0,0,1,1,0,0,42,1,0,0,0,1,0,0,0,0,0,0,0,0,42,,,42,0,0,1,1,0,0,1,0,0,0,0,0,8,0,55,337,1,2,2,0,0,4,36,0,301
2018,8,PHI,REG,2018_08_PHI_JAX,JAX,21,30,286,3,1,4,-24,1,1,242,166,15,7.73837544688566,8.67852628231049,0,11,5,5,0,28,133,0,0,0,7,0.811697638360784,0,5,4,1,0,21,30,286,3,0,0,242,166,15,17.1266031966762,0,11,5,5,0,0,40,4,10,3,15,1,4,21,9,0,0,6,0,0,0,0,0,0,0,0,0,0,0,1,11,0,4,36,2,1,0,0,1,1,1,0,2,28,1,1,0,0,31,1,0,0,1,0,0,0,0,0,0,0,0,0,31,,,31,0,0,3,3,0,0,1,0,0,0,0,0,3,0,60,155,0,0,0,0,1,2,31,0,124
2018,8,PIT,REG,2018_08_CLE_PIT,CLE,24,36,257,2,1,1,-4,0,0,291,120,14,7.95169715620481,6.49777723081184,0,13,4,2,1,31,168,2,1,0,10,5.34391440288164,0,6,5,2,0,24,33,257,2,1,1,291,120,14,6.468419323232,0,13,4,2,1,0,35,5,21,7,24,0,2,17,7,1,0,4,0,0,1,0,0,0,0,0,0,2,0,0,0,0,8,60,4,2,1,0,3,1,3,46,2,23,1,1,0,0,42,1,0,0,0,1,0,0,0,0,0,0,0,0,42,,,42,0,0,4,4,0,0,1,0,0,0,0,0,4,0,48,176,2,0,1,0,1,2,26,0,150
2018,8,SEA,REG,2018_08_SEA_DET,DET,14,17,248,3,0,2,-11,0,0,187,64,11,15.8240884846309,24.1122270331663,0,11,7,5,2,42,176,1,0,0,8,-1.30175180919468,0,4,1,0,0,14,17,248,3,0,0,187,64,11,19.4686753425049,0,11,7,5,2,0,37,2,10,3,14,1,2,13,4,1,0,7,0,0,0,0,0,0,0,0,0,0,0,2,0,0,7,111,4,0,0,0,0,0,1,10,1,17,0,0,0,0,,,0,0,0,0,0,0,0,0,0,0,0,0,,,,0,0,0,4,4,0,0,1,0,0,0,0,0,4,0,60,198,2,0,1,0,1,2,8,0,190
2018,8,SF,REG,2018_08_SF_ARI,ARI,14,28,190,1,0,4,-30,0,0,240,102,9,-4.41158733228624,-16.8618581913136,0,8,3,2,1,31,107,0,0,0,5,-5.0370260210589,0,3,2,1,0,14,27,190,1,0,0,240,102,9,4.18392276295524,0,8,3,2,1,0,41,1,7,6,22,1,3,19,7,1,23,3,0,1,1,0,0,0,0,0,0,2,0,1,0,0,5,59,5,0,2,0,2,0,4,32,2,52,2,2,0,0,27,1,0,2,0,0,0,0,0,0,0,0,0,0,27;20,,,47,0,0,1,1,0,0,1,0,0,0,0,0,7,0,48,285,4,2,0,0,5,0,0,0,285
2018,8,TB,REG,2018_08_TB_CIN,CIN,29,50,470,3,4,6,-20,0,0,641,144,20,2.06373680679941,-1.77102726697922,1,19,12,7,2,27,126,1,0,0,7,6.43769639033909,0,2,2,0,0,29,50,470,3,0,0,641,144,20,6.32319423183914,1,19,12,7,2,0,40,0,22,7,27,0,2,16,2,0,0,3,0,0,0,0,0,0,0,0,0,1,0,0,0,0,11,75,6,0,1,0,1,0,1,8,0,0,2,2,0,0,38,1,0,1,1,0,0,0,0,0,0,0,0,0,25;38,,,63,0,0,2,3,1,0,0.666666666666667,0,0,0,0,0,3,0,61,149,0,0,0,0,1,2,29,0,120
2018,8,WAS,REG,2018_08_WAS_NYG,NYG,20,32,178,1,0,0,0,0,0,235,93,10,4.69212539519487,-2.05752907260772,0,6,3,2,0,33,182,1,1,1,6,-3.86292580276495,0,5,1,1,1,20,31,178,1,0,0,235,93,10,5.47793725950016,0,6,3,2,0,0,35,14,28,6,42,0,7,50,10,2,22,8,0,0,0,0,0,0,0,0,0,0,0,0,0,0,8,90,4,1,0,0,1,1,0,0,1,20,2,3,1,0,53,0.666666666666667,0,0,1,0,1,0,0,0,0,1,0,0,53;39,41,,92,41,0,2,2,0,0,1,0,0,0,0,0,5,0,58,246,3,0,1,0,0,4,18,0,228
2018,9,ATL,REG,2018_09_ATL_WAS,WAS,26,38,350,4,1,2,-13,0,0,235,238,17,18.9237705697054,-1.64624919762483,0,15,8,7,1,24,154,1,0,0,6,5.63242402672768,0,5,3,0,0,26,37,350,4,0,0,235,238,17,21.4234099361095,0,15,8,7,1,0,40,5,17,5,22,0,3,19,5,1,0,8,0,0,0,0,0,0,0,0,0,0,0,0,0,0,7,50,2,0,0,0,0,0,1,4,0,0,1,1,0,0,27,1,0,1,0,0,0,0,0,0,0,0,0,0,27,,,27,0,0,5,5,0,0,1,0,0,0,0,0,2,0,55,103,1,0,0,0,1,1,0,0,103
2018,9,BAL,REG,2018_09_PIT_BAL,PIT,24,38,218,0,0,2,-14,0,0,289,77,10,-1.13864475434658,-2.05617893386532,0,7,5,5,0,16,61,1,1,0,5,-2.09481637377805,0,1,0,0,0,24,37,218,0,0,0,289,77,10,1.23143909148511,0,7,5,5,0,0,44,3,23,3,12,0,1,10,6,0,0,7,0,0,0,0,0,0,0,0,0,1,-3,0,0,0,5,25,4,0,1,0,1,0,2,27,1,31,3,3,0,0,37,1,0,2,1,0,0,0,0,0,0,0,0,0,23;23;37,,,83,0,0,1,1,0,0,1,0,0,0,0,0,4,0,52,189,1,0,0,1,0,3,17,0,152
2018,9,BUF,REG,2018_09_CHI_BUF,CHI,31,49,188,0,3,4,-22,0,0,244,124,9,-16.1852675376741,-5.4804413559589,0,6,2,2,0,28,98,1,0,0,6,-5.13691935336101,0,3,3,1,0,31,47,188,0,1,1,244,124,9,-20.834505998546,0,6,2,2,0,0,30,7,9,5,21,2,1,9,4,1,37,3,0,0,0,0,0,0,0,0,0,0,0,0,0,0,10,163,3,1,0,0,1,1,2,13,0,0,1,1,0,0,41,1,0,0,0,1,0,0,0,0,0,0,0,0,41,,,41,0,0,0,0,0,0,,0,0,0,0,0,5,0,47,188,1,1,0,0,1,3,48,0,140
2018,9,CAR,REG,2018_09_TB_CAR,TB,19,25,247,2,0,2,-19,0,0,183,127,11,8.59756965687848,14.2718075464169,0,11,9,5,0,32,179,4,1,0,8,6.71316479775123,0,4,4,3,0,19,24,247,2,0,0,183,127,11,16.1512392129225,0,11,9,5,0,0,34,4,22,5,33,1,3,24,11,2,39,9,0,0,0,0,0,0,0,0,0,0,0,0,0,0,9,84,5,1,0,1,1,0,1,12,0,0,0,0,0,0,,,0,0,0,0,0,0,0,0,0,0,0,0,,,,0,0,0,6,6,0,0,1,0,0,0,0,0,4,0,59,200,1,0,1,0,1,2,15,0,185
2018,9,CHI,REG,2018_09_CHI_BUF,BUF,12,20,135,1,1,1,-9,1,0,211,33,5,-2.31238300352869,0.145547240972519,0,5,3,2,0,25,64,2,0,0,4,-3.76975465886062,0,2,1,0,0,12,20,135,1,0,0,211,33,5,0.955022057406141,0,5,3,2,0,0,46,15,21,9,39,1,4,22,9,3,23,9,1,1,0,0,0,0,0,0,0,1,0,1,65,1,14,129,4,2,0,1,2,0,3,48,0,0,2,2,0,0,45,1,0,1,0,1,0,0,0,0,0,0,0,0,23;45,,,68,0,0,5,5,0,0,1,0,0,0,0,0,5,0,61,200,4,0,2,0,1,2,13,0,187
2018,9,CLE,REG,2018_09_KC_CLE,KC,30,43,308,2,1,2,-22,0,0,371,186,17,2.31759237355169,2.55167054575543,0,12,8,2,0,25,102,1,0,0,6,1.47794010036159,0,3,2,0,0,30,43,308,2,0,0,371,186,17,7.71070211069332,0,12,8,2,0,0,39,2,12,4,18,0,2,15,7,1,0,2,0,0,0,0,0,0,0,0,0,0,0,0,0,0,4,20,4,0,0,0,0,0,1,1,1,16,1,1,0,0,51,1,0,0,0,0,1,0,0,0,0,0,0,0,51,,,51,0,0,0,0,0,0,,0,0,0,0,0,1,1,39,39,1,0,1,0,0,0,0,0,39
2018,9,DAL,REG,2018_09_TEN_DAL,TEN,21,32,243,2,1,5,-18,1,1,225,136,12,-5.94022986697046,-0.0875933516410089,0,10,5,4,0,19,72,0,0,0,5,-0.644858081126586,0,2,1,0,0,21,31,243,2,0,0,225,136,12,3.14464109621231,0,10,5,4,0,0,46,0,24,3,19,1,4,25,6,0,0,2,0,0,0,0,0,0,0,0,0,0,0,2,0,0,6,52,5,1,0,0,1,1,1,7,1,23,0,1,1,0,,0,0,0,0,0,0,0,0,0,1,0,0,0,,38,,0,38,0,2,2,0,0,1,0,0,0,0,0,3,0,47,134,0,0,0,0,1,2,11,0,123
2018,9,DEN,REG,2018_09_HOU_DEN,HOU,26,42,290,1,0,2,-17,0,0,249,197,13,6.57698734996063,-1.06091554227628,0,13,5,3,1,20,75,1,0,0,5,-3.60394806326161,0,3,2,1,0,26,38,290,1,1,1,249,197,13,8.40500796179674,0,13,5,3,1,0,48,1,9,9,28,0,4,21,4,0,0,2,0,0,0,0,0,0,0,0,0,0,0,0,0,0,8,50,6,1,0,0,1,1,6,17,0,0,1,3,2,0,44,0.333333333333333,0,0,0,1,0,0,0,0,0,0,1,1,44,62;51,,44,113,0,2,2,0,0,1,0,1,1,0,51,5,0,59,236,1,3,0,0,0,2,16,0,220
2018,9,DET,REG,2018_09_DET_MIN,MIN,25,36,199,0,0,10,-56,0,0,170,116,13,-8.94734336718552,2.70491023274029,0,12,2,0,0,24,66,0,1,1,4,-6.70579906762578,0,0,0,0,0,25,34,199,0,0,0,170,116,13,6.21285398630116,0,12,2,0,0,0,31,6,14,3,11,0,1,9,1,1,21,2,0,0,0,0,0,0,0,0,0,0,0,1,0,0,8,66,5,0,1,0,1,1,0,0,3,58,3,3,0,0,37,1,0,0,3,0,0,0,0,0,0,0,0,0,35;35;37,,,107,0,0,0,0,0,0,,0,0,0,0,0,5,0,52,222,1,0,0,0,4,1,24,0,198
2018,9,GB,REG,2018_09_GB_NE,NE,24,43,259,2,0,1,-9,0,0,397,102,14,5.33962299103443,-0.379919318052439,0,8,5,3,1,25,117,0,2,1,6,-3.28037280321587,0,3,1,0,0,24,39,259,2,0,0,397,102,14,10.5542919662752,0,8,5,3,1,0,39,0,26,2,21,0,2,21,3,0,0,3,0,0,0,0,0,0,0,0,0,0,0,0,0,0,7,63,4,2,0,1,2,1,0,0,2,43,1,1,0,0,29,1,0,1,0,0,0,0,0,0,0,0,0,0,29,,,29,0,0,2,2,0,0,1,0,0,0,0,0,5,0,53,210,1,0,0,0,4,1,0,0,210
2018,9,HOU,REG,2018_09_HOU_DEN,DEN,17,24,213,2,0,4,-21,0,0,159,114,11,7.23097731362269,3.93581014612447,0,10,5,1,0,33,98,0,0,0,4,-5.74560273677344,0,0,0,0,0,17,23,213,2,0,0,159,114,11,14.9680418845521,0,10,5,1,0,0,49,0,6,5,23,1,2,17,7,0,0,6,0,0,0,0,0,0,0,0,0,0,0,1,1,0,7,60,6,0,0,0,0,0,2,16,0,0,2,2,0,0,46,1,0,0,1,1,0,0,0,0,0,0,0,0,46;37,,,83,0,0,1,2,1,0,0.5,0,0,0,0,0,6,0,61,307,4,0,0,0,0,6,17,0,290
2018,9,KC,REG,2018_09_KC_CLE,CLE,23,32,375,3,1,2,-15,0,0,216,214,15,23.5875228663215,8.82123237656009,0,15,10,7,2,24,139,2,0,0,10,5.04756037704647,0,8,4,1,0,23,31,375,3,0,0,216,214,15,28.138513246028,0,15,10,7,2,0,50,1,11,5,27,0,2,22,3,1,18,2,0,0,0,1,0,0,0,0,0,0,0,0,0,0,11,86,3,0,0,0,0,0,0,0,2,53,1,1,0,0,39,1,0,0,1,0,0,0,0,0,0,0,0,0,39,,,39,0,0,4,5,1,0,0.8,0,0,0,0,0,2,0,42,63,2,0,0,0,1,1,1,0,62
2018,9,LA,REG,2018_09_LA_NO,NO,28,40,391,3,1,0,0,0,0,351,171,17,15.8221498779969,0.99695585668087,1,17,9,6,2,19,92,1,0,0,5,-4.1345456551261,0,2,2,1,0,28,40,391,3,0,0,351,171,17,15.8221498779969,1,17,9,6,2,0,48,0,12,2,8,1,0,0,4,0,0,5,0,0,0,0,0,0,0,0,0,0,0,1,0,0,4,32,6,0,0,0,0,0,0,0,3,88,2,3,1,0,56,0.666666666666667,0,0,1,0,1,0,0,0,0,0,1,0,56;34,51,,90,51,0,3,3,0,0,1,0,0,0,0,0,1,0,47,47,0,1,0,0,0,0,0,0,47
2018,9,LAC,REG,2018_09_LAC_SEA,SEA,13,26,228,2,0,2,-13,0,0,288,93,11,6.55409171221343,-13.1799815939023,0,11,5,4,1,22,160,1,0,0,6,3.49047276569763,0,6,6,4,0,13,26,228,2,0,0,288,93,11,9.02152852928064,0,11,5,4,1,0,39,8,46,6,38,0,4,33,8,1,42,4,1,0,0,0,0,0,0,0,0,0,0,0,0,0,12,105,2,0,0,0,0,0,4,17,2,20,0,1,1,0,,0,0,0,0,0,0,0,0,0,0,1,0,0,,42,,0,42,0,1,3,2,0,0.333333333333333,0,0,0,0,0,6,0,53,258,2,3,0,0,0,3,4,0,254
2018,9,LV,REG,2018_09_OAK_SF,SF,17,24,179,0,0,8,-39,2,0,113,117,9,-5.42367289096057,10.3825749385925,0,8,3,3,0,23,102,0,0,0,5,-2.00542212935397,0,3,2,0,0,17,21,179,0,0,0,113,117,9,7.61629517012157,0,8,3,3,0,0,36,6,8,7,20,0,0,0,2,0,0,2,0,0,0,0,0,0,0,0,0,3,0,0,0,0,6,40,4,2,2,1,4,0,0,0,2,51,1,2,1,0,37,0.5,0,0,1,0,0,0,0,0,0,1,0,0,37,45,,37,45,0,0,0,0,0,,0,0,0,0,0,6,0,48,225,2,0,2,0,2,2,6,0,219
2018,9,MIA,REG,2018_09_NYJ_MIA,NYJ,15,24,139,0,0,4,-35,0,0,168,79,6,-7.6639862295565,1.20726403864947,0,3,3,1,0,27,64,0,0,0,1,-8.64066430292496,0,0,0,0,0,15,22,139,0,0,0,168,79,6,2.93380819937692,0,3,3,1,0,0,38,2,18,7,35,0,4,27,7,4,49,8,1,0,0,0,0,0,0,0,0,0,0,0,0,0,5,55,2,0,0,0,0,0,3,37,1,24,2,2,0,0,43,1,0,1,0,1,0,0,0,0,0,0,0,0,43;27,,,70,0,0,1,1,0,0,1,0,0,0,0,0,9,0,58,402,7,0,1,0,6,2,17,0,385
2018,9,MIN,REG,2018_09_DET_MIN,DET,18,22,164,1,1,1,-9,0,0,131,99,10,1.92685586722064,6.91184157674963,0,8,3,2,0,23,128,1,1,1,3,-6.92409082129598,0,1,1,1,1,18,22,164,1,0,0,131,99,10,2.65855327725876,0,8,3,2,0,0,49,3,21,10,54,0,10,56,17,0,0,0,0,0,0,0,0,0,0,0,0,0,-8,1,32,1,3,15,3,0,1,0,1,1,1,24,1,15,1,1,0,0,39,1,0,0,1,0,0,0,0,0,0,0,0,0,39,,,39,0,0,3,3,0,0,1,0,0,0,0,0,4,0,45,163,3,0,2,0,2,0,0,0,163
2018,9,NE,REG,2018_09_GB_NE,GB,23,36,331,1,0,2,-21,0,0,264,198,13,3.60744023515035,-2.2901976960046,0,12,8,5,1,31,123,3,0,0,11,4.65825299997232,0,5,2,0,0,23,35,331,1,0,0,264,198,13,8.29536380671088,0,12,8,5,1,0,31,0,36,0,0,2,1,9,6,0,0,4,0,0,0,0,0,0,0,0,0,0,0,1,0,0,5,30,2,0,0,0,0,0,1,0,2,64,1,1,0,0,28,1,0,1,0,0,0,0,0,0,0,0,0,0,28,,,28,0,0,4,4,0,0,1,0,0,0,0,0,3,0,53,149,2,2,1,0,0,0,0,0,149
2018,9,NO,REG,2018_09_LA_NO,LA,25,36,346,4,0,0,0,0,0,340,152,19,22.8027513727602,3.03085289067692,0,14,8,2,1,34,141,2,1,1,10,-4.55583820227184,0,6,4,0,0,25,36,346,4,0,0,340,152,19,22.8027513727602,0,14,8,2,1,0,38,0,18,2,9,0,0,0,5,1,2,5,0,0,0,0,0,0,0,0,0,0,0,0,0,0,2,20,2,1,0,0,1,1,0,0,2,49,1,1,0,0,54,1,0,0,0,0,1,0,0,0,0,0,0,0,54,,,54,0,0,6,6,0,0,1,0,0,0,0,0,2,0,39,67,2,1,0,0,1,0,0,0,67
2018,9,NYJ,REG,2018_09_NYJ_MIA,MIA,21,39,229,0,4,4,-27,0,0,329,129,8,-17.5048371711579,-11.8002619790403,0,8,5,4,0,21,80,0,0,0,5,-4.5639690074604,0,2,2,0,0,21,38,229,0,0,0,329,129,8,-11.0268564756094,0,8,5,4,0,0,33,6,26,7,42,0,4,35,7,0,0,4,0,0,0,0,0,0,0,0,0,0,0,0,0,0,5,45,5,0,0,0,0,0,2,17,0,0,2,3,1,0,56,0.666666666666667,0,0,0,1,1,0,0,0,0,0,1,0,48;56,50,,104,50,0,0,0,0,0,,0,0,0,0,0,6,0,60,277,1,0,0,0,3,3,37,0,240
2018,9,PIT,REG,2018_09_PIT_BAL,BAL,29,48,292,2,0,1,-10,0,0,321,148,18,19.1471948076636,-4.17247200789659,0,9,4,2,1,27,113,1,0,0,8,-2.25265150162159,0,2,2,1,0,29,46,292,2,0,0,321,148,18,20.9191834766082,0,9,4,2,1,0,34,4,12,5,14,0,2,14,6,0,0,3,0,0,0,0,0,0,0,0,0,0,0,0,0,0,8,103,3,0,0,0,0,0,3,17,1,31,1,1,0,0,29,1,0,1,0,0,0,0,0,0,0,0,0,0,29,,,29,0,0,2,3,1,0,0.666666666666667,0,0,0,0,0,4,0,45,150,1,0,0,0,2,2,27,0,123
2018,9,SEA,REG,2018_09_LAC_SEA,LAC,26,39,235,2,1,4,-33,0,0,234,130,10,-10.6404868500794,4.03032012887903,0,8,1,1,1,32,154,0,0,0,11,5.28227860498009,0,5,4,0,0,26,37,235,2,0,0,234,130,10,-4.36568575380083,0,8,1,1,1,0,25,6,24,4,17,0,2,13,5,0,0,9,0,0,0,0,0,0,0,0,0,1,0,0,0,0,10,83,6,0,1,0,1,0,3,4,3,69,1,2,1,0,44,0.5,0,0,0,1,0,0,0,0,0,0,1,0,44,51,,44,51,0,2,2,0,0,1,0,0,0,0,0,6,0,61,317,4,2,0,0,0,4,17,0,300
2018,9,SF,REG,2018_09_OAK_SF,LV,16,22,262,3,0,0,0,0,0,146,181,10,18.613880079084,6.97713223370639,0,7,5,4,2,32,143,1,1,0,6,-2.68179819480268,0,7,5,1,1,16,22,262,3,0,0,146,181,10,18.613880079084,0,7,5,4,2,0,43,2,4,7,30,2,7,33,10,0,0,1,0,0,0,0,0,0,0,0,0,1,-2,0,0,0,3,23,3,0,1,0,1,0,2,6,0,0,2,2,0,0,39,1,0,1,1,0,0,0,0,0,0,0,0,0,39;25,,,64,0,0,4,4,0,0,1,0,0,0,0,0,3,0,64,164,1,0,1,1,1,0,0,0,144
2018,9,TB,REG,2018_09_TB_CAR,CAR,24,41,243,4,2,3,-24,1,0,363,108,17,3.64815482584527,0.0329823755636448,0,11,5,4,0,21,82,0,0,0,3,-5.42245027277386,0,3,2,0,0,24,41,243,4,0,0,363,108,17,7.63878364878474,0,11,5,4,0,0,34,2,22,2,11,1,2,19,5,0,0,1,0,0,0,0,0,0,0,0,0,1,0,0,0,0,8,49,6,1,0,0,1,0,2,15,1,25,0,0,0,0,,,0,0,0,0,0,0,0,0,0,0,0,0,,,,0,0,0,4,4,0,0,1,0,0,0,0,0,5,0,52,231,2,1,1,0,2,1,12,0,219
2018,9,TEN,REG,2018_09_TEN_DAL,DAL,21,29,240,2,0,4,-25,1,1,216,123,11,8.76520185411633,7.85529878404405,0,8,6,3,0,36,125,2,1,1,11,-1.07885963522131,0,4,4,0,0,21,27,240,2,0,0,216,123,11,19.4438779474628,0,8,6,3,0,0,39,0,14,6,22,1,5,18,6,1,0,2,0,0,0,0,0,0,0,0,0,0,0,1,0,0,3,20,4,1,1,0,2,2,2,11,1,23,0,1,1,0,,0,0,0,0,0,0,0,0,1,0,0,0,0,,28,,0,28,0,4,4,0,0,1,0,0,0,0,0,1,0,45,45,1,0,0,0,0,1,7,0,38
2018,9,WAS,REG,2018_09_ATL_WAS,ATL,30,46,306,1,1,3,-19,0,0,386,127,15,-1.88250181509648,-1.66149543391334,0,13,5,3,0,15,79,1,0,0,5,1.44236658362206,0,4,2,1,0,30,45,306,1,0,0,386,127,15,3.58280366647523,0,13,5,3,0,0,38,3,17,4,18,0,2,13,4,1,24,7,0,0,0,0,0,0,0,0,0,0,0,0,0,0,10,147,3,0,0,0,0,0,1,0,5,95,0,0,0,0,,,0,0,0,0,0,0,0,0,0,0,0,0,,,,0,0,0,2,2,0,0,1,0,0,0,0,0,5,0,62,245,4,0,1,0,3,1,4,0,241
2018,10,ARI,REG,2018_10_ARI_KC,KC,22,39,208,1,2,5,-42,1,0,289,96,13,-10.9791752505407,-5.63366219804094,0,9,3,3,0,25,94,1,0,0,7,1.14313516992843,0,2,0,0,0,22,37,208,1,0,0,289,96,13,-1.78819904601551,0,9,3,3,0,0,42,1,11,10,49,1,5,37,7,0,0,1,0,0,0,0,0,0,0,0,0,1,0,0,0,0,3,30,4,1,0,0,1,0,3,8,3,89,0,0,0,0,,,0,0,0,0,0,0,0,0,0,0,0,0,,,,0,0,0,2,2,0,0,1,0,0,0,0,0,5,0,55,247,1,2,0,1,0,2,0,0,227
2018,10,ATL,REG,2018_10_ATL_CLE,CLE,38,52,330,2,0,2,-19,1,1,248,145,19,8.46303627173084,3.83242386228898,0,12,6,4,0,19,71,0,0,0,5,-5.10077608074062,0,2,2,0,0,38,51,330,2,1,1,248,145,19,8.54739643901301,0,12,6,4,0,0,33,1,21,0,0,1,0,0,0,1,33,1,0,0,0,0,0,0,0,0,0,2,-8,0,0,0,1,5,5,2,2,0,4,2,1,5,2,42,1,1,0,0,40,1,0,0,0,1,0,0,0,0,0,0,0,0,40,,,40,0,0,1,1,0,0,1,0,0,0,0,0,3,0,44,118,2,0,0,0,2,1,6,0,112
2018,10,BUF,REG,2018_10_BUF_NYJ,NYJ,16,26,247,2,0,1,-8,0,0,318,84,13,18.1590172040142,6.00209408081495,0,8,4,4,2,46,212,2,0,0,10,-1.04080784658436,0,5,5,2,0,16,26,247,2,1,0,318,84,13,20.960322558587,0,8,4,4,2,0,29,0,28,5,29,0,3,19,8,2,45,7,0,0,0,0,0,0,0,0,0,1,0,0,0,1,4,30,3,1,0,0,1,0,5,59,1,33,2,2,0,0,54,1,0,0,1,0,1,0,0,0,0,0,0,0,54;31,,,85,0,0,5,5,0,0,1,0,0,0,0,0,4,0,53,174,1,0,0,1,2,1,15,0,139
2018,10,CAR,REG,2018_10_CAR_PIT,PIT,23,29,193,2,1,5,-46,1,0,152,106,12,-4.63986150204437,10.0103482604027,0,8,2,2,0,22,95,1,0,0,5,3.03868297522422,0,3,3,1,0,23,28,193,2,0,0,152,106,12,4.23931905085919,0,8,2,2,0,0,32,11,23,5,12,0,1,6,2,0,0,2,0,0,0,0,0,0,0,0,0,1,0,0,0,0,5,42,2,2,0,0,2,1,0,0,5,107,0,0,0,0,,,0,0,0,0,0,0,0,0,0,0,0,0,,,,0,0,0,3,3,0,0,1,0,0,0,0,0,5,0,46,205,2,0,1,0,3,1,10,0,195
2018,10,CHI,REG,2018_10_DET_CHI,DET,23,30,355,3,0,1,-7,0,0,339,174,13,16.8905882526678,12.7696932355563,1,11,9,8,2,22,54,2,0,0,3,-0.997372120094951,0,0,0,0,0,23,30,355,3,0,0,339,174,13,18.6843042956689,1,11,9,8,2,0,52,1,7,7,48,3,6,45,8,2,12,9,0,0,0,0,0,0,0,0,0,0,0,1,15,0,6,46,5,0,0,0,0,0,1,18,2,23,0,2,2,0,,0,0,0,0,0,0,0,0,0,1,1,0,0,,41;34,,0,75,0,2,4,2,0,0.5,0,0,0,0,0,3,0,59,144,1,0,1,1,0,1,11,0,113
2018,10,CIN,REG,2018_10_NO_CIN,NO,14,23,198,1,2,4,-24,0,0,196,124,9,-11.9633867223747,-2.48742618344047,0,7,5,4,0,16,110,1,0,0,4,4.97267082630424,0,3,2,1,0,14,22,198,1,0,0,196,124,9,-4.30200915079331,0,7,5,4,0,0,44,1,37,1,1,0,0,0,2,0,0,1,0,0,0,0,0,0,0,0,0,0,0,0,0,0,4,26,4,0,0,0,0,0,0,0,6,107,0,0,0,0,,,0,0,0,0,0,0,0,0,0,0,0,0,,,,0,0,0,2,2,0,0,1,0,0,0,0,0,4,0,42,157,1,0,0,0,3,1,2,0,155
2018,10,CLE,REG,2018_10_ATL_CLE,ATL,17,21,216,3,1,0,0,0,0,164,104,13,12.5656261466793,12.0144097577958,0,12,5,2,0,29,211,1,1,0,6,4.75156637380133,0,5,2,2,1,17,21,216,3,0,0,164,104,13,12.5656261466793,0,12,5,2,0,0,48,0,18,3,12,2,2,19,5,0,0,4,0,0,0,0,0,0,0,0,0,1,0,2,0,0,7,38,1,1,0,0,1,0,1,6,4,69,0,0,0,0,,,0,0,0,0,0,0,0,0,0,0,0,0,,,,0,0,0,4,4,0,0,1,0,0,0,0,0,4,0,57,187,3,0,1,0,2,1,5,0,182
2018,10,DAL,REG,2018_10_DAL_PHI,PHI,26,36,270,1,0,4,-31,0,0,205,154,14,7.20508739737469,9.15094973409877,0,12,6,4,0,28,171,2,1,0,9,8.74208562195418,0,5,5,2,0,26,34,270,1,0,0,205,154,14,13.6299514387632,0,12,6,4,0,0,50,0,4,4,18,0,2,10,6,1,28,8,0,0,0,0,0,0,0,0,0,1,0,0,0,0,5,37,3,1,1,1,2,0,1,0,0,0,2,3,1,0,31,0.666666666666667,0,1,1,0,0,0,0,0,0,1,0,0,25;31,42,,56,42,0,3,3,0,0,1,0,0,0,0,0,4,0,46,163,0,0,2,0,0,2,11,0,152
2018,10,DET,REG,2018_10_DET_CHI,CHI,25,42,274,2,2,6,-45,1,0,348,155,14,-4.83160248040739,-4.8386187070892,0,12,4,2,0,24,76,1,1,1,7,-6.20116790416068,0,2,1,0,0,25,42,274,2,1,0,348,155,14,6.02784290988412,0,12,4,2,0,0,47,0,0,5,18,0,1,7,3,0,0,2,0,0,0,0,0,0,0,0,0,2,0,0,0,0,6,41,5,3,0,0,3,1,1,11,3,61,1,1,0,0,52,1,0,0,0,0,1,0,0,0,0,0,0,0,52,,,52,0,0,1,1,0,0,1,0,0,0,0,0,4,0,54,156,1,0,1,0,2,1,18,0,138
2018,10,GB,REG,2018_10_MIA_GB,MIA,19,28,199,2,0,2,-17,0,0,193,110,11,1.43390974523156,5.7580475623791,0,8,5,2,0,25,195,2,0,0,10,8.51701235689689,0,7,5,2,1,19,26,199,2,0,0,193,110,11,10.5933622252627,0,8,5,2,0,0,51,4,10,6,50,0,6,50,9,1,26,5,0,1,0,0,0,0,0,0,0,0,0,1,0,0,6,45,3,1,0,0,1,1,1,19,2,34,1,1,0,0,38,1,0,0,1,0,0,0,0,0,0,0,0,0,38,,,38,0,0,4,4,0,0,1,0,0,0,0,0,1,1,37,37,1,0,1,0,0,0,0,0,37
2018,10,IND,REG,2018_10_JAX_IND,JAX,21,29,285,3,1,0,0,0,0,237,115,11,13.6045821067006,4.41701319710962,0,9,6,5,1,23,81,1,0,0,4,0.783454625503626,1,1,1,1,1,21,29,285,3,0,0,237,115,11,13.6045821067006,0,9,6,5,1,0,49,10,18,6,13,1,0,0,1,0,0,7,0,0,0,0,1,0,1,0,0,0,0,1,0,0,7,45,2,0,0,0,0,0,1,6,1,7,0,1,1,0,,0,0,0,0,0,0,0,0,0,0,0,1,0,,52,,0,52,0,3,3,0,0,1,0,0,0,0,0,3,0,52,138,1,0,1,0,1,1,1,0,137
2018,10,JAX,REG,2018_10_JAX_IND,IND,27,39,324,2,0,0,0,0,0,146,268,16,21.0164718435515,-5.52207247207039,0,12,6,3,1,34,91,1,0,0,6,-6.70095520443283,0,2,1,0,0,27,38,324,2,1,1,146,268,16,17.2529555931359,0,12,6,3,1,0,31,4,6,3,7,0,0,0,2,1,0,2,0,0,0,0,0,0,0,0,0,0,0,0,0,0,8,61,5,1,0,0,1,1,1,1,3,108,2,3,1,0,55,0.666666666666667,0,1,0,0,1,0,0,0,0,0,1,0,28;55,52,,83,52,0,2,3,0,1,0.666666666666667,0,0,0,0,0,3,0,51,138,2,1,0,0,1,1,6,0,132
2018,10,KC,REG,2018_10_ARI_KC,ARI,21,28,249,2,0,5,-37,0,0,204,128,12,5.84377746861123,6.96065979344504,0,10,6,3,0,23,118,1,0,0,8,-0.970058948150836,0,6,6,1,0,21,28,249,2,1,0,204,128,12,13.5414360791475,0,10,6,3,0,0,45,0,20,6,55,1,5,42,13,2,39,7,0,0,0,0,0,0,0,0,0,0,0,0,0,0,8,63,3,1,0,1,1,0,2,0,2,22,2,2,0,0,46,1,0,0,0,2,0,0,0,0,0,0,0,0,45;46,,,91,0,0,2,2,0,0,1,0,0,0,0,0,5,0,52,233,3,0,0,1,1,3,8,0,205
2018,10,LA,REG,2018_10_SEA_LA,SEA,28,39,318,2,0,2,-11,0,0,271,147,17,12.2231972224934,9.91388687065669,0,14,7,4,0,23,149,2,0,0,8,8.77725242618192,0,5,3,0,0,28,35,318,2,0,0,271,147,17,18.3236077937601,0,14,7,4,0,0,41,4,18,5,18,1,4,35,9,0,0,1,0,0,0,0,0,0,0,0,0,0,0,1,0,0,10,102,4,0,0,0,0,0,2,22,2,31,3,3,0,0,37,1,0,1,2,0,0,0,0,0,0,0,0,0,35;37;20,,,92,0,0,3,3,0,0,1,0,0,0,0,0,2,0,55,89,1,1,0,0,0,1,9,0,80
2018,10,LAC,REG,2018_10_LAC_OAK,LV,18,26,223,2,1,1,-1,0,0,233,120,8,7.13102448740874,7.47123521107894,0,8,5,3,1,26,113,0,0,0,7,-1.35261702799471,0,3,2,0,0,18,26,223,2,0,0,233,120,8,8.05671718376589,0,8,5,3,1,0,39,9,29,2,14,1,4,40,9,0,0,4,0,0,0,0,0,0,0,0,0,0,0,1,24,0,6,70,5,0,0,0,0,0,2,15,2,41,2,2,0,0,41,1,0,1,0,1,0,0,0,0,0,0,0,0,27;41,,,68,0,0,2,2,0,0,1,0,0,0,0,0,4,0,47,171,1,0,0,0,1,3,8,0,163
2018,10,LV,REG,2018_10_LAC_OAK,LAC,24,37,243,0,0,4,-40,1,1,208,126,12,-11.654176644347,-3.06547088282449,0,11,3,3,0,22,114,0,0,0,3,1.64966562547488,0,3,3,1,1,24,35,243,0,0,0,208,126,12,3.60341378571415,0,11,3,3,0,0,33,7,21,3,8,0,1,1,6,1,0,4,0,0,0,0,0,0,0,0,0,0,0,0,0,0,6,55,5,1,0,0,1,1,3,8,5,96,2,2,0,0,46,1,0,0,1,1,0,0,0,0,0,0,0,0,46;30,,,76,0,0,0,0,0,0,,0,0,0,0,0,3,0,57,162,1,0,0,0,1,2,15,0,147
2018,10,MIA,REG,2018_10_MIA_GB,GB,23,37,213,0,1,6,-50,0,0,232,117,11,-14.7236440098174,-5.93458124332958,0,6,3,2,0,23,131,0,1,1,6,0.0998460694099776,0,2,2,1,0,23,36,213,0,0,0,232,117,11,-2.12648647883184,0,6,3,2,0,0,32,6,18,1,11,1,2,17,4,0,0,2,0,0,0,1,0,0,0,0,0,0,-16,1,0,0,3,10,4,0,1,0,1,1,0,0,5,97,4,4,0,0,47,1,0,1,1,2,0,0,0,0,0,0,0,0,37;25;47;40,,,149,0,0,0,0,0,0,,0,0,0,0,0,2,0,39,77,0,0,0,1,0,1,19,0,38
2018,10,NE,REG,2018_10_NE_TEN,TEN,23,43,267,0,0,3,-23,0,0,351,134,12,-4.30407342624169,-9.66860696673393,0,11,5,4,1,19,40,1,0,0,4,-5.46747068237164,0,0,0,0,0,23,40,267,0,0,0,351,134,12,1.58513711717894,0,11,5,4,1,0,37,9,29,5,22,2,2,14,3,0,0,0,0,0,0,0,0,0,0,0,0,0,0,0,0,0,4,31,3,0,0,0,0,0,2,30,3,74,1,2,1,0,52,0.5,0,0,0,0,1,0,0,0,0,0,1,0,52,52,,52,52,0,1,1,0,0,1,0,0,0,0,0,6,0,66,298,2,0,1,1,1,3,42,0,236
2018,10,NO,REG,2018_10_NO_CIN,CIN,22,27,265,3,0,0,0,0,0,147,142,13,22.0197143309674,14.3046393438622,0,9,6,4,1,47,244,3,0,0,18,11.3174569475523,0,6,6,2,0,22,27,265,3,0,0,147,142,13,22.0197143309674,0,9,6,4,1,0,31,0,12,4,24,0,4,24,6,2,107,5,0,0,0,0,0,0,0,0,0,0,0,0,0,0,1,5,1,0,0,0,0,0,1,2,0,0,3,3,0,0,42,1,0,1,0,2,0,0,0,0,0,0,0,0,29;42;41,,,112,0,0,6,6,0,0,1,0,0,0,0,0,0,0,,0,0,0,0,0,0,0,0,0,0
2018,10,NYG,REG,2018_10_NYG_SF,SF,19,31,188,3,0,1,-8,0,0,273,81,10,5.5227620644986,1.61585375185936,0,8,4,4,0,23,97,0,0,0,3,-4.15676358897337,0,2,2,1,0,19,31,188,3,0,0,273,81,10,7.39558357247406,0,8,4,4,0,0,43,9,17,5,5,0,0,0,3,2,8,4,0,0,0,0,0,0,0,0,0,0,0,0,0,0,8,78,4,0,0,0,0,0,1,7,4,104,2,2,0,0,31,1,0,1,1,0,0,0,0,0,0,0,0,0,20;31,,,51,0,0,3,3,0,0,1,0,0,0,0,0,5,0,59,238,3,0,2,0,1,2,24,0,214
2018,10,NYJ,REG,2018_10_BUF_NYJ,BUF,17,34,135,0,2,3,-19,0,0,185,106,7,-21.1787391196616,-20.5941360556718,0,6,2,1,0,18,83,1,0,0,5,-0.472783497825731,0,3,3,1,0,17,33,135,0,0,0,185,106,7,-16.467055383537,0,6,2,1,0,0,47,0,30,2,5,1,1,8,5,0,0,6,0,0,0,0,0,0,0,0,0,0,0,0,0,0,1,10,3,0,0,0,0,0,1,15,6,142,1,1,0,0,55,1,0,0,0,0,1,0,0,0,0,0,0,0,55,,,55,0,0,1,1,0,0,1,0,0,0,0,0,7,0,60,312,1,1,1,0,0,5,59,0,253
2018,10,PHI,REG,2018_10_DAL_PHI,DAL,32,44,360,2,1,2,-10,0,0,379,130,20,-0.395187472377279,10.2428086275278,0,19,6,3,1,16,71,0,0,0,3,-3.14470574527513,0,2,1,1,0,32,43,360,2,0,0,379,130,20,1.91593438796715,0,19,6,3,1,0,44,0,22,5,24,1,4,31,10,0,0,2,0,0,0,0,0,0,0,0,0,0,0,0,0,0,0,0,5,0,0,0,0,0,2,11,4,93,2,2,0,0,56,1,0,1,0,0,1,0,0,0,0,0,0,0,56;26,,,82,0,0,2,2,0,0,1,0,0,0,0,0,2,0,49,88,2,0,1,0,0,1,0,0,88
2018,10,PIT,REG,2018_10_CAR_PIT,CAR,23,27,325,5,0,1,-6,0,0,121,225,14,25.4501377115414,14.0419309889829,0,9,5,3,2,30,138,1,0,0,10,0.571688983531203,0,6,5,0,0,23,27,325,5,0,0,121,225,14,26.6187768225248,0,9,5,3,2,0,40,7,19,7,52,2,5,46,7,1,17,2,1,0,0,0,0,0,0,0,0,1,0,1,0,0,1,24,3,0,1,0,1,0,1,10,1,10,1,1,0,0,50,1,0,0,0,0,1,0,0,0,0,0,0,0,50,,,50,0,0,7,7,0,0,1,0,0,0,0,0,2,0,52,80,1,0,2,0,0,0,0,0,80
2018,10,SEA,REG,2018_10_SEA_LA,LA,17,26,176,3,0,4,-35,1,1,217,62,9,3.83333312480867,12.3645731288454,0,6,4,3,0,34,273,1,0,0,15,11.0259767972748,0,12,9,3,0,17,23,176,3,0,0,217,62,9,15.9889948448399,0,6,4,3,0,0,43,4,10,3,15,0,2,11,5,0,0,1,0,0,0,0,0,0,0,0,0,0,0,0,0,0,7,56,5,1,0,0,1,1,1,9,1,21,1,1,0,0,33,1,0,0,1,0,0,0,0,0,0,0,0,0,33,,,33,0,0,4,4,0,0,1,0,0,0,0,0,3,0,68,165,1,0,1,0,0,2,22,0,143
2018,10,SF,REG,2018_10_NYG_SF,NYG,27,39,250,1,2,0,0,0,0,276,94,14,-0.263623360456103,8.71872288840158,0,14,6,2,0,29,124,1,0,0,6,-1.01927097840235,0,2,2,2,0,27,35,250,1,0,0,276,94,14,2.29871402660604,0,14,6,2,0,0,34,5,15,5,10,0,1,8,4,0,0,7,0,0,0,0,0,0,0,0,0,0,0,0,0,0,10,97,6,0,0,0,0,0,2,24,0,0,3,3,0,0,53,1,0,0,2,0,1,0,0,0,0,0,0,0,53;36;30,,,119,0,0,2,2,0,0,1,0,0,0,0,0,3,0,47,133,1,0,1,0,1,1,7,0,126
2018,10,TB,REG,2018_10_WAS_TB,WAS,29,41,406,0,2,2,-8,1,1,431,168,22,0.585267879867341,6.84531912571046,0,20,12,6,0,24,103,0,0,0,6,-3.21859697375271,0,3,3,0,0,29,41,406,0,2,1,431,168,22,2.04686537491029,0,20,12,6,0,0,43,3,11,6,17,0,3,8,6,0,0,1,0,0,0,0,0,0,0,0,0,2,-12,0,0,0,5,50,6,3,1,0,4,2,1,8,0,0,1,3,2,0,33,0.333333333333333,0,0,1,0,0,0,0,0,1,1,0,0,33,30;48,,33,78,0,0,0,0,0,,0,0,0,0,0,1,0,44,44,0,0,0,1,0,0,0,0,24
2018,10,TEN,REG,2018_10_NE_TEN,NE,17,25,249,2,0,2,-14,0,0,280,86,11,10.5960841359574,12.7359335621198,0,11,8,7,0,36,150,2,0,0,11,0.969153763377108,0,7,4,1,0,17,24,249,2,1,0,280,86,11,15.241434272766,0,11,8,7,0,0,36,9,17,6,29,0,3,23,7,0,0,4,0,2,0,0,0,0,0,0,0,2,0,0,0,0,4,35,2,2,1,1,3,0,3,42,2,78,2,2,0,0,33,1,0,0,2,0,0,0,0,0,0,0,0,0,33;31,,,64,0,0,4,4,0,0,1,0,0,0,0,0,5,0,55,241,2,1,1,0,1,2,30,0,211
2018,10,WAS,REG,2018_10_WAS_TB,TB,19,27,178,1,0,3,-8,0,0,226,54,7,2.28544525480139,7.12902259368163,0,8,2,2,0,25,116,0,0,0,6,2.2031786487787,0,5,3,0,0,19,26,178,1,0,0,226,54,7,7.50871809903184,0,8,2,2,0,0,48,4,10,3,21,3,2,8,7,2,55,6,0,0,0,0,0,0,0,0,0,0,0,2,0,0,8,52,5,0,0,0,0,0,0,0,1,19,3,3,0,0,43,1,0,1,0,2,0,0,0,0,0,0,0,0,43;43;26,,,112,0,0,1,1,0,0,1,0,0,0,0,0,5,0,58,247,4,0,2,0,2,1,8,0,239
2018,11,ARI,REG,2018_11_OAK_ARI,LV,9,20,136,3,2,1,-8,0,0,137,101,7,-7.7150394510245,-21.6456871283682,0,4,3,1,1,31,154,0,1,0,5,-3.78649142099312,0,2,1,1,1,9,19,136,3,0,0,137,101,7,-5.83626368152909,0,4,3,1,1,0,51,4,18,4,20,0,4,19,7,0,0,3,0,0,0,0,0,0,0,0,0,1,-5,0,0,0,7,62,2,0,1,0,1,0,4,38,1,32,0,0,0,0,,,0,0,0,0,0,0,0,0,0,0,0,0,,,,0,0,0,3,3,0,0,1,0,0,0,0,0,8,0,60,418,2,1,1,1,1,4,31,0,367
2018,11,ATL,REG,2018_11_DAL_ATL,DAL,24,34,291,1,1,3,-17,0,0,332,123,13,0.626415006456151,4.50439023620942,0,13,6,3,0,18,80,0,0,0,6,-0.136051665176637,0,4,3,0,0,24,34,291,1,0,0,332,123,13,6.3615252270719,0,13,6,3,0,0,38,1,29,3,19,1,2,17,6,0,0,5,0,0,0,0,0,0,0,0,0,0,0,0,0,0,2,15,4,0,0,0,0,0,3,16,2,32,4,4,0,0,53,1,0,1,0,2,1,0,0,0,0,0,0,0,41;45;53;21,,,160,0,0,1,1,0,0,1,0,0,0,0,0,2,0,35,62,2,0,0,0,2,0,0,0,62
2018,11,BAL,REG,2018_11_CIN_BAL,CIN,13,19,150,0,1,3,-14,0,0,159,54,7,-4.56168414540773,4.89979883035024,0,6,5,1,0,53,267,2,1,0,15,5.92810145324632,1,8,6,1,0,13,18,150,0,0,0,159,54,7,0.37522233944626,0,6,5,1,0,0,31,1,11,2,6,0,1,4,5,0,0,7,0,0,0,0,0,0,0,0,0,1,-3,0,0,0,5,31,5,0,1,0,1,0,2,14,4,67,3,3,0,0,56,1,0,2,0,0,1,0,0,0,0,0,0,0,28;56;24,,,108,0,0,1,1,0,0,1,0,0,0,0,0,4,0,43,157,2,0,0,0,2,2,46,0,111
2018,11,CAR,REG,2018_11_CAR_DET,DET,25,38,357,3,1,3,-26,0,0,349,183,16,11.6188193930536,0.973995714574247,0,14,7,5,1,16,56,0,0,0,4,-1.46209187817294,0,1,0,0,0,25,37,357,3,0,0,349,183,16,18.3179698499008,0,14,7,5,1,0,42,1,15,7,21,0,1,5,1,0,0,2,0,0,0,0,0,0,0,0,0,0,0,0,0,0,2,15,2,0,0,0,0,0,1,-1,2,34,0,1,1,0,,0,0,0,0,0,0,0,0,0,1,0,0,0,,34,,0,34,0,1,2,1,0,0.5,0,0,0,0,0,5,0,52,222,1,0,0,0,4,1,10,0,212
2018,11,CHI,REG,2018_11_MIN_CHI,MIN,20,31,165,1,2,1,-5,0,0,244,64,12,1.04048173002969,0.364765822887421,2,7,2,0,0,39,148,0,1,1,8,-3.17268714064054,0,4,3,2,0,20,30,165,1,0,0,244,64,12,2.74690682489029,2,7,2,0,0,0,45,0,4,9,29,1,2,16,4,2,53,7,1,0,0,0,0,0,0,0,0,0,0,1,0,0,5,46,5,1,0,0,1,1,1,11,2,42,3,3,0,0,48,1,0,0,1,2,0,0,0,0,0,0,0,0,33;41;48,,,122,0,0,0,0,0,0,,0,0,0,0,0,2,0,38,71,1,0,1,0,0,1,10,0,61
2018,11,CIN,REG,2018_11_CIN_BAL,BAL,19,37,211,2,0,1,-4,0,0,350,108,10,3.17855994100783,-12.0138834748003,0,7,6,5,0,16,48,1,0,0,4,-2.83776329815737,0,1,1,1,0,19,36,211,2,0,0,350,108,10,4.3484899144979,0,7,6,5,0,0,59,6,16,4,17,0,3,14,5,1,22,2,0,0,0,0,0,0,0,0,0,0,0,0,0,0,7,58,5,0,0,0,0,0,2,46,2,35,0,1,1,0,,0,0,0,0,0,0,0,0,0,0,0,1,0,,52,,0,52,0,3,3,0,0,1,0,0,0,0,0,6,0,53,251,1,0,1,0,3,2,14,0,237
2018,11,DAL,REG,2018_11_DAL_ATL,ATL,22,32,208,0,0,2,-17,0,0,218,129,10,2.96384862502507,0.401652231812477,0,9,4,1,0,29,132,2,1,0,9,3.34114534678445,0,4,3,1,0,22,32,208,0,0,0,218,129,10,7.08345746732718,0,9,4,1,0,0,41,0,16,4,16,0,3,17,9,1,28,4,0,0,0,0,0,0,0,0,0,1,2,0,0,0,2,20,4,1,0,0,1,0,0,0,0,0,3,3,0,0,50,1,0,1,0,1,1,0,0,0,0,0,0,0,21;50;42,,,113,0,0,1,2,1,0,0.5,1,1,0,0,42,3,0,49,133,1,0,0,0,0,3,16,0,117
2018,11,DEN,REG,2018_11_DEN_LAC,LAC,20,33,217,0,0,0,0,0,0,158,151,7,2.92901913339672,-7.1205630417793,0,6,3,3,0,19,108,3,0,0,6,2.78522805277328,0,1,1,1,1,20,31,217,0,0,0,158,151,7,4.01274629033287,0,6,3,3,0,0,41,6,30,4,21,0,3,17,6,2,42,9,0,0,0,0,0,0,0,0,0,0,0,0,0,0,7,43,4,0,0,0,0,0,0,0,4,64,1,1,0,0,34,1,0,0,1,0,0,0,0,0,0,0,0,0,34,,,34,0,0,2,2,0,0,1,1,1,0,0,34,5,0,52,224,2,0,1,1,2,1,2,0,202
2018,11,DET,REG,2018_11_CAR_DET,CAR,23,37,220,1,0,1,-5,0,0,223,128,11,3.00893394238561,-8.54993241173881,0,11,5,2,0,26,94,1,0,0,9,-4.12925149698276,0,4,3,1,0,23,35,220,1,0,0,223,128,11,6.10314444009973,0,11,5,2,0,0,42,0,4,3,26,0,3,26,4,1,0,6,0,0,0,0,0,0,0,0,0,0,0,0,0,0,1,5,1,0,0,0,0,0,1,10,1,20,2,2,0,0,54,1,0,0,1,0,1,0,0,0,0,0,0,0,54;32,,,86,0,0,2,2,0,0,1,0,0,0,0,0,6,0,55,281,3,1,2,1,1,1,-1,0,262
2018,11,GB,REG,2018_11_GB_SEA,SEA,21,30,332,2,0,5,-21,0,0,347,134,11,9.01290835886361,7.41161349518546,0,12,7,5,3,13,48,1,0,0,3,-0.246044071391225,0,0,0,0,0,21,29,332,2,0,0,347,134,11,17.0944824670828,0,12,7,5,3,0,43,2,18,7,38,2,3,20,5,0,0,2,0,0,0,0,0,0,0,0,0,0,0,1,0,0,5,80,5,0,0,0,0,0,3,31,1,20,1,2,1,0,36,0.5,0,0,1,0,0,0,0,0,0,1,0,0,36,47,,36,47,0,3,3,0,0,1,0,0,0,0,0,6,0,67,284,2,0,1,1,4,0,0,0,264
2018,11,HOU,REG,2018_11_HOU_WAS,WAS,16,24,208,1,2,3,-27,1,0,122,140,8,-1.8562891333911,-2.5421050687631,0,9,5,2,1,31,139,0,0,0,7,-1.55201038946916,0,5,3,1,0,16,24,208,1,1,1,122,140,8,-1.48938029703799,0,9,5,2,1,0,45,4,16,5,35,1,5,35,7,2,109,8,1,0,0,0,0,0,0,0,0,1,0,0,0,0,7,40,2,2,0,0,2,1,1,16,1,18,3,5,2,0,54,0.6,0,1,1,0,1,0,0,0,0,2,0,0,23;33;54,44;45,,110,89,0,2,2,0,0,1,0,0,0,0,0,1,0,30,30,0,1,0,0,0,0,0,0,30
2018,11,IND,REG,2018_11_TEN_IND,TEN,24,32,295,3,0,0,0,0,0,255,125,15,17.2674350679699,7.37737594172359,0,11,4,2,1,28,102,2,1,0,8,2.4454204388021,0,1,1,0,0,24,32,295,3,0,0,255,125,15,17.2674350679699,0,11,4,2,1,0,37,12,16,7,23,1,5,27,8,2,10,3,0,1,0,0,0,0,0,0,0,0,0,0,0,0,7,60,0,2,0,2,2,0,3,65,1,19,1,1,0,0,22,1,0,1,0,0,0,0,0,0,0,0,0,0,22,,,22,0,0,5,5,0,0,1,0,0,0,0,0,3,0,53,142,3,0,2,0,1,0,0,0,142
2018,11,JAX,REG,2018_11_PIT_JAX,PIT,10,18,104,0,0,6,-40,2,1,151,52,5,-6.90105593137769,-11.5180363257726,0,5,2,2,0,43,179,1,0,0,9,-1.89343711808505,0,5,1,1,0,10,18,104,0,0,0,151,52,5,0.25369524158251,0,5,2,2,0,0,39,0,6,2,17,0,2,17,6,3,11,6,0,0,0,0,0,0,0,0,0,1,0,0,0,0,11,111,4,2,0,0,2,1,2,36,2,25,3,3,0,0,48,1,0,0,1,2,0,0,0,0,0,0,0,0,48;38;43,,,129,0,0,1,1,0,0,1,0,0,0,0,0,9,0,57,415,1,0,1,3,2,3,13,0,342
2018,11,KC,REG,2018_11_KC_LA,LA,33,46,478,6,3,3,-30,2,2,467,219,21,9.35210398340132,7.6449946216915,0,16,11,9,1,20,98,0,0,0,2,-2.61817662194572,0,1,1,1,0,33,46,478,6,0,0,467,219,21,25.2486649657367,0,16,11,9,1,0,51,3,7,6,24,3,5,34,7,0,0,5,0,0,0,0,0,0,0,0,0,0,0,2,2,1,13,135,6,2,0,0,2,2,3,22,7,207,1,1,0,0,21,1,0,1,0,0,0,0,0,0,0,0,0,0,21,,,21,0,0,6,7,1,0,0.857142857142857,0,0,0,0,0,3,0,52,142,2,0,1,0,1,1,-3,0,145
2018,11,LA,REG,2018_11_KC_LA,KC,31,49,413,4,0,5,-34,2,2,486,188,21,9.30210726110576,5.65237726854242,0,17,9,7,1,21,76,1,0,0,4,-1.38330373026342,0,1,1,1,0,31,46,413,4,1,0,486,188,21,24.3896235026672,0,17,9,7,1,0,47,8,16,2,4,2,3,30,5,3,39,5,1,0,0,0,0,0,0,0,0,1,0,2,11,1,8,60,5,3,0,0,3,2,1,-3,4,78,2,2,0,0,33,1,0,1,1,0,0,0,0,0,0,0,0,0,23;33,,,56,0,0,6,7,1,0,0.857142857142857,0,0,0,0,0,4,0,59,154,3,0,1,0,0,3,22,0,132
2018,11,LAC,REG,2018_11_DEN_LAC,DEN,28,43,401,2,2,3,-17,0,0,333,222,18,14.0378944012952,-0.282305409741956,0,16,11,8,0,26,95,0,0,0,5,-5.20683877862487,0,2,2,1,0,28,43,401,2,0,0,333,222,18,15.4511559443233,0,16,11,8,0,0,37,1,9,0,0,0,0,0,3,0,0,3,0,0,0,0,0,0,0,0,0,0,0,0,0,0,14,120,3,0,0,0,0,0,1,2,3,70,3,3,0,0,46,1,0,0,1,2,0,0,0,0,0,0,0,0,46;45;30,,,121,0,0,1,2,1,0,0.5,0,0,0,0,0,2,0,40,78,1,0,0,0,2,0,0,0,78
2018,11,LV,REG,2018_11_OAK_ARI,ARI,19,31,192,2,0,4,-19,0,0,235,99,9,0.255804394982535,2.80005452888353,0,6,5,4,0,33,152,0,0,0,9,-1.1484651504516,0,4,1,1,0,19,28,192,2,0,0,235,99,9,6.67945229850011,0,6,5,4,0,0,32,1,17,5,18,0,1,8,1,2,33,4,0,1,0,0,0,0,0,0,0,1,0,0,0,0,4,20,5,0,1,0,1,0,4,31,2,53,3,3,0,0,49,1,0,1,1,1,0,0,0,0,0,0,0,0,49;21;35,,,105,0,0,2,2,0,0,1,1,1,0,0,35,8,0,60,361,1,0,0,2,2,4,38,0,283
2018,11,MIN,REG,2018_11_MIN_CHI,CHI,30,46,262,2,2,2,-16,0,0,371,96,15,-0.606667713514562,2.61838184462653,1,13,3,1,0,14,22,0,1,1,2,-10.8786609014496,0,0,0,0,0,30,45,262,2,0,0,371,96,15,3.51889780521765,1,13,3,1,0,0,57,2,8,6,13,1,1,5,2,2,33,6,0,0,0,0,0,0,0,0,0,0,0,1,0,0,4,50,5,1,0,0,1,1,1,10,2,57,2,2,0,0,36,1,0,0,2,0,0,0,0,0,0,0,0,0,36;36,,,72,0,0,0,0,0,0,,0,0,0,0,0,4,0,53,178,2,0,1,0,2,1,11,0,167
2018,11,NO,REG,2018_11_PHI_NO,PHI,23,32,373,4,0,0,0,0,0,396,126,21,28.964100977029,9.25512528046966,0,15,11,8,0,37,173,2,0,0,6,-1.0438862962861,0,4,4,1,0,23,32,373,4,0,0,396,126,21,28.964100977029,0,15,11,8,0,0,36,1,3,7,32,0,3,18,5,3,0,8,0,0,0,0,0,0,0,0,0,0,0,0,0,0,8,69,6,0,0,0,0,0,2,13,0,0,2,2,0,0,38,1,1,0,1,0,0,0,0,0,0,0,0,0,38;19,,,57,0,0,6,6,0,0,1,0,0,0,0,0,2,0,50,99,0,1,0,0,0,1,-2,0,101
2018,11,NYG,REG,2018_11_TB_NYG,TB,17,18,231,2,0,4,-35,1,0,138,115,10,9.77198546224612,27.7246753374736,0,8,5,4,2,31,163,2,0,0,9,5.31336549067055,0,5,3,1,0,17,18,231,2,1,0,138,115,10,17.0674634520743,0,8,5,4,2,0,36,18,26,1,7,1,1,7,5,4,61,8,1,0,0,0,0,0,0,0,0,1,0,0,0,0,8,60,4,1,1,1,2,0,1,5,6,138,1,1,0,0,52,1,0,0,0,0,1,0,0,0,0,0,0,0,52,,,52,0,0,5,5,0,0,1,0,0,0,0,0,4,0,54,166,1,0,1,1,1,1,10,0,136
2018,11,PHI,REG,2018_11_PHI_NO,NO,19,33,156,0,3,3,-18,0,0,315,72,9,-19.6309453913127,-10.5005300406254,0,8,1,0,0,12,58,1,0,0,2,0.717984905000776,0,1,1,1,0,19,33,156,0,0,0,315,72,9,-15.5822222913848,0,8,1,0,0,0,48,9,9,3,5,0,0,0,1,0,0,0,0,0,0,0,0,0,0,0,0,0,0,0,0,0,6,49,3,0,0,0,0,0,1,-2,4,114,0,0,0,0,,,0,0,0,0,0,0,0,0,0,0,0,0,,,,0,0,0,1,1,0,0,1,0,0,0,0,0,4,0,46,159,2,0,0,0,2,2,13,0,146
2018,11,PIT,REG,2018_11_PIT_JAX,JAX,27,47,314,2,3,2,-17,0,0,387,139,10,-8.51233575520734,-4.89409678512149,0,8,4,4,1,11,26,1,0,0,3,1.89956726049422,0,0,0,0,0,27,45,314,2,0,0,387,139,10,-4.44614397386601,0,8,4,4,1,0,53,1,21,7,43,2,6,40,7,0,0,2,0,0,0,0,0,0,0,0,0,0,0,1,0,0,3,15,5,0,0,0,0,0,3,13,2,44,0,0,0,0,,,0,0,0,0,0,0,0,0,0,0,0,0,,,,0,0,0,2,2,0,0,1,0,0,0,0,0,6,0,63,306,1,0,1,1,2,2,36,0,250
2018,11,SEA,REG,2018_11_GB_SEA,GB,21,31,225,2,0,3,-20,0,0,313,68,12,4.95210705921644,12.4255911543452,0,10,6,2,0,35,173,1,1,1,9,-3.37164721791326,0,7,5,1,0,21,29,225,2,1,0,313,68,12,9.7944834785595,0,10,6,2,0,0,26,2,26,3,15,0,5,21,7,0,0,0,0,0,0,0,0,0,0,0,0,0,0,0,0,0,6,30,3,2,0,1,2,1,0,0,2,47,2,2,0,0,43,1,0,0,1,1,0,0,0,0,0,0,0,0,39;43,,,82,0,0,3,3,0,0,1,0,0,0,0,0,4,0,59,208,0,1,0,0,0,3,31,0,177
2018,11,TB,REG,2018_11_TB_NYG,NYG,25,37,366,2,4,1,-7,0,0,379,134,18,8.26547129772371,5.36546558141708,0,15,10,8,1,30,151,2,1,0,10,5.7236380695831,0,4,3,1,0,25,36,366,2,0,0,379,134,18,10.5192326254328,0,15,10,8,1,0,41,13,17,5,33,1,4,35,6,0,0,0,0,0,0,0,0,0,0,0,0,1,0,0,0,1,4,40,4,1,0,0,1,0,1,10,7,137,0,0,0,0,,,0,0,0,0,0,0,0,0,0,0,0,0,,,,0,0,0,5,5,0,0,1,0,0,0,0,0,1,0,44,44,0,0,0,0,0,1,5,0,39
2018,11,TEN,REG,2018_11_TEN_IND,IND,21,29,203,1,2,5,-27,1,0,207,73,10,-4.00792411257937,2.07319567943441,0,6,4,2,0,25,87,0,0,0,4,-7.0325224858243,0,3,1,0,0,21,29,203,1,0,0,207,73,10,3.92539417874576,0,6,4,2,0,0,35,11,17,2,3,2,0,0,0,0,0,3,0,0,0,0,0,0,0,0,0,1,0,0,0,0,8,112,3,1,0,0,1,0,0,0,0,0,1,1,0,0,42,1,0,0,0,1,0,0,0,0,0,0,0,0,42,,,42,0,0,1,1,0,0,1,0,0,0,0,0,6,0,58,296,3,1,0,0,2,3,65,0,231
2018,11,WAS,REG,2018_11_HOU_WAS,HOU,18,39,189,1,2,5,-35,0,0,414,72,12,-21.0688231241761,-10.961188789871,0,10,2,1,0,29,124,2,1,0,9,6.29724836946116,0,2,2,0,0,18,36,189,1,0,0,414,72,12,-10.4188063673314,0,10,2,1,0,0,30,12,28,3,24,2,3,27,4,2,7,3,0,0,0,0,0,0,0,0,0,1,0,1,0,0,6,43,6,1,0,0,1,0,0,0,4,78,0,1,1,0,,0,0,0,0,0,0,0,0,0,0,0,0,1,,63,,0,63,0,3,3,0,0,1,0,1,1,0,63,5,0,51,202,2,1,1,0,2,1,16,0,186
2018,12,ARI,REG,2018_12_ARI_LAC,LAC,12,19,105,1,1,2,-18,0,0,137,76,4,-9.88850987167939,1.90540534608504,0,3,3,1,0,24,62,0,1,0,5,-4.25201762025245,0,2,1,0,0,12,17,105,1,0,0,137,76,4,-3.33806425293119,0,3,3,1,0,0,44,1,25,5,20,1,4,23,7,0,0,2,0,0,0,0,0,0,0,0,0,1,0,1,0,0,3,35,1,0,1,0,1,0,1,26,6,139,1,2,1,0,30,0.5,0,0,1,0,0,0,0,0,0,1,0,0,30,46,,30,46,0,1,1,0,0,1,0,0,0,0,0,5,0,60,246,0,0,0,1,2,2,28,0,198
2018,12,ATL,REG,2018_12_ATL_NO,NO,35,47,377,2,1,6,-37,3,1,401,143,18,4.57364722538597,10.4501844720638,0,17,6,5,1,16,26,0,0,0,2,-6.32532061258098,0,0,0,0,0,35,47,377,2,2,2,401,143,18,9.60706436159063,0,17,6,5,1,0,37,6,14,3,11,0,2,9,3,1,0,5,0,0,0,0,0,0,0,0,0,2,0,0,0,0,2,26,3,5,0,0,5,3,0,0,3,105,1,1,0,0,32,1,0,0,1,0,0,0,0,0,0,0,0,0,32,,,32,0,0,2,2,0,0,1,0,0,0,0,0,2,0,52,96,0,0,0,0,1,1,7,0,89
2018,12,BAL,REG,2018_12_OAK_BAL,LV,14,25,178,1,2,1,-4,0,0,200,97,9,-0.263886732167167,-8.93983046213786,0,5,2,2,1,43,242,1,1,0,13,5.79183284181636,0,3,3,1,0,14,24,178,1,0,0,200,97,9,1.62867066787875,0,5,2,2,1,1,32,3,9,4,15,1,3,12,5,0,0,8,0,0,0,0,0,0,0,0,0,1,-2,1,43,1,6,45,3,0,1,0,1,0,4,79,2,59,2,2,0,0,47,1,0,1,0,1,0,0,0,0,0,0,0,0,47;28,,,75,0,0,4,4,0,0,1,0,0,0,0,0,2,0,56,94,1,0,1,0,0,1,-3,0,97
2018,12,BUF,REG,2018_12_JAX_BUF,JAX,8,19,160,1,0,0,0,0,0,336,78,5,4.56481174082728,-8.15327325287987,0,4,3,2,1,35,167,2,1,0,9,-0.694211445892822,0,2,2,1,1,8,17,160,1,0,0,336,78,5,5.60959218436619,0,4,3,2,1,0,43,9,17,4,11,0,3,20,8,2,12,6,0,1,0,0,0,0,0,0,0,1,0,0,0,0,13,80,4,2,0,1,2,0,3,13,3,66,1,1,0,0,22,1,0,1,0,0,0,0,0,0,0,0,0,0,22,,,22,0,0,3,3,0,0,1,0,0,0,0,0,7,0,55,314,2,1,2,1,1,2,33,0,261
2018,12,CAR,REG,2018_12_SEA_CAR,SEA,25,30,256,2,1,0,0,0,0,141,166,13,8.47551739112955,14.9777550121834,0,10,5,4,0,27,220,1,2,0,10,3.03456740192753,0,7,6,3,1,25,29,256,2,3,0,141,166,13,8.91874284037171,0,10,5,4,0,0,28,2,36,5,23,1,2,17,5,0,0,2,0,0,0,0,0,0,0,0,0,4,0,0,0,0,3,30,6,4,1,1,5,0,2,19,3,75,2,3,1,0,26,0.666666666666667,0,2,0,0,0,0,0,0,0,0,1,0,26;25,52,,51,52,0,3,3,0,0,1,0,0,0,0,0,1,0,55,55,1,0,0,0,1,0,0,0,55
2018,12,CHI,REG,2018_12_CHI_DET,DET,28,38,238,2,0,4,-12,0,0,280,92,13,2.87391880277254,5.60402713323894,0,9,2,2,0,15,38,0,0,0,3,-3.00324647960952,0,1,0,0,0,28,38,238,2,1,1,280,92,13,3.77015041636012,0,9,2,2,0,0,43,2,20,4,21,0,2,14,4,2,41,4,1,0,0,0,0,0,0,0,0,0,0,0,0,0,3,20,3,1,0,0,1,1,4,46,1,17,1,1,0,0,40,1,0,0,0,1,0,0,0,0,0,0,0,0,40,,,40,0,0,2,2,0,0,1,0,0,0,0,0,5,0,56,235,3,0,0,1,1,3,25,0,190
2018,12,CIN,REG,2018_12_CLE_CIN,CLE,27,46,255,2,1,1,-12,0,0,381,118,14,2.98751481039421,-6.57298763593038,0,13,4,2,0,20,129,1,0,0,7,-4.80155699598254,0,5,4,2,0,27,45,255,2,0,0,381,118,14,5.63987979548024,0,13,4,2,0,0,36,0,30,4,23,0,0,0,1,0,0,2,0,0,0,0,0,0,0,0,0,0,-27,0,0,0,13,96,5,0,1,0,1,1,3,57,2,49,0,1,0,1,,0,0,0,0,0,0,0,0,0,0,0,0,0,,,54,0,0,54,2,3,1,0,0.666666666666667,0,0,0,0,0,2,0,51,99,1,0,0,0,0,2,6,0,93
2018,12,CLE,REG,2018_12_CLE_CIN,CIN,19,26,258,4,0,0,0,0,0,256,114,14,22.3920373590081,12.4920848608017,0,10,7,6,0,35,84,1,0,0,7,-6.62824721552897,0,2,2,1,0,19,25,258,4,0,0,256,114,14,22.9669885981712,0,10,7,6,0,0,39,0,20,4,21,0,1,12,3,1,2,5,0,0,0,0,0,1,0,0,0,0,0,1,0,0,7,61,2,0,0,0,0,0,2,6,2,33,0,0,0,0,,,0,0,0,0,0,0,0,0,0,0,0,0,,,,0,0,0,5,5,0,0,1,0,0,0,0,0,4,0,56,188,1,0,1,0,0,3,57,0,131
2018,12,DAL,REG,2018_12_WAS_DAL,WAS,22,31,289,2,0,4,-31,0,0,182,196,11,7.8641438918723,-0.0538776959142377,0,10,3,3,2,34,146,2,1,0,8,-1.36733145249309,0,4,2,0,0,22,31,289,2,0,0,182,196,11,15.2658080801786,0,10,3,3,2,0,40,0,10,3,15,2,3,17,8,3,14,10,0,0,0,0,0,0,0,0,0,0,0,0,0,0,4,30,5,1,0,1,1,0,0,0,1,19,1,1,0,0,28,1,0,1,0,0,0,0,0,0,0,0,0,0,28,,,28,0,0,4,4,0,0,1,0,0,0,0,0,6,0,51,287,2,1,1,0,2,2,40,0,247
2018,12,DEN,REG,2018_12_PIT_DEN,PIT,15,28,197,2,0,2,-13,0,0,294,58,12,2.93981882435037,-7.24830999970436,0,10,3,2,0,23,124,1,0,0,5,2.17064667883734,0,4,4,1,0,15,28,197,2,0,0,294,58,12,5.90889047033852,0,10,3,2,0,0,43,5,27,2,12,2,2,12,5,2,15,5,0,0,0,0,0,1,0,0,0,0,0,1,0,0,6,50,1,0,0,0,0,0,1,6,0,0,1,1,0,0,41,1,0,0,0,1,0,0,0,0,0,0,0,0,41,,,41,0,0,3,3,0,0,1,0,0,0,0,0,6,0,51,282,1,0,1,0,2,3,6,0,276
2018,12,DET,REG,2018_12_CHI_DET,CHI,28,38,236,0,2,2,-14,0,0,146,154,12,-12.1997812288773,0.0251347148740614,0,9,4,2,1,24,111,2,0,0,4,1.59031705267262,0,1,1,1,0,28,37,236,0,0,0,146,154,12,-10.2963885738008,0,9,4,2,1,0,40,1,17,2,9,1,4,12,10,0,0,1,0,0,0,0,0,0,0,0,0,0,0,1,20,0,5,54,5,0,0,0,0,0,3,25,0,0,1,1,0,0,20,1,0,1,0,0,0,0,0,0,0,0,0,0,20,,,20,0,0,1,1,0,0,1,0,0,0,0,0,5,0,59,227,1,0,1,0,0,4,46,0,181
2018,12,GB,REG,2018_12_GB_MIN,MIN,17,28,198,1,0,4,-26,0,0,289,66,8,-4.14451807138907,-3.25230746357529,0,7,3,3,0,19,82,1,0,0,5,-3.35244959115516,0,1,0,0,0,17,27,198,1,0,0,289,66,8,3.06799978674458,0,7,3,3,0,0,43,5,23,6,32,0,2,17,4,0,0,1,0,1,0,0,0,0,0,0,0,0,0,0,0,0,4,20,5,0,1,0,1,1,3,36,1,23,1,1,0,0,38,1,0,0,1,0,0,0,0,0,0,0,0,0,38,,,38,0,0,2,2,0,0,1,0,0,0,0,0,6,0,56,276,3,1,1,1,1,2,20,0,236
2018,12,HOU,REG,2018_12_TEN_HOU,TEN,19,24,210,2,0,4,-29,0,0,189,88,11,8.11459425263122,12.3625169629636,0,9,3,3,0,34,281,2,0,0,7,7.3127728492357,0,6,6,3,1,19,23,210,2,0,0,189,88,11,16.8575863158912,0,9,3,3,0,0,35,6,30,8,43,2,6,43,8,0,0,0,0,0,0,0,0,0,0,0,0,1,0,1,0,0,3,53,3,1,0,0,1,0,3,37,1,30,2,2,0,0,47,1,0,0,0,2,0,0,0,0,0,0,0,0,43;47,,,90,0,0,4,4,0,0,1,0,0,0,0,0,5,0,55,224,2,0,0,1,2,2,19,0,185
2018,12,IND,REG,2018_12_MIA_IND,MIA,31,38,347,3,2,1,-10,1,0,300,206,17,13.7362469953209,12.3183804907297,0,12,8,6,0,26,118,0,0,0,6,-0.582621372710082,0,3,2,1,0,31,38,347,3,1,1,300,206,17,10.0755631926579,0,12,8,6,0,0,36,8,8,5,14,1,1,3,7,0,0,3,0,0,0,0,0,0,0,0,0,1,0,1,0,0,7,52,2,2,0,0,2,1,3,14,0,0,2,3,1,0,46,0.666666666666667,0,0,1,1,0,0,0,0,0,1,0,0,46;32,48,,78,48,0,3,3,0,0,1,1,1,0,0,32,3,0,49,103,1,0,0,0,2,1,0,0,103
2018,12,JAX,REG,2018_12_JAX_BUF,BUF,12,23,127,1,2,3,-20,0,0,176,70,6,-8.64921213361474,-10.9409591013735,0,5,2,2,0,39,226,2,0,0,13,7.98298808935215,0,10,6,1,1,12,22,127,1,0,0,176,70,6,-3.47788856507395,0,5,2,2,0,0,37,6,14,2,5,2,0,0,6,0,0,5,0,0,0,0,0,0,0,0,0,0,0,0,0,0,10,90,6,0,0,0,0,0,2,33,3,62,0,1,1,0,,0,0,0,0,0,0,0,0,0,0,1,0,0,,42,,0,42,0,3,3,0,0,1,0,0,0,0,0,6,0,55,287,3,1,1,0,1,3,13,0,274
2018,12,LAC,REG,2018_12_ARI_LAC,ARI,28,32,259,3,0,4,-23,1,1,133,142,17,10.8184783895367,21.0199053249052,0,11,5,3,0,30,178,3,0,0,11,9.1587147450482,0,5,4,2,0,28,31,259,3,0,0,133,142,17,21.1461586554169,0,11,5,3,0,0,33,1,21,4,22,0,2,18,2,1,3,3,0,0,0,0,0,0,0,0,0,0,0,0,0,0,4,30,5,1,0,0,1,1,2,28,3,87,1,1,0,0,31,1,0,0,1,0,0,0,0,0,0,0,0,0,31,,,31,0,0,6,6,0,0,1,0,0,0,0,0,2,0,53,105,1,0,1,0,0,1,26,0,79
2018,12,LV,REG,2018_12_OAK_BAL,BAL,16,34,194,1,0,3,-12,1,1,305,103,9,-3.90714448242602,-17.1940052148068,0,7,5,2,1,19,67,1,0,0,4,-1.5341874390142,0,3,2,0,0,16,33,194,1,0,0,305,103,9,5.27179681055327,0,7,5,2,1,0,46,1,19,2,6,0,1,4,1,2,0,7,0,0,0,0,0,0,0,0,0,0,0,0,0,0,4,24,4,1,0,0,1,1,1,-3,2,44,1,1,0,0,42,1,0,0,0,1,0,0,0,0,0,0,0,0,42,,,42,0,0,2,2,0,0,1,0,0,0,0,0,6,0,52,268,1,0,1,0,1,4,79,1,189
2018,12,MIA,REG,2018_12_MIA_IND,IND,17,25,204,2,0,1,-3,0,0,138,139,8,5.83238485044324,-0.563036898771922,0,7,3,3,1,25,113,1,0,0,5,1.01287197810598,0,3,2,1,0,17,24,204,2,1,1,138,139,8,4.31613627875679,0,7,3,3,1,0,52,6,10,3,13,2,1,10,3,2,-7,4,0,1,0,0,0,0,0,0,0,1,0,1,0,0,10,75,4,1,1,0,2,1,1,0,1,12,1,1,0,0,29,1,0,1,0,0,0,0,0,0,0,0,0,0,29,,,29,0,0,3,3,0,0,1,0,0,0,0,0,6,0,62,285,3,0,0,0,3,3,14,0,271
2018,12,MIN,REG,2018_12_GB_MIN,GB,29,38,342,3,0,2,-17,0,0,275,157,18,12.2528632469038,6.15926835988019,0,17,7,6,0,29,91,0,0,0,4,-11.6565524013537,0,2,1,0,0,29,37,342,3,0,0,275,157,18,16.688478353899,0,17,7,6,0,0,30,1,19,4,26,0,4,26,5,0,0,2,0,0,0,0,0,0,0,0,0,0,0,1,0,0,6,55,3,0,0,0,0,0,2,20,0,0,1,3,2,0,37,0.333333333333333,0,0,1,0,0,0,0,0,0,1,1,0,37,48;56,,37,104,0,3,3,0,0,1,0,0,0,0,0,4,0,59,183,1,0,0,0,1,3,36,0,147
2018,12,NE,REG,2018_12_NE_NYJ,NYJ,20,31,283,2,0,0,0,0,0,297,109,12,15.2407876635039,2.78277983268102,0,12,9,6,0,36,215,1,0,0,11,9.24625451100292,0,5,5,4,0,20,30,283,2,0,0,297,109,12,16.1083377879182,0,12,9,6,0,0,33,0,20,5,18,0,2,12,13,1,0,5,0,0,0,0,0,0,0,0,0,0,0,0,0,0,11,105,1,0,0,0,0,0,2,0,1,15,2,2,0,0,34,1,0,0,2,0,0,0,0,0,0,0,0,0,34;32,,,66,0,0,3,3,0,0,1,0,0,0,0,0,4,0,51,184,1,2,0,1,0,1,1,0,163
2018,12,NO,REG,2018_12_ATL_NO,ATL,15,22,171,4,1,2,-9,0,0,276,32,9,3.81842834455594,7.52616267312657,0,6,3,3,0,31,150,0,0,0,9,1.21624330163468,0,3,3,0,0,15,22,171,4,0,0,276,32,9,6.69914053217209,0,6,3,3,0,0,55,3,7,9,39,5,6,37,13,1,6,7,0,0,0,0,0,0,0,0,0,1,0,3,2,0,3,19,5,0,1,0,1,0,1,7,1,32,1,1,0,0,22,1,0,1,0,0,0,0,0,0,0,0,0,0,22,,,22,0,0,4,4,0,0,1,0,0,0,0,0,3,0,56,144,1,0,0,1,2,0,0,0,124
2018,12,NYG,REG,2018_12_NYG_PHI,PHI,26,37,297,1,1,2,-21,0,0,337,133,14,8.17802180981563,6.64799479213921,0,14,7,4,0,18,126,1,0,0,4,2.15493418864207,0,2,2,2,1,26,37,297,1,1,0,337,133,14,11.7918774350856,0,14,7,4,0,0,47,3,9,6,28,1,3,22,6,0,0,4,0,0,0,0,0,0,0,0,0,0,0,0,0,0,11,91,5,1,0,1,1,0,2,25,3,101,3,3,0,0,51,1,0,2,0,0,1,0,0,0,0,0,0,0,25;51;29,,,105,0,0,1,1,0,0,1,0,0,0,0,0,3,0,56,133,0,0,1,0,0,2,4,0,129
2018,12,NYJ,REG,2018_12_NE_NYJ,NE,26,45,276,1,1,2,-12,0,0,365,130,12,-3.52856471408247,-0.559256571095164,0,10,9,2,1,15,74,0,0,0,4,1.3377458374016,0,3,2,0,0,26,41,276,1,0,0,365,130,12,0.818295746807469,0,10,9,2,1,0,44,2,22,1,1,0,0,0,5,0,0,3,0,0,0,0,0,0,0,0,0,0,0,0,0,0,8,47,4,0,0,0,0,0,1,1,2,52,2,2,0,0,55,1,0,0,1,0,1,0,0,0,0,0,0,0,55;38,,,93,0,0,1,1,0,0,1,0,0,0,0,0,5,0,53,222,2,1,1,1,0,2,0,0,202
2018,12,PHI,REG,2018_12_NYG_PHI,NYG,20,28,236,1,0,3,-22,0,0,159,125,11,8.93741887006829,3.974734885352,0,14,5,3,0,29,127,1,0,0,6,-0.13612796851865,2,4,3,1,0,20,28,236,1,0,0,159,125,11,14.1574072073206,0,14,5,3,0,0,40,0,14,5,27,1,2,21,5,1,25,1,0,1,0,0,0,0,0,0,0,1,0,0,0,0,7,46,3,1,0,0,1,0,2,4,2,51,3,3,0,0,43,1,0,1,0,2,0,0,0,0,0,0,0,0,42;28;43,,,113,0,0,0,0,0,0,,1,1,0,0,43,4,0,59,201,2,0,0,1,1,2,25,0,156
2018,12,PIT,REG,2018_12_PIT_DEN,DEN,42,58,464,2,2,2,-12,0,0,409,240,19,14.8212518578583,5.11364381888817,0,14,6,4,1,16,75,0,0,0,4,1.63936875411309,0,2,1,0,0,42,58,464,2,2,2,409,240,19,4.37424776028628,0,14,6,4,1,0,30,1,11,1,6,0,2,13,5,0,0,6,0,2,0,0,0,0,0,0,0,1,0,0,0,0,5,34,5,2,2,2,4,2,3,6,0,0,1,2,0,1,41,0.5,0,0,0,1,0,0,0,0,0,0,0,0,41,,48,41,0,48,2,2,0,0,1,0,0,0,0,0,3,0,52,133,2,0,0,0,2,1,6,0,127
2018,12,SEA,REG,2018_12_SEA_CAR,CAR,22,31,339,2,0,2,-17,0,0,317,127,13,21.5056405771783,18.3913829071181,0,12,7,5,2,28,75,1,1,0,7,-6.41784082286176,0,4,3,0,0,22,28,339,2,0,0,317,127,13,25.7460862448004,0,12,7,5,2,0,39,0,32,2,6,4,0,0,1,1,0,2,0,0,0,0,0,0,0,0,0,0,0,0,0,0,4,36,6,1,0,1,1,0,0,0,0,0,3,3,0,0,33,1,0,0,3,0,0,0,0,0,0,0,0,0,33;30;31,,,94,0,0,3,3,0,0,1,1,1,0,0,31,3,0,62,158,0,0,1,0,0,2,19,0,139
2018,12,SF,REG,2018_12_SF_TB,TB,18,32,221,1,2,4,-27,1,0,269,112,12,-8.33738507173257,-8.32000528612445,0,10,6,3,0,24,148,0,0,0,9,2.97252156509785,0,8,4,2,0,18,31,221,1,0,0,269,112,12,-3.48838585737394,0,10,6,3,0,0,48,6,10,4,14,0,1,8,6,0,0,3,0,0,0,0,0,0,0,0,0,1,0,0,0,0,8,68,5,1,0,0,1,0,2,6,3,44,1,1,0,0,23,1,0,1,0,0,0,0,0,0,0,0,0,0,23,,,23,0,0,0,1,1,0,0,0,0,0,0,0,6,0,56,260,3,1,1,0,3,1,6,0,254
2018,12,TB,REG,2018_12_SF_TB,SF,29,38,312,2,0,1,-8,0,0,372,102,15,16.3414678405676,13.0637819437604,0,10,3,3,1,31,108,1,0,0,9,-6.27749781269813,0,4,3,1,0,29,38,312,2,0,0,372,102,15,18.032007204805,0,10,3,3,1,0,46,3,3,6,35,1,4,27,9,2,6,6,0,0,0,0,0,0,0,0,0,0,0,0,0,0,9,70,3,0,0,0,0,0,1,6,0,0,2,2,0,0,41,1,0,0,1,1,0,0,0,0,0,0,0,0,41;39,,,80,0,0,3,3,0,0,1,0,0,0,0,0,5,0,56,230,2,1,0,0,2,2,6,0,224
2018,12,TEN,REG,2018_12_TEN_HOU,HOU,22,23,303,2,0,6,-43,1,0,114,190,10,8.55661821443411,19.4939486358477,0,12,5,4,2,23,105,0,0,0,3,-4.28103549632942,0,2,2,1,0,22,23,303,2,1,1,114,190,10,14.3008756575529,0,12,5,4,2,0,33,6,42,1,10,1,4,29,6,0,0,0,0,0,0,0,0,0,0,0,0,1,0,0,0,0,7,50,4,2,0,0,2,1,2,19,2,56,1,1,0,0,31,1,0,0,1,0,0,0,0,0,0,0,0,0,31,,,31,0,0,2,2,0,0,1,0,0,0,0,0,6,0,59,298,2,1,1,0,1,3,37,0,261
2018,12,WAS,REG,2018_12_WAS_DAL,DAL,24,38,268,2,3,3,-17,1,0,324,103,12,-5.2889878033632,-4.25625325817811,0,10,6,3,1,20,80,1,0,0,5,0.65850439685164,0,2,1,0,0,24,38,268,2,1,0,324,103,12,-1.06002788993945,0,10,6,3,1,0,45,0,26,6,21,1,4,31,8,0,0,4,0,0,0,0,0,0,0,0,0,1,0,0,0,0,4,25,5,2,0,1,2,0,2,40,1,44,1,1,0,0,31,1,0,0,1,0,0,0,0,0,0,0,0,0,31,,,31,0,0,2,3,1,0,0.666666666666667,0,0,0,0,0,5,0,54,228,4,1,2,0,2,0,0,0,228
2018,13,ARI,REG,2018_13_ARI_GB,GB,11,26,149,0,0,2,-16,0,0,250,31,8,-2.06605818492404,-15.4071425398191,0,5,3,3,0,29,182,2,1,0,8,6.18597799332929,0,4,4,3,0,11,24,149,0,0,0,250,31,8,3.03989118899175,0,5,3,3,0,0,50,6,8,5,12,0,1,6,4,0,0,2,0,0,0,0,0,0,0,0,0,2,0,0,0,0,7,49,1,1,2,1,3,0,3,14,0,0,2,2,0,0,44,1,0,0,0,2,0,0,0,0,0,0,0,0,44;44,,,88,0,0,2,2,0,0,1,1,1,0,0,44,6,0,64,269,3,0,3,0,1,2,25,0,244
2018,13,ATL,REG,2018_13_BAL_ATL,BAL,16,27,131,1,0,3,-34,1,1,311,47,6,-15.5631958065319,-3.81944676240285,0,6,2,0,0,15,34,0,0,0,5,-6.79343493568013,0,1,0,0,0,16,27,131,1,1,0,311,47,6,-2.73001699441782,0,6,2,0,0,0,55,0,24,2,9,3,2,8,2,0,0,0,0,0,0,0,0,0,0,0,0,1,0,1,74,1,8,82,5,2,0,0,2,1,1,18,0,0,1,1,0,0,44,1,0,0,0,1,0,0,0,0,0,0,0,0,44,,,44,0,0,1,1,0,0,1,0,0,0,0,0,5,0,55,252,3,0,0,1,3,1,4,0,228
2018,13,BAL,REG,2018_13_BAL_ATL,ATL,15,26,167,0,0,2,-8,1,1,250,67,9,-8.06361025556079,-7.32684797048569,0,7,4,2,0,49,207,1,3,0,12,0.521111785405938,0,5,4,0,0,15,25,167,0,0,0,250,67,9,4.53050848985468,0,7,4,2,0,0,30,0,4,5,26,2,3,34,8,0,0,3,0,0,0,0,0,0,0,0,0,3,0,1,12,1,9,88,4,3,1,0,4,1,1,4,2,36,4,4,0,0,47,1,0,1,0,3,0,0,0,0,0,0,0,0,41;21;45;47,,,154,0,0,2,2,0,0,1,0,0,0,0,0,3,0,65,142,1,0,0,1,1,1,18,0,104
2018,13,BUF,REG,2018_13_BUF_MIA,MIA,18,33,231,2,2,2,-14,1,0,518,79,10,-1.81752044366293,8.92002912504333,1,10,6,5,0,31,198,0,1,0,10,5.83607009111438,0,8,6,3,0,18,28,231,2,0,0,518,79,10,3.68737596217279,1,10,6,5,0,0,30,5,19,6,30,0,3,22,9,1,0,4,0,1,0,0,0,0,0,0,0,2,0,0,0,0,13,120,6,1,2,0,3,1,1,0,2,31,1,2,1,0,32,0.5,0,0,1,0,0,0,0,0,0,0,1,0,32,55,,32,55,0,0,1,1,0,0,0,0,0,0,0,4,0,53,183,2,1,1,0,0,2,6,0,177
2018,13,CAR,REG,2018_13_CAR_TB,TB,28,42,300,2,4,4,-24,0,0,421,145,17,-10.2357749974213,4.17930334806442,0,16,5,4,0,19,168,0,0,0,8,7.4452564343228,0,7,5,1,1,28,41,300,2,0,0,421,145,17,-3.92204287564129,0,16,5,4,0,0,40,7,11,7,31,0,4,29,6,0,0,6,0,1,0,0,0,0,0,0,0,0,0,1,0,0,7,104,3,0,1,1,1,0,3,6,2,35,1,1,0,0,37,1,0,0,1,0,0,0,0,0,0,0,0,0,37,,,37,0,0,2,2,0,0,1,0,0,0,0,0,2,0,59,113,0,0,0,1,0,1,0,0,93
2018,13,CHI,REG,2018_13_CHI_NYG,NYG,27,40,286,2,2,5,-28,1,0,363,90,13,-3.90893121756505,4.54796053469181,0,8,5,4,1,32,118,1,3,0,5,-0.621806495590136,0,3,2,2,0,27,40,286,2,1,1,363,90,13,-3.42629834287925,0,8,5,4,1,0,30,25,29,6,30,0,3,22,6,1,8,8,0,1,0,0,0,0,0,0,0,5,-20,0,0,0,8,58,6,3,3,0,6,1,2,16,2,24,2,2,0,0,36,1,0,1,1,0,0,0,0,0,0,0,0,0,36;21,,,57,0,0,3,3,0,0,1,0,0,0,0,0,6,0,65,303,1,0,2,0,1,3,36,0,267
2018,13,CIN,REG,2018_13_DEN_CIN,DEN,25,37,236,1,1,4,-34,1,1,201,156,12,-8.82155668935217,-1.97036084201601,0,9,6,5,0,23,111,0,0,0,6,-2.74067253968678,0,4,3,1,0,25,36,236,1,0,0,201,156,12,2.89766043475186,0,9,6,5,0,0,42,0,16,6,18,1,2,8,4,0,0,2,0,1,0,0,0,0,0,0,0,0,0,1,0,0,12,100,5,1,1,0,2,2,2,4,1,29,1,1,0,0,35,1,0,0,1,0,0,0,0,0,0,0,0,0,35,,,35,0,0,1,1,0,0,1,0,0,0,0,0,7,0,69,303,1,1,2,1,0,3,6,0,277
2018,13,CLE,REG,2018_13_CLE_HOU,HOU,29,43,397,1,3,0,0,0,0,400,189,15,-4.31181405433733,4.42683264613152,0,12,12,7,1,9,31,1,0,0,3,-0.824783516523894,0,1,0,0,0,29,40,397,1,1,1,400,189,15,-9.20431875328347,0,12,12,7,1,0,45,4,40,5,27,2,4,27,7,0,0,2,0,0,0,0,0,0,0,0,0,0,0,0,0,0,6,45,5,1,0,0,1,1,0,0,5,107,0,0,0,0,,,0,0,0,0,0,0,0,0,0,0,0,0,,,,0,0,0,1,1,0,0,1,0,0,0,0,0,2,0,51,91,0,0,0,1,0,1,0,0,71
2018,13,DAL,REG,2018_13_NO_DAL,NO,24,28,249,1,0,7,-40,2,1,188,136,11,2.72859586257873,13.7464001774788,0,11,3,1,1,31,99,0,0,0,7,-9.79474725207547,0,3,2,1,0,24,28,249,1,1,1,188,136,11,10.2646043270361,0,11,3,1,1,0,32,2,20,2,16,2,2,16,5,1,7,6,0,0,0,0,0,0,0,0,0,1,0,0,0,0,8,80,2,3,0,0,3,2,1,8,0,0,2,2,0,0,46,1,0,1,0,1,0,0,0,0,0,0,0,0,26;46,,,72,0,0,1,1,0,0,1,0,0,0,0,0,3,0,52,153,1,0,0,0,0,3,17,0,136
2018,13,DEN,REG,2018_13_DEN_CIN,CIN,12,21,151,1,0,2,-8,0,0,135,56,6,2.76951644625418,-4.65519632163801,0,6,4,3,0,34,218,2,1,1,9,0.45216460214305,0,7,3,1,1,12,19,151,1,0,0,135,56,6,8.04163719541975,0,6,4,3,0,0,47,0,12,5,27,1,4,34,10,1,8,3,0,0,0,0,0,0,0,0,0,0,0,2,4,0,7,60,3,1,0,0,1,1,3,6,0,0,1,2,1,0,29,0.5,0,1,0,0,0,0,0,0,0,0,1,0,29,50,,29,50,0,3,3,0,0,1,0,0,0,0,0,6,0,58,260,4,2,0,0,2,2,4,0,256
2018,13,DET,REG,2018_13_LA_DET,LA,20,34,245,1,1,4,-37,1,1,279,108,14,-9.29437667844081,-5.81168460123467,0,12,5,4,0,26,102,0,0,0,5,-5.14435517488576,0,2,1,1,0,20,33,245,1,0,0,279,108,14,2.17968164137369,0,12,5,4,0,0,40,0,18,1,10,1,2,12,4,1,4,4,0,0,0,0,0,0,0,0,0,0,0,1,0,0,8,54,5,1,0,0,1,1,0,0,0,0,3,3,0,0,35,1,0,2,1,0,0,0,0,0,0,0,0,0,28;29;35,,,92,0,0,1,1,0,0,1,0,0,0,0,0,6,0,58,286,2,0,2,0,1,3,18,0,268
2018,13,GB,REG,2018_13_ARI_GB,ARI,31,50,233,1,0,1,-6,0,0,424,124,15,2.5203272694327,-3.52687158932289,0,10,2,0,0,23,98,1,0,0,6,-2.14754939329578,0,3,2,1,0,31,48,233,1,0,0,424,124,15,6.93662354130191,0,10,2,0,0,0,30,9,15,2,16,1,2,16,3,0,0,5,0,0,0,0,0,0,0,0,0,0,0,0,0,0,7,43,6,0,0,0,0,0,2,25,3,72,1,2,1,0,32,0.5,0,0,1,0,0,0,0,0,0,1,0,0,32,49,,32,49,0,2,2,0,0,1,0,0,0,0,0,7,0,57,339,2,0,2,2,0,3,14,0,285
2018,13,HOU,REG,2018_13_CLE_HOU,CLE,22,31,224,1,0,4,-27,0,0,232,108,12,5.39221787243029,5.41195643359217,0,11,3,2,0,39,187,0,0,0,11,0.237166066013742,0,5,4,1,0,22,29,224,1,1,0,232,108,12,12.3109569529176,0,11,3,2,0,0,31,4,14,3,7,1,0,0,1,3,56,8,1,1,0,0,0,0,0,0,0,1,0,1,9,0,5,77,1,2,0,1,2,0,1,0,1,23,5,5,0,0,53,1,0,0,2,2,1,0,0,0,0,0,0,0,35;42;48;53;38,,,216,0,0,2,2,0,0,1,0,0,0,0,0,3,0,52,114,3,0,1,0,2,0,0,0,114
2018,13,IND,REG,2018_13_IND_JAX,JAX,33,52,248,0,1,3,-24,0,0,355,128,15,-11.0006523288903,0.679306328296661,0,9,3,1,0,16,41,0,1,1,1,-10.52927970991,0,1,0,0,0,33,50,248,0,0,0,355,128,15,-3.48282280244166,0,9,3,1,0,0,39,2,22,6,25,2,3,18,7,0,0,1,0,0,0,0,0,0,0,0,0,0,0,1,0,0,6,65,6,1,0,0,1,1,2,13,0,0,0,0,0,0,,,0,0,0,0,0,0,0,0,0,0,0,0,,,,0,0,0,0,0,0,0,,0,0,0,0,0,6,0,57,298,3,0,0,2,3,1,8,0,250
2018,13,JAX,REG,2018_13_IND_JAX,IND,18,24,150,0,0,3,-18,1,0,118,115,7,-1.32639624350381,10.678217085925,0,7,3,1,0,27,79,0,1,1,2,-14.0780428556994,0,1,0,0,0,18,22,150,0,0,0,118,115,7,5.63203016656917,0,7,3,1,0,0,47,1,11,4,25,1,3,24,9,1,10,7,0,0,0,0,0,0,0,0,0,1,0,1,0,0,8,74,4,2,0,0,2,1,1,8,0,0,2,2,0,0,37,1,0,0,2,0,0,0,0,0,0,0,0,0,30;37,,,67,0,0,0,0,0,0,,0,0,0,0,0,7,0,56,329,2,2,0,0,3,2,13,0,316
2018,13,KC,REG,2018_13_KC_OAK,LV,23,38,295,4,0,0,0,0,0,450,106,14,17.3645093992351,4.51517894461348,0,12,8,5,0,30,174,1,0,0,8,3.82602918176517,0,5,5,2,0,23,37,295,4,1,1,450,106,14,12.8992254079318,0,12,8,5,0,0,47,8,20,4,10,4,3,14,6,0,0,2,0,0,0,0,0,0,0,0,0,0,0,3,0,0,11,94,3,1,0,0,1,1,0,0,5,80,2,2,0,0,50,1,0,1,0,0,1,0,0,0,0,0,0,0,29;50,,,79,0,0,4,5,0,1,0.8,0,0,0,0,0,3,0,45,123,0,0,1,0,2,0,0,0,123
2018,13,LA,REG,2018_13_LA_DET,DET,17,33,207,1,1,2,-12,1,1,348,58,12,-5.03163228577781,-11.8044816888869,0,8,5,2,0,29,149,2,0,0,9,5.26665897971437,0,4,4,2,0,17,32,207,1,0,0,348,58,12,3.68470138690102,0,8,5,2,0,0,45,1,9,9,33,1,4,37,12,1,0,3,0,0,0,0,0,0,0,0,0,0,0,1,0,0,7,105,4,1,0,0,1,1,3,18,2,52,3,3,0,0,48,1,0,1,0,2,0,0,0,0,0,0,0,0,24;47;48,,,119,0,0,3,3,0,0,1,0,0,0,0,0,3,0,55,151,1,0,1,1,1,0,0,0,131
2018,13,LAC,REG,2018_13_LAC_PIT,PIT,26,36,299,2,0,2,-13,0,0,241,131,17,18.2820476534709,6.135410318772,2,15,6,3,1,22,85,1,0,0,4,-1.12737397802994,0,3,2,0,0,26,36,299,2,0,0,241,131,17,21.0353168001331,2,15,6,3,1,1,29,8,26,1,10,0,1,10,2,1,23,8,0,0,0,0,0,0,0,0,0,0,0,0,0,0,5,80,1,0,0,0,0,0,1,73,1,21,1,2,1,0,29,0.5,0,1,0,0,0,0,0,0,0,0,1,0,29,52,,29,52,0,2,2,0,0,1,1,1,0,0,29,4,0,52,145,1,0,0,0,2,2,9,0,136
2018,13,LV,REG,2018_13_KC_OAK,KC,29,38,285,3,0,3,-14,1,0,317,112,16,12.4763739764318,12.8632256308117,0,11,7,5,0,28,171,1,3,3,10,-9.27896537217009,0,5,5,2,0,29,37,285,3,0,0,317,112,16,16.2792492596061,0,11,7,5,0,0,38,7,17,1,2,1,0,0,5,0,0,3,0,0,0,0,1,0,0,0,0,1,0,1,0,0,8,74,4,4,0,0,4,3,0,0,3,66,2,2,0,0,50,1,0,0,0,1,1,0,0,0,0,0,0,0,50;44,,,94,0,0,3,3,0,0,1,0,0,0,0,0,2,0,39,61,1,1,0,0,1,0,0,0,61
2018,13,MIA,REG,2018_13_BUF_MIA,BUF,16,24,137,3,1,3,-22,0,0,241,38,10,-0.657610896509141,4.11279213925203,0,7,1,0,0,23,60,0,0,0,2,-4.86508061864879,0,2,1,1,0,16,24,137,3,0,0,241,38,10,4.12904183240607,0,7,1,0,0,0,44,1,13,8,31,1,2,14,7,2,20,4,0,1,0,0,0,0,0,0,0,1,0,1,0,0,8,89,2,0,1,0,1,0,2,6,1,0,0,0,0,0,,,0,0,0,0,0,0,0,0,0,0,0,0,,,,0,0,0,3,3,0,0,1,0,0,0,0,0,7,0,56,320,2,0,3,0,3,1,0,0,320
2018,13,MIN,REG,2018_13_MIN_NE,NE,32,44,201,1,2,2,-18,0,0,298,107,11,-11.6060628707868,2.46527486226775,0,5,2,2,0,13,95,0,0,0,5,3.05013222433627,0,3,3,1,0,32,44,201,1,0,0,298,107,11,-7.57026041167538,0,5,2,2,0,0,47,1,29,1,4,0,0,0,1,1,0,3,0,0,0,0,0,0,0,0,0,0,0,0,0,0,5,55,5,0,0,0,0,0,1,4,2,61,1,2,1,0,39,0.5,0,0,1,0,0,0,0,0,0,1,0,0,39,48,,39,48,0,1,1,0,0,1,0,0,0,0,0,5,0,53,228,2,1,0,0,1,3,29,0,199
2018,13,NE,REG,2018_13_MIN_NE,MIN,24,32,311,1,1,0,0,0,0,123,228,14,9.38792564845611,1.62655357271433,0,12,6,5,1,39,160,2,0,0,11,-1.67685654037632,0,4,3,1,0,24,32,311,1,0,0,123,228,14,9.38792564845611,0,12,6,5,1,0,37,0,20,3,20,0,2,18,6,2,6,3,0,0,0,0,0,0,0,0,0,0,0,0,0,0,7,60,3,0,0,0,0,0,3,29,2,55,1,2,1,0,20,0.5,0,1,0,0,0,0,0,0,0,1,0,0,20,48,,20,48,0,3,3,0,0,1,0,0,0,0,0,4,0,52,166,2,1,0,1,1,1,4,0,142
2018,13,NO,REG,2018_13_NO_DAL,DAL,18,28,127,1,1,2,-16,1,0,113,74,6,-9.37603598473292,-9.38465627176421,0,4,1,1,0,19,65,0,0,0,4,-7.6309493482695,0,1,1,0,0,18,28,127,1,1,0,113,74,6,-7.82608752960736,0,4,1,1,0,0,41,1,39,7,33,3,7,40,7,0,0,0,0,1,0,0,0,0,0,0,0,2,0,2,0,0,5,48,6,2,1,1,3,0,3,17,2,47,1,1,0,0,33,1,0,0,1,0,0,0,0,0,0,0,0,0,33,,,33,0,0,1,1,0,0,1,0,0,0,0,0,4,0,57,206,1,1,0,1,1,1,8,0,178
2018,13,NYG,REG,2018_13_CHI_NYG,CHI,20,36,219,2,1,3,-22,0,0,277,79,13,-2.07112076493648,-11.2532662493842,0,9,3,2,1,29,141,0,0,0,4,-4.13151649502486,0,4,3,2,0,20,35,219,2,0,0,277,79,13,2.16729464947277,0,9,3,2,1,0,47,18,20,8,51,3,5,28,6,2,28,7,1,0,0,0,0,0,0,0,0,0,0,1,0,0,12,107,6,0,0,0,0,0,3,36,3,56,3,3,0,0,57,1,0,0,1,1,1,0,0,0,0,0,0,0,57;37;44,,,138,0,0,3,3,0,0,1,0,0,0,0,0,7,0,54,311,1,1,2,0,2,2,16,0,295
2018,13,NYJ,REG,2018_13_NYJ_TEN,TEN,17,30,128,0,1,2,-4,0,0,250,72,8,-6.87784755792529,-7.4345874786377,0,6,3,1,0,33,156,0,0,0,6,-1.4612162101925,0,3,3,1,0,17,30,128,0,0,0,250,72,8,-4.94274112009736,0,6,3,1,0,0,29,6,18,4,14,1,3,9,7,1,31,3,1,0,0,1,1,0,1,0,0,0,0,0,0,0,11,96,2,0,0,0,0,0,1,4,2,82,5,5,0,0,54,1,0,0,3,1,1,0,0,0,0,0,0,0,54;34;43;39;39,,,209,0,0,1,1,0,0,1,0,0,0,0,0,6,0,67,267,1,1,1,2,2,0,0,0,227
2018,13,PHI,REG,2018_13_WAS_PHI,WAS,27,39,306,2,1,0,0,0,0,245,184,18,13.5596614237054,5.92876868812661,1,12,7,4,0,33,130,1,1,0,8,-5.5743380310887,0,5,3,0,0,27,38,306,2,1,0,245,184,18,14.6131933790139,1,12,7,4,0,0,35,0,4,9,37,2,3,19,9,1,8,2,0,0,0,0,0,0,0,0,0,2,0,0,0,0,5,38,3,2,1,1,3,0,3,19,1,22,2,2,0,0,46,1,0,0,0,2,0,0,0,0,0,0,0,0,46;44,,,90,0,0,2,2,0,0,1,0,0,0,0,0,2,0,50,93,1,0,0,0,1,1,1,0,92
2018,13,PIT,REG,2018_13_LAC_PIT,LAC,29,45,281,2,1,1,-10,0,0,376,108,15,5.87617932447903,-3.92661843034956,0,9,3,2,1,17,65,2,0,0,5,1.0721562448598,0,1,1,1,0,29,45,281,2,0,0,376,108,15,7.40856059688814,0,9,3,2,1,0,32,11,23,3,15,0,2,13,9,0,0,5,0,1,0,0,0,0,0,0,0,1,0,0,0,0,7,59,4,0,1,0,1,0,2,9,3,47,1,1,0,0,48,1,0,0,0,1,0,0,0,0,0,0,0,0,48,,,48,0,0,3,4,1,0,0.75,0,0,0,0,0,4,0,63,204,2,1,1,0,1,1,73,1,131
2018,13,SEA,REG,2018_13_SF_SEA,SF,11,17,185,4,0,3,-22,0,0,147,97,7,10.7467205887596,2.57149487733841,0,5,5,4,2,29,168,1,0,0,8,6.52955651900265,0,6,5,2,0,11,17,185,4,0,0,147,97,7,15.6488190245582,0,5,5,4,2,0,48,5,19,5,34,1,3,28,15,1,98,5,1,0,0,0,0,0,1,0,0,0,0,2,11,0,10,100,4,0,0,0,0,0,1,-4,2,111,1,1,0,0,40,1,0,0,0,1,0,0,0,0,0,0,0,0,40,,,40,0,0,4,6,2,0,0.666666666666667,0,0,0,0,0,4,0,56,199,1,0,0,0,1,3,13,0,186
2018,13,SF,REG,2018_13_SF_SEA,SEA,30,48,414,2,1,3,-28,0,0,202,243,18,5.72887913441598,4.94443703265417,0,14,7,6,1,23,66,0,1,1,4,-12.4800088386545,0,2,0,0,0,30,42,414,2,0,0,202,243,18,16.276067486353,0,14,7,6,1,0,27,7,23,4,23,0,3,22,7,0,0,1,0,1,0,0,0,0,0,0,0,1,-14,0,0,0,13,128,5,1,2,0,3,2,3,13,4,109,1,1,0,0,45,1,0,0,0,1,0,0,0,0,0,0,0,0,45,,,45,0,0,1,1,0,0,1,0,0,0,0,0,5,0,48,202,2,0,0,0,4,1,-4,0,206
2018,13,TB,REG,2018_13_CAR_TB,CAR,20,30,249,2,0,4,-29,0,0,234,98,11,9.27688844004297,1.14020506540934,0,12,5,2,1,25,95,1,1,1,5,-10.1683651111385,0,4,3,0,0,20,30,249,2,0,0,234,98,11,15.1312221145781,0,12,5,2,1,0,45,4,6,5,25,0,4,24,10,4,71,10,0,1,0,0,0,0,0,0,0,1,0,0,0,0,9,69,4,0,2,0,2,1,1,0,0,0,1,1,0,0,35,1,0,0,1,0,0,0,0,0,0,0,0,0,35,,,35,0,0,3,3,0,0,1,0,0,0,0,0,6,0,55,267,2,0,1,1,1,3,6,0,241
2018,13,TEN,REG,2018_13_NYJ_TEN,NYJ,20,35,282,2,1,3,-9,0,0,364,113,11,-8.27238945509022,-2.03824106490973,0,10,7,6,2,22,130,1,1,0,6,2.98930244747316,0,6,4,1,0,20,33,282,2,0,0,364,113,11,-2.78956681772549,0,10,7,6,2,0,39,5,27,4,12,0,2,4,6,1,0,5,0,0,0,0,0,0,0,0,0,2,0,0,0,0,8,75,3,1,1,0,2,0,0,0,1,35,2,2,0,0,33,1,0,1,1,0,0,0,0,0,0,0,0,0,24;33,,,57,0,0,2,3,0,1,0.666666666666667,0,0,0,0,0,6,1,53,266,1,2,0,1,2,1,4,0,242
2018,13,WAS,REG,2018_13_WAS_PHI,PHI,17,25,150,0,1,3,-19,1,0,160,97,4,-8.30077705127598,2.30729753772418,0,5,2,2,0,14,104,1,1,0,4,2.23455706273671,0,1,1,1,1,17,24,150,0,0,0,160,97,4,-4.85534481922343,0,5,2,2,0,0,52,0,10,3,7,2,0,0,4,1,40,3,0,0,0,0,0,0,0,0,0,2,0,0,0,0,10,69,3,2,0,0,2,0,1,1,0,0,2,2,0,0,47,1,0,0,0,2,0,0,0,0,0,0,0,0,44;47,,,91,0,0,1,1,0,0,1,0,0,0,0,0,6,0,59,290,2,0,0,0,3,3,19,0,271
2018,14,ARI,REG,2018_14_DET_ARI,DET,26,41,240,0,1,3,-22,0,0,380,62,17,-12.9900564334002,-2.98105852632988,0,17,5,0,0,21,61,0,1,0,2,-8.43221904459642,0,2,0,0,0,26,41,240,0,1,0,380,59,17,-7.38344573721943,0,17,5,0,0,0,43,0,8,5,11,1,1,5,2,0,0,1,0,0,0,0,0,0,0,0,0,2,0,1,-2,0,8,83,4,2,0,0,2,0,5,26,1,17,1,2,1,0,22,0.5,0,1,0,0,0,0,0,0,0,0,1,0,22,54,,22,54,0,0,0,0,0,,0,0,0,0,0,6,0,57,299,3,0,0,1,2,3,8,0,271
2018,14,ATL,REG,2018_14_ATL_GB,GB,28,42,262,3,1,2,-25,1,0,353,106,16,6.57710778697295,-0.319605036860421,0,11,4,1,0,24,107,0,0,0,5,-6.02495076286141,0,3,3,0,0,28,42,262,3,1,0,353,106,16,11.9286993381102,0,11,4,1,0,0,36,7,21,8,43,0,4,34,5,0,0,4,0,0,0,0,0,0,0,0,0,2,0,0,0,0,13,101,5,1,2,0,3,1,1,14,5,109,0,1,1,0,,0,0,0,0,0,0,0,0,0,0,0,1,0,,53,,0,53,0,2,3,1,0,0.666666666666667,0,0,0,0,0,4,0,55,200,1,0,1,0,1,2,0,0,200
2018,14,BAL,REG,2018_14_BAL_KC,KC,13,26,147,2,0,2,-20,1,1,307,43,12,6.16761883692512,-9.94463184705147,0,9,3,1,0,40,194,1,0,0,10,-0.770653671759646,0,4,3,1,0,13,26,147,2,0,0,307,43,12,12.1441176270686,0,9,3,1,0,0,52,2,18,6,30,0,2,17,15,1,5,4,0,0,0,0,0,0,0,0,0,0,0,0,0,0,11,112,5,1,0,0,1,1,1,55,1,30,1,1,0,0,28,1,0,1,0,0,0,0,0,0,0,0,0,0,28,,,28,0,0,3,3,0,0,1,0,0,0,0,0,3,0,54,158,1,1,0,0,0,2,13,0,145
2018,14,BUF,REG,2018_14_NYJ_BUF,NYJ,18,37,206,0,2,3,-14,1,1,310,81,9,-6.77557766169967,-11.7667338677815,0,9,4,1,0,31,176,2,0,0,10,7.99398600781569,0,6,6,2,0,18,35,206,0,0,0,310,81,9,2.25082912848838,0,9,4,1,0,0,31,14,16,3,7,1,0,0,0,1,2,4,0,0,0,0,0,0,0,0,0,0,0,1,0,0,7,47,6,1,0,0,1,1,1,4,5,101,3,4,1,0,36,0.75,0,1,2,0,0,0,0,0,0,0,1,0,31;29;36,54,,96,54,0,2,2,0,0,1,0,0,0,0,0,1,0,40,40,1,0,0,0,1,0,0,0,40
2018,14,CAR,REG,2018_14_CAR_CLE,CLE,27,43,298,0,1,1,-1,0,0,283,151,14,-1.93648121835813,-1.85010223871186,0,11,7,5,1,25,96,2,0,0,6,2.22715812918389,0,2,1,1,0,27,42,298,0,0,0,283,151,14,-0.856281351104004,0,11,7,5,1,0,27,0,16,3,8,2,1,6,1,0,0,1,0,0,0,0,0,0,0,0,0,0,0,2,0,0,10,68,5,0,0,0,0,0,1,6,2,50,2,2,0,0,34,1,0,0,2,0,0,0,0,0,0,0,0,0,30;34,,,64,0,0,2,2,0,0,1,0,0,0,0,0,4,0,54,158,2,1,0,0,2,1,19,0,139
2018,14,CHI,REG,2018_14_LA_CHI,LA,16,30,110,1,3,1,-10,0,0,223,51,6,-14.5116091457107,-10.6674114508288,0,3,1,0,0,35,194,0,0,0,9,1.05412841918885,0,6,5,3,0,16,28,110,1,0,0,223,51,6,-11.3101208162321,0,3,1,0,0,0,38,1,9,5,31,1,3,25,7,4,34,11,0,0,1,0,0,0,0,0,0,0,0,0,0,0,6,45,4,0,0,0,0,0,1,22,2,20,2,3,1,0,39,0.666666666666667,0,0,2,0,0,0,0,0,1,0,0,0,39;31,38,,70,38,0,1,1,0,0,1,0,0,0,0,0,5,0,57,229,4,0,2,1,2,0,0,0,209
2018,14,CIN,REG,2018_14_CIN_LAC,LAC,18,27,170,1,0,3,-19,0,0,163,81,9,3.32667257393235,4.85913532972336,0,6,3,2,0,32,144,1,0,0,8,-1.63007750117686,0,4,4,0,0,18,25,170,1,0,0,163,81,9,7.81554061392126,0,6,3,2,0,0,36,3,15,3,17,0,2,17,3,0,0,6,0,0,0,0,0,0,0,0,0,0,0,0,0,0,6,34,6,0,0,0,0,0,2,23,6,121,3,3,0,0,47,1,0,1,0,2,0,0,0,0,0,0,0,0,47;23;46,,,116,0,0,0,0,0,0,,0,0,0,0,0,3,0,50,132,3,0,1,0,1,1,0,0,132
2018,14,CLE,REG,2018_14_CAR_CLE,CAR,18,23,238,1,0,1,-6,0,0,273,73,5,7.36855475677086,12.0289381431497,0,6,3,3,2,21,116,2,0,0,6,1.7794879822759,0,3,3,2,1,18,23,238,1,2,2,273,75,5,0.294555955826318,0,6,3,3,2,0,43,2,20,3,10,0,1,1,4,1,7,4,0,0,0,0,0,0,0,0,0,1,0,0,0,0,7,52,0,2,1,0,3,2,1,19,1,2,2,2,0,0,49,1,0,0,0,2,0,0,0,0,0,0,0,0,49;41,,,90,0,0,2,3,1,0,0.666666666666667,0,0,0,0,0,3,0,49,143,0,0,0,0,2,1,6,0,137
2018,14,DAL,REG,2018_14_PHI_DAL,PHI,42,54,455,3,2,3,-21,1,1,429,225,23,12.3479311810899,11.2012038253388,0,18,8,4,1,36,142,0,0,0,6,-6.38672471918818,0,5,3,1,0,42,53,455,3,0,0,429,225,23,19.1417044772627,0,18,8,4,1,0,33,0,12,5,16,1,2,6,5,0,0,3,0,0,0,0,0,0,0,0,0,1,-6,1,0,0,11,110,6,1,1,0,2,1,2,14,2,27,3,4,1,0,62,0.75,0,2,0,0,0,1,0,0,0,1,0,0,28;62;21,45,,111,45,0,2,2,0,0,1,0,0,0,0,0,2,0,63,102,1,0,1,0,0,1,9,0,93
2018,14,DEN,REG,2018_14_DEN_SF,SF,24,42,186,1,0,2,-15,1,0,219,72,9,-6.69117012119386,-2.84627425043206,0,7,3,1,0,27,103,1,0,0,8,-0.540333145792829,0,3,2,1,0,24,38,186,1,1,0,219,72,9,0.639936482650228,0,7,3,1,0,0,43,6,12,5,33,2,3,27,9,1,0,6,0,0,0,0,0,0,0,0,0,3,0,0,0,0,11,62,5,2,2,1,4,0,3,20,5,66,0,0,0,0,,,0,0,0,0,0,0,0,0,0,0,0,0,,,,0,0,0,2,2,0,0,1,0,0,0,0,0,6,0,55,287,2,0,1,1,1,3,26,0,241
2018,14,DET,REG,2018_14_DET_ARI,ARI,15,23,101,0,0,1,-5,0,0,149,74,6,-5.58661037823185,-6.35169311003252,0,5,3,0,0,31,122,1,0,0,7,-0.339246857994382,0,3,3,0,0,15,22,101,0,1,1,149,74,6,-8.85367855534423,0,5,3,0,0,0,49,1,17,6,35,2,3,22,8,1,67,5,1,1,0,0,0,0,0,0,0,1,0,0,0,0,7,68,2,1,1,0,2,1,3,8,0,0,1,1,0,0,47,1,0,0,0,1,0,0,0,0,0,0,0,0,47,,,47,0,0,2,2,0,0,1,0,0,0,0,0,7,0,51,317,4,0,0,0,2,5,26,0,291
2018,14,GB,REG,2018_14_ATL_GB,ATL,21,32,196,2,0,4,-34,0,0,273,78,11,2.79314867533866,-0.440989819265181,0,7,4,3,0,25,138,1,0,0,6,3.89620847743936,0,4,4,2,0,21,31,196,2,0,0,273,78,11,9.31501219165511,0,7,4,3,0,0,49,5,9,6,36,1,1,9,4,1,22,4,1,2,0,0,0,0,0,0,0,2,0,1,0,0,6,37,4,0,2,0,2,0,2,0,1,26,2,2,0,0,50,1,0,0,0,1,1,0,0,0,0,0,0,0,50;48,,,98,0,0,4,4,0,0,1,0,0,0,0,0,4,0,57,169,0,1,0,0,2,1,14,0,155
2018,14,HOU,REG,2018_14_IND_HOU,IND,27,38,267,1,0,5,-41,0,0,257,152,14,3.61744987143902,-0.853987234203439,0,10,4,3,1,25,89,2,0,0,6,-2.14587038051104,0,4,3,0,0,27,38,267,1,0,0,257,152,14,11.9624510295689,0,10,4,3,1,0,44,1,11,3,14,0,2,13,5,1,2,8,0,0,0,0,0,0,0,0,0,0,0,0,0,0,7,35,4,0,0,0,0,0,2,18,0,0,0,0,0,0,,,0,0,0,0,0,0,0,0,0,0,0,0,,,,0,0,0,3,3,0,0,1,0,0,0,0,0,8,0,53,362,3,0,0,0,3,5,47,0,315
2018,14,IND,REG,2018_14_IND_HOU,HOU,27,41,399,2,1,2,-13,0,0,354,137,17,11.0740700790963,-1.67034782469273,0,16,7,6,1,23,50,1,0,0,4,-4.52514257427538,0,1,1,0,0,27,40,399,2,0,0,354,137,17,14.4283562795608,0,16,7,6,1,0,42,8,22,8,50,0,5,41,8,0,0,4,0,1,0,0,0,0,0,0,0,1,0,0,0,0,9,59,3,0,1,0,1,0,5,47,1,10,1,1,0,0,54,1,0,0,0,0,1,0,0,0,0,0,0,0,54,,,54,0,0,3,3,0,0,1,0,0,0,0,0,6,0,55,278,2,0,0,2,2,2,18,0,220
2018,14,JAX,REG,2018_14_JAX_TEN,TEN,25,43,240,1,0,4,-45,1,1,396,70,11,-9.66163935448276,-1.79662242895219,0,10,3,3,0,20,60,0,0,0,5,-3.95548184256768,0,1,0,0,0,25,41,240,1,0,0,396,70,11,4.23389358841814,0,10,3,3,0,0,36,5,23,1,3,0,1,0,1,1,14,1,0,0,1,0,0,0,0,0,0,0,0,0,0,0,7,67,1,1,0,0,1,1,2,0,3,50,0,0,0,0,,,0,0,0,0,0,0,0,0,0,0,0,0,,,,0,0,0,1,1,0,0,1,0,0,0,0,0,5,0,56,250,3,1,1,0,0,3,12,0,238
2018,14,KC,REG,2018_14_BAL_KC,BAL,35,53,377,2,1,3,-29,1,0,408,225,18,11.8431100615869,7.58478781208396,0,14,7,3,1,27,94,1,0,0,8,-1.73896591837993,0,2,2,0,0,35,48,377,2,0,0,408,225,18,20.6903310570381,0,14,7,3,1,0,46,1,15,1,7,1,2,20,2,0,0,6,0,0,0,0,0,0,0,0,0,1,0,1,0,0,7,53,7,0,1,0,1,0,2,13,0,0,2,4,2,0,35,0.5,0,1,1,0,0,0,0,0,0,1,1,0,24;35,51;43,,59,94,0,3,3,0,0,1,0,0,0,0,0,3,0,50,111,2,0,1,0,1,1,55,0,56
2018,14,LA,REG,2018_14_LA_CHI,CHI,21,45,187,0,4,3,-25,1,0,380,71,9,-19.7817682801312,-19.3199997724489,0,6,2,1,0,13,52,0,0,0,5,-0.484828677988844,0,2,2,0,0,21,43,187,0,0,0,380,71,9,-12.8870078924143,0,6,2,1,0,0,48,3,7,3,16,0,1,10,2,3,83,4,0,0,0,0,0,0,0,0,0,1,0,0,0,0,9,57,6,1,0,0,1,0,0,0,3,59,2,3,1,0,50,0.666666666666667,0,1,0,0,1,0,0,0,0,1,0,0,27;50,40,,77,40,0,0,0,0,0,,0,0,0,0,0,3,0,62,146,1,1,1,0,0,1,22,0,124
2018,14,LAC,REG,2018_14_CIN_LAC,CIN,19,29,220,1,0,2,-17,0,0,238,104,10,3.60711290161133,-0.669275070058888,0,10,6,2,0,25,85,1,0,0,7,0.111062624271369,0,2,2,0,0,19,29,220,1,0,0,238,104,10,6.37761824191555,0,10,6,2,0,0,47,5,17,5,25,0,3,19,4,0,0,3,0,0,0,0,0,0,0,0,0,0,0,0,0,0,6,38,3,0,0,0,0,0,1,0,3,83,4,4,0,0,59,1,0,0,2,1,1,0,0,0,0,0,0,0,59;31;32;45,,,167,0,0,2,2,0,0,1,0,0,0,0,0,4,0,56,173,0,1,1,0,0,2,23,0,150
2018,14,LV,REG,2018_14_PIT_OAK,PIT,25,34,322,2,0,4,-23,1,1,301,92,17,12.6816081081921,12.5044806860387,0,15,6,4,0,25,55,1,0,0,3,-3.03530845072237,0,0,0,0,0,25,32,322,2,0,0,301,92,17,21.3640461242172,0,15,6,4,0,0,38,5,23,3,14,0,1,6,3,1,0,7,0,0,0,0,0,0,0,0,0,0,0,0,0,0,13,130,4,0,1,0,1,1,0,0,2,34,1,1,0,0,44,1,0,0,0,1,0,0,0,0,0,0,0,0,44,,,44,0,0,3,3,0,0,1,0,0,0,0,0,4,0,57,194,1,0,0,0,1,3,28,0,166
2018,14,MIA,REG,2018_14_NE_MIA,NE,14,19,265,3,0,5,-42,0,0,197,113,10,8.79877251957078,10.930808437498,0,11,5,5,2,21,189,2,1,0,8,11.6404699687264,0,5,4,2,1,14,19,265,3,0,0,197,113,10,16.3227197210654,0,12,5,5,2,0,45,1,27,3,16,0,2,14,5,0,0,5,0,1,0,0,0,0,0,0,0,1,0,0,0,0,7,81,6,2,0,1,2,0,3,16,2,38,0,0,0,0,,,0,0,0,0,0,0,0,0,0,0,0,0,,,,0,0,0,4,4,0,0,1,0,0,0,0,0,5,1,57,170,0,2,1,0,0,2,7,0,163
2018,14,MIN,REG,2018_14_MIN_SEA,SEA,20,33,208,1,0,2,-9,1,1,246,104,9,-11.9274949410383,-1.59605847251031,0,8,3,2,1,21,77,0,0,0,5,-4.73746329068672,0,2,2,0,0,20,31,208,1,0,0,246,104,9,1.56934990280654,0,8,3,2,1,0,32,13,29,3,16,0,2,12,3,1,3,4,0,0,0,0,0,0,0,0,0,0,0,0,0,0,4,51,3,1,0,0,1,1,0,0,3,64,0,1,0,1,,0,0,0,0,0,0,0,0,0,0,0,0,0,,,47,0,0,47,1,1,0,0,1,0,0,0,0,0,5,0,46,213,1,1,0,0,1,3,17,0,196
2018,14,NE,REG,2018_14_NE_MIA,MIA,27,43,358,3,0,2,-14,0,0,360,137,21,19.8459127862653,5.12129121865982,0,19,11,4,0,30,77,1,0,0,3,-6.67767149934283,0,1,0,0,0,27,39,358,3,0,0,360,137,21,28.1528630562308,0,19,11,4,0,0,30,1,19,6,40,2,5,42,10,0,0,1,0,0,0,1,0,0,0,0,6,0,0,0,0,0,5,30,4,0,0,0,0,0,2,7,1,30,2,3,1,0,32,0.666666666666667,0,1,1,0,0,0,0,0,0,1,0,0,32;22,42,,54,42,0,3,4,1,0,0.75,0,0,0,0,0,3,0,49,142,1,0,0,0,0,3,16,0,126
2018,14,NO,REG,2018_14_NO_TB,TB,24,31,201,1,1,1,-3,1,1,193,66,13,1.30471208876281,11.0545634262023,0,8,3,2,0,30,100,2,0,0,6,0.39561679964126,1,4,3,0,0,24,31,201,1,0,0,193,66,13,6.56295640974588,0,8,3,2,0,0,42,5,7,5,42,1,4,39,10,1,0,9,0,0,0,1,0,0,0,0,0,0,0,0,0,0,6,51,6,1,0,0,1,1,2,29,3,76,2,2,0,0,36,1,0,0,2,0,0,0,0,0,0,0,0,0,30;36,,,66,0,0,2,2,0,0,1,0,0,0,0,0,3,0,60,155,1,0,0,1,1,1,10,0,125
2018,14,NYG,REG,2018_14_NYG_WAS,WAS,14,27,197,3,1,2,-22,0,0,194,129,11,1.22937556756077,-8.48464014438483,0,9,4,3,0,34,227,1,0,0,6,2.49302141318913,0,3,2,2,2,14,26,197,3,0,0,194,129,11,7.03226907663046,0,9,4,3,0,0,34,6,20,7,32,0,5,29,8,3,53,7,1,0,0,0,0,0,0,0,0,0,0,0,0,0,2,18,3,0,0,0,0,0,5,51,0,0,2,2,0,0,35,1,0,1,1,0,0,0,0,0,0,0,0,0,35;23,,,58,0,0,4,5,1,0,0.8,0,0,0,0,0,6,0,50,258,1,1,1,0,2,2,-2,0,260
2018,14,NYJ,REG,2018_14_NYJ_BUF,BUF,16,25,170,1,1,0,0,0,0,186,59,9,5.33643116938947,2.00043047467868,0,7,2,2,0,27,75,2,0,0,5,-3.75636228217218,0,1,1,1,0,16,24,170,1,0,0,186,59,9,6.05655826602197,0,7,2,2,0,0,43,6,16,3,11,1,3,14,12,2,0,3,0,0,0,0,0,0,0,0,0,0,0,1,5,0,7,93,1,1,0,0,1,1,0,0,6,186,2,2,0,0,47,1,0,1,0,1,0,0,0,0,0,0,0,0,47;21,,,68,0,0,3,3,0,0,1,0,0,0,0,0,3,0,56,120,1,0,0,0,2,1,4,0,116
2018,14,PHI,REG,2018_14_PHI_DAL,DAL,22,32,228,3,0,2,-6,1,1,276,88,12,5.1367695961474,1.27360736951232,0,7,3,3,1,14,34,0,0,0,1,-8.16649407031946,0,1,1,1,0,22,32,228,3,0,0,276,88,12,10.9402016195329,0,7,3,3,1,0,62,2,30,5,20,1,3,21,9,2,46,3,0,0,0,0,0,0,0,0,0,0,0,1,0,0,5,49,5,1,0,0,1,1,1,9,1,36,1,1,0,0,26,1,0,1,0,0,0,0,0,0,0,0,0,0,26,,,26,0,0,2,3,1,0,0.666666666666667,0,0,0,0,0,6,0,53,276,3,0,0,0,4,2,14,0,262
2018,14,PIT,REG,2018_14_PIT_OAK,LV,29,38,306,2,1,1,-6,0,0,181,211,17,10.7534852625521,9.59426100189621,0,13,6,4,1,19,40,1,0,0,3,-2.51531706028618,0,1,0,0,0,29,37,306,2,0,0,181,211,17,12.3550336633616,0,13,6,4,1,0,40,2,22,5,25,0,3,23,5,0,0,3,0,0,0,0,0,0,0,0,0,0,0,1,0,0,2,14,5,0,0,0,0,0,3,28,2,41,0,2,2,0,,0,0,0,0,0,0,0,0,0,1,1,0,0,,39;40,,0,79,0,3,3,0,0,1,0,0,0,0,0,3,0,45,116,2,0,1,0,2,0,0,0,116
2018,14,SEA,REG,2018_14_MIN_SEA,MIN,10,20,72,0,1,2,-12,0,0,200,41,4,-13.040801968404,2.21010260283947,1,3,0,0,0,42,214,1,0,0,13,8.14117635952425,0,6,3,1,1,10,16,72,0,0,0,200,41,4,-2.51979954402469,1,3,0,0,0,0,33,5,15,3,14,1,2,9,7,0,0,5,0,0,0,0,0,1,0,0,0,0,0,1,29,1,4,45,5,0,0,0,0,0,3,17,0,0,2,2,0,0,37,1,0,0,2,0,0,0,0,0,0,0,0,0,37;35,,,72,0,0,1,1,0,0,1,0,0,0,0,0,5,0,55,220,3,0,2,0,3,0,0,0,220
2018,14,SF,REG,2018_14_DEN_SF,DEN,20,33,332,2,1,3,-27,0,0,219,201,15,7.46069634057212,-3.97174330428243,0,11,7,4,2,30,84,0,1,0,3,-6.16290181584191,0,1,0,0,0,20,32,332,2,1,0,219,201,15,13.4421926291343,0,11,7,4,2,0,44,8,14,6,21,2,2,15,10,0,0,1,0,1,0,0,0,0,0,0,0,2,0,0,0,0,11,87,5,2,1,1,3,0,3,26,3,46,2,2,0,0,40,1,0,1,0,1,0,0,0,0,0,0,0,0,40;29,,,69,0,0,2,2,0,0,1,0,0,0,0,0,5,0,47,210,1,0,0,1,1,3,20,0,170
2018,14,TB,REG,2018_14_NO_TB,NO,18,38,213,2,1,4,-39,0,0,473,47,12,-3.58976727094394,-11.0657461188935,0,11,4,2,0,23,105,0,0,0,5,-0.204772127879551,0,3,3,0,0,18,37,213,2,1,0,473,47,12,4.74296833085374,0,11,4,2,0,0,44,10,12,2,13,1,1,3,3,1,7,4,0,0,0,0,0,0,0,0,0,1,0,1,0,0,10,84,5,1,0,0,1,0,1,10,2,44,0,2,2,0,,0,0,0,0,0,0,0,0,0,0,2,0,0,,46;40,,0,86,0,2,2,0,0,1,0,0,0,0,0,5,1,62,225,1,0,1,0,2,2,29,0,196
2018,14,TEN,REG,2018_14_JAX_TEN,JAX,18,24,162,0,1,1,0,0,0,158,100,9,2.1726481741009,5.95123395323753,0,7,2,1,0,32,264,4,0,0,10,6.39666768081952,0,8,6,2,2,18,24,162,0,0,0,158,100,9,3.03268760127888,0,7,2,1,0,0,33,7,29,3,34,1,4,45,9,0,0,6,0,1,0,0,0,0,0,0,0,1,0,1,0,0,3,30,3,0,1,0,1,0,3,12,1,29,1,1,0,0,33,1,0,0,1,0,0,0,0,0,0,0,0,0,33,,,33,0,0,3,4,1,0,0.75,0,0,0,0,0,2,0,62,118,1,0,0,0,0,2,0,0,118
2018,14,WAS,REG,2018_14_NYG_WAS,NYG,17,30,233,1,3,5,-29,0,0,180,159,5,-14.4881533396835,-12.4606036934359,2,6,3,3,1,22,84,1,0,0,6,-3.84503275103634,0,4,3,0,0,17,29,233,1,0,0,180,159,5,-6.70551932117064,2,6,3,3,1,0,34,7,27,5,36,0,2,22,5,1,0,5,0,1,0,0,0,0,0,0,0,1,0,0,0,0,15,135,3,0,1,0,1,0,2,-2,2,58,0,0,0,0,,,0,0,0,0,0,0,0,0,0,0,0,0,,,,0,0,0,0,0,0,0,,0,0,0,0,0,8,0,63,409,3,0,2,0,1,5,51,0,358
2018,15,ARI,REG,2018_15_ARI_ATL,ATL,23,36,243,1,2,7,-50,1,1,214,145,10,-17.3718186115148,-5.667872939791,0,10,5,2,1,22,60,1,0,0,6,-5.5132653763867,0,2,1,0,0,23,35,243,1,0,0,214,145,10,-3.54725033504656,0,10,5,2,1,0,45,2,10,6,24,0,2,11,3,0,0,5,0,0,0,0,0,0,0,0,0,0,0,0,0,0,8,75,2,1,0,0,1,1,3,31,0,0,0,0,0,0,,,0,0,0,0,0,0,0,0,0,0,0,0,,,,0,0,0,2,2,0,0,1,0,0,0,0,0,7,0,64,336,2,1,0,0,4,2,10,0,326
2018,15,ATL,REG,2018_15_ARI_ATL,ARI,22,36,231,2,0,2,-11,0,0,247,93,14,2.60963459372782,-8.86911327640216,0,10,6,3,0,27,215,2,0,0,8,8.43970683205407,0,6,5,3,2,22,36,231,2,0,0,247,93,14,6.01860255621635,0,10,6,3,0,0,41,1,21,7,42,1,7,50,10,2,41,7,1,0,0,0,0,0,0,0,0,0,0,1,0,0,6,50,2,0,0,0,0,0,2,10,1,7,2,2,0,0,33,1,0,1,1,0,0,0,0,0,0,0,0,0,22;33,,,55,0,0,4,4,0,0,1,0,0,0,0,0,6,0,55,266,0,0,1,0,2,3,31,0,235
2018,15,BAL,REG,2018_15_TB_BAL,TB,14,23,131,1,0,2,-3,0,0,137,49,7,-0.0164170377855224,-2.96983250549861,0,5,2,1,0,49,242,1,1,1,16,-0.693864688206045,0,8,4,2,0,14,21,131,1,0,0,137,49,7,4.85147849612986,0,5,2,1,0,0,32,4,12,2,4,0,1,1,4,1,0,6,0,1,0,0,0,0,1,0,0,0,-6,0,0,0,8,70,3,0,2,0,2,2,1,0,4,92,2,2,0,0,35,1,0,1,1,0,0,0,0,0,0,0,0,0,24;35,,,59,0,0,2,2,0,0,1,0,0,0,0,0,3,0,50,127,1,2,0,0,0,1,12,0,115
2018,15,BUF,REG,2018_15_DET_BUF,DET,13,26,204,1,0,1,-9,0,0,413,56,9,2.64418024121551,-1.21923037197279,0,8,5,4,1,37,117,1,1,0,9,-5.06033379439032,0,1,0,0,0,13,23,204,1,0,0,413,56,9,6.80933453451144,0,8,5,4,1,0,35,12,16,4,11,0,0,0,4,0,0,3,0,0,0,0,0,0,0,0,0,1,0,0,0,0,3,20,3,1,0,0,1,0,3,11,2,29,0,0,0,0,,,0,0,0,0,0,0,0,0,0,0,0,0,,,,0,0,0,2,2,0,0,1,0,0,0,0,0,6,0,52,245,2,0,0,1,3,2,12,0,213
2018,15,CAR,REG,2018_15_NO_CAR,NO,17,30,181,1,1,4,-32,0,0,168,103,7,-4.97100212157238,-12.5746551258811,0,4,3,2,1,23,98,0,1,1,5,-3.80499838321703,0,1,1,1,0,17,29,181,1,0,0,168,103,7,1.28753581480123,0,4,3,2,1,0,44,2,26,4,9,1,2,12,4,1,29,8,0,0,0,0,0,0,1,1,0,0,0,0,0,0,4,48,5,1,0,0,1,1,1,1,1,26,0,0,0,0,,,0,0,0,0,0,0,0,0,0,0,0,0,,,,0,0,0,1,1,0,0,1,0,0,0,0,0,6,0,56,239,1,1,1,0,2,2,13,0,226
2018,15,CHI,REG,2018_15_GB_CHI,GB,20,28,235,2,0,1,-3,1,0,208,112,11,12.7228235763097,2.95728934662683,0,11,5,2,0,29,100,1,2,1,6,-12.4554769832175,0,2,2,1,0,20,28,235,2,0,0,208,112,11,13.6928322354862,0,11,5,2,0,0,42,0,10,5,35,0,5,39,9,1,13,10,0,0,0,0,0,0,0,0,0,2,-3,0,0,0,4,24,4,2,1,0,3,1,2,53,3,75,1,1,0,0,24,1,0,1,0,0,0,0,0,0,0,0,0,0,24,,,24,0,0,3,3,0,0,1,0,0,0,0,0,4,0,51,177,2,1,2,0,0,1,0,0,177
2018,15,CIN,REG,2018_15_OAK_CIN,LV,14,33,130,1,1,1,-7,0,0,339,89,7,-5.71937902914535,-16.5274431308111,0,5,3,3,0,41,171,2,0,0,8,1.50832661817549,0,5,4,1,1,14,33,130,1,0,0,339,89,7,-3.81261594258423,0,5,3,3,0,0,38,0,20,7,39,2,5,34,7,0,0,4,0,0,0,0,0,0,0,0,0,0,0,2,0,0,9,85,1,0,0,0,0,0,1,4,4,168,3,3,0,0,38,1,0,1,2,0,0,0,0,0,0,0,0,0,34;38;23,,,95,0,0,3,3,0,0,1,0,0,0,0,0,5,0,50,216,1,0,0,0,2,3,22,0,194
2018,15,CLE,REG,2018_15_CLE_DEN,DEN,18,31,188,2,1,2,-13,1,1,314,67,13,-2.2820318743716,-2.04356014728546,0,9,4,2,0,28,134,0,0,0,5,-4.64265766047174,0,3,3,1,1,18,31,188,2,0,0,314,67,13,4.62858921467429,0,9,4,2,0,0,48,3,9,6,36,0,2,19,7,2,0,5,0,0,0,0,0,0,0,0,0,0,0,0,0,0,6,75,3,1,0,0,1,1,2,9,2,48,1,1,0,0,40,1,0,0,0,1,0,0,0,0,0,0,0,0,40,,,40,0,0,2,2,0,0,1,0,0,0,0,0,4,0,56,194,2,0,0,0,2,2,0,0,194
2018,15,DAL,REG,2018_15_DAL_IND,IND,24,39,206,0,1,3,-26,0,0,265,114,12,-11.7486346724113,-7.5862033586753,0,9,1,0,0,22,112,0,1,0,6,1.66204451391241,0,3,1,1,0,24,38,206,0,0,0,265,114,12,-5.74449172177312,0,9,1,0,0,0,44,5,13,2,6,1,0,0,3,0,0,3,0,0,0,0,0,0,0,0,0,1,0,1,0,0,9,74,5,1,0,0,1,0,1,2,0,0,0,1,0,1,,0,0,0,0,0,0,0,0,0,0,0,0,0,,,48,0,0,48,0,0,0,0,,0,0,0,0,0,2,0,41,81,2,0,0,0,1,1,0,0,81
2018,15,DEN,REG,2018_15_CLE_DEN,CLE,31,48,257,0,2,2,-19,0,0,285,158,17,-0.0515567805671153,-0.864770180649228,0,14,2,1,0,20,32,1,0,0,3,-6.10054006928112,0,1,0,0,0,31,45,257,0,0,0,285,158,17,5.23860370678063,0,14,2,1,0,0,28,6,32,3,16,1,2,13,3,1,0,6,0,0,0,0,0,0,0,0,0,0,0,1,0,0,8,51,5,0,0,0,0,0,2,0,1,35,3,3,0,0,44,1,0,1,0,2,0,0,0,0,0,0,0,0,44;42;29,,,115,0,0,1,1,0,0,1,0,0,0,0,0,3,0,46,124,0,0,1,0,0,2,9,0,115
2018,15,DET,REG,2018_15_DET_BUF,BUF,22,29,208,1,0,0,0,0,0,197,64,7,2.19736079561034,11.3832667469978,0,6,6,5,1,26,105,1,0,0,7,0.631142307713162,0,4,2,0,0,22,28,208,1,0,0,197,64,7,3.80688439285638,0,6,6,5,1,0,39,9,17,2,13,1,1,9,2,0,0,5,0,0,0,0,0,0,0,0,0,0,0,0,0,0,4,81,3,0,0,0,0,0,2,12,1,20,0,1,1,0,,0,0,0,0,0,0,0,0,0,0,1,0,0,,48,,0,48,0,1,1,0,0,1,0,0,0,0,0,7,0,55,317,3,0,0,1,3,3,11,0,286
2018,15,GB,REG,2018_15_GB_CHI,CHI,25,42,274,0,1,5,-39,0,0,465,142,15,-1.22482625872795,1.72792054712772,1,13,6,4,0,19,88,1,0,0,4,-1.75117929530097,0,3,1,1,0,25,40,274,0,0,0,465,142,15,9.15005516248518,1,13,6,4,0,0,41,2,18,4,11,2,1,3,1,0,0,3,0,1,0,0,0,0,0,0,0,1,0,1,0,0,7,48,6,0,1,0,1,0,1,0,0,0,3,3,0,0,45,1,0,0,0,3,0,0,0,0,0,0,0,0,41;43;45,,,129,0,0,0,0,0,0,,0,0,0,0,0,5,0,50,208,1,1,0,0,2,2,53,0,155
2018,15,HOU,REG,2018_15_HOU_NYJ,NYJ,22,28,294,2,0,6,-55,0,0,264,111,12,6.71497240228048,23.7090839789464,0,11,7,6,2,17,47,0,0,0,1,-5.72935063290824,0,1,1,1,0,22,26,294,2,0,0,264,111,12,17.4155685432525,0,11,7,6,2,0,41,1,33,5,28,1,3,25,7,0,0,5,0,0,0,0,0,0,0,0,0,0,0,1,0,0,5,43,3,0,0,0,0,0,3,17,1,28,5,5,0,0,53,1,0,0,1,3,1,0,0,0,0,0,0,0,41;32;53;49;40,,,215,0,0,2,2,0,0,1,0,0,0,0,0,3,0,51,137,0,1,0,0,0,2,22,0,115
2018,15,IND,REG,2018_15_DAL_IND,DAL,16,27,192,0,0,0,0,0,0,222,89,11,6.6502630113233,-9.52744655884229,0,9,4,2,0,39,178,2,1,1,11,-1.76206069258296,0,6,4,1,0,16,26,192,0,0,0,222,89,11,6.67231284342288,0,9,4,2,0,0,41,6,12,3,26,1,3,26,5,1,14,4,0,0,0,0,0,1,0,0,0,1,0,0,0,0,6,55,3,1,1,0,2,1,1,0,0,0,3,3,0,0,44,1,0,1,0,2,0,0,0,0,0,0,0,0,43;44;23,,,110,0,0,2,2,0,0,1,0,0,0,0,0,1,0,52,52,1,0,0,0,0,1,2,0,50
2018,15,JAX,REG,2018_15_WAS_JAX,WAS,9,17,57,0,1,6,-37,1,1,88,45,2,-21.3172978457196,-10.0803738832474,0,1,0,0,0,26,172,0,0,0,9,6.48717876102008,0,8,7,3,0,9,15,57,0,0,0,88,45,2,-5.99061497154343,0,1,0,0,0,1,55,0,6,8,27,1,3,15,8,0,0,2,0,0,0,0,0,0,0,0,0,0,0,0,0,0,8,55,3,1,0,0,1,1,3,84,1,25,2,2,0,0,41,1,0,0,1,1,0,0,0,0,0,0,0,0,33;41,,,74,0,0,1,1,0,0,1,0,0,0,0,0,5,0,72,262,3,0,0,0,2,3,11,0,251
2018,15,KC,REG,2018_15_LAC_KC,LAC,24,34,243,2,0,2,-9,0,0,210,136,12,10.1821053338936,2.62351202614167,0,10,7,2,0,17,60,2,0,0,7,2.98041908745654,0,1,1,1,0,24,34,243,2,0,0,210,136,12,11.1479389194865,0,10,7,2,0,0,37,1,35,4,22,1,5,25,12,2,0,6,0,0,0,0,0,0,0,0,0,2,1,0,0,0,10,66,5,0,2,0,2,0,0,0,5,104,0,0,0,0,,,0,0,0,0,0,0,0,0,0,0,0,0,,,,0,0,0,4,4,0,0,1,0,0,0,0,0,4,0,61,203,1,0,1,1,1,1,0,0,183
2018,15,LA,REG,2018_15_PHI_LA,PHI,35,54,339,0,1,2,-14,1,1,356,188,18,-5.14108144386751,0.764168828141456,0,12,5,4,0,18,82,2,0,0,5,0.50008288709796,0,2,2,1,0,35,51,339,0,0,0,356,188,18,4.98293431800797,0,12,5,4,0,0,42,7,23,1,4,0,0,0,3,1,30,3,0,1,0,0,0,0,0,0,0,1,0,0,0,0,5,50,6,1,2,0,3,2,2,-2,2,31,3,3,0,0,41,1,0,0,2,1,0,0,0,0,0,0,0,0,41;36;37,,,114,0,0,2,2,0,0,1,0,0,0,0,0,3,0,65,169,0,0,0,0,2,1,13,0,156
2018,15,LAC,REG,2018_15_LAC_KC,KC,26,38,313,2,2,5,-25,0,0,321,116,18,6.6275281536947,8.02330053166339,1,13,7,5,0,24,119,2,0,0,7,4.87000646878732,0,3,2,0,0,26,38,313,2,1,0,321,116,18,13.5322055865983,1,13,7,5,0,0,30,1,23,4,15,0,2,9,5,0,0,2,0,1,0,0,0,0,0,0,0,2,0,0,0,0,7,50,4,1,1,0,2,0,1,0,2,47,0,0,0,0,,,0,0,0,0,0,0,0,0,0,0,0,0,,,,0,0,0,3,3,0,0,1,0,0,0,0,0,2,0,44,83,0,1,0,1,0,0,0,0,63
2018,15,LV,REG,2018_15_OAK_CIN,CIN,21,38,263,1,0,5,-34,1,1,310,113,12,-4.49533297949033,0.19911735346823,0,9,4,4,2,16,68,0,1,1,1,-6.60493126732763,0,1,1,1,0,21,33,263,1,0,0,310,113,12,8.57311150369556,0,9,4,4,2,0,43,0,28,6,17,0,1,7,4,1,1,4,0,0,0,0,0,0,0,0,0,0,0,0,0,0,8,90,6,2,0,0,2,2,3,22,3,71,3,3,0,0,50,1,0,1,0,1,1,0,0,0,0,0,0,0,50;27;40,,,117,0,0,1,1,0,0,1,0,0,0,0,0,6,0,42,229,1,0,1,0,4,1,4,0,225
2018,15,MIA,REG,2018_15_MIA_MIN,MIN,11,24,108,0,0,9,-71,0,0,231,70,6,-24.138565772233,-19.0264747194622,0,6,2,0,0,20,156,1,0,0,6,2.5486866942374,0,5,4,1,1,11,23,108,0,0,0,231,70,6,-4.54562563480248,0,6,2,0,0,0,47,1,15,2,17,0,2,17,4,1,50,3,1,1,0,0,0,0,0,0,0,0,0,0,0,0,8,49,3,0,1,1,1,0,2,8,2,45,1,1,0,0,25,1,0,1,0,0,0,0,0,0,0,0,0,0,25,,,25,0,0,2,2,0,0,1,0,0,0,0,0,7,0,63,351,0,1,0,1,0,5,116,0,215
2018,15,MIN,REG,2018_15_MIA_MIN,MIA,14,21,215,2,1,2,-17,0,0,144,92,10,-1.61943543068183,-1.42218396067619,0,9,5,4,1,40,220,3,0,0,10,4.47295400430448,0,8,5,2,0,14,20,215,2,0,0,144,92,10,2.54120011848103,0,9,5,4,1,0,34,1,13,12,78,0,9,71,11,0,0,5,0,0,0,0,0,0,0,0,0,0,0,0,0,0,6,45,1,0,0,0,0,0,5,116,1,24,2,2,0,0,36,1,0,0,2,0,0,0,0,0,0,0,0,0,36;34,,,70,0,0,5,5,0,0,1,0,0,0,0,0,3,0,46,127,0,1,0,0,0,2,8,0,119
2018,15,NE,REG,2018_15_NE_PIT,PIT,25,36,279,1,1,1,-7,0,0,334,129,9,1.67081692256033,5.89148907197846,0,7,4,3,1,19,96,0,0,0,7,1.66500970616471,0,3,1,0,0,25,36,279,1,0,0,334,129,9,3.2294493871741,0,7,4,3,1,0,34,7,17,2,17,0,2,17,7,2,0,5,0,0,0,0,0,0,0,0,0,0,0,0,0,0,14,106,3,0,0,0,0,0,0,0,1,23,1,1,0,0,33,1,0,0,1,0,0,0,0,0,0,0,0,0,33,,,33,0,0,1,1,0,0,1,0,0,0,0,0,5,0,52,216,3,0,4,0,1,0,0,0,216
2018,15,NO,REG,2018_15_NO_CAR,CAR,23,35,203,0,1,2,-12,0,0,214,97,8,-7.62730528500234,-1.40236283049864,0,8,3,2,0,32,155,1,1,1,11,-2.20359866932267,0,4,4,1,0,23,34,203,0,0,0,214,97,8,-4.36948847012665,0,8,3,2,0,0,33,2,24,5,36,1,4,32,5,1,0,5,0,0,0,0,0,0,0,0,0,0,0,1,0,0,9,80,4,1,0,1,1,1,2,13,1,50,2,2,0,0,46,1,0,1,0,1,0,0,0,0,0,0,0,0,46;24,,,70,0,0,0,0,0,0,,0,0,0,0,0,4,0,46,168,3,3,0,0,0,1,1,0,167
2018,15,NYG,REG,2018_15_TEN_NYG,TEN,21,44,229,0,1,3,-16,1,1,347,68,12,-11.6550179483893,-16.3852063092318,0,9,6,4,0,16,47,0,0,0,2,-4.55058603323414,0,2,2,0,0,21,44,229,0,0,0,347,68,12,-5.08152618407621,0,9,6,4,0,0,36,18,26,3,12,0,1,8,2,0,0,1,0,0,0,0,0,0,0,0,0,0,0,0,0,0,10,58,6,1,0,0,1,1,3,2,4,91,0,0,0,0,,,0,0,0,0,0,0,0,0,0,0,0,0,,,,0,0,0,0,0,0,0,,0,0,0,0,0,6,0,50,237,2,2,3,0,0,1,8,0,229
2018,15,NYJ,REG,2018_15_HOU_NYJ,HOU,24,38,253,2,0,3,-25,0,0,408,74,11,5.57386388787436,8.15565564802715,0,11,6,3,0,31,90,1,1,1,7,-8.26024965266697,0,3,2,0,0,24,35,253,2,0,0,408,74,11,10.0311379787805,0,11,6,3,0,0,41,0,12,11,60,0,6,55,11,0,0,1,0,0,0,0,0,0,0,0,0,0,0,0,0,0,9,60,6,1,0,0,1,1,2,22,3,71,1,1,0,0,26,1,0,1,0,0,0,0,0,0,0,0,0,0,26,,,26,0,0,1,3,2,0,0.333333333333333,0,0,0,0,0,4,0,54,197,2,0,0,0,1,3,17,0,180
2018,15,PHI,REG,2018_15_PHI_LA,LA,24,31,270,0,1,0,0,0,0,234,121,9,7.74963316003368,9.9154949668915,0,9,4,3,1,30,111,3,0,0,7,-1.51402335817215,0,3,1,0,0,24,31,270,0,0,0,234,121,9,7.74963316003368,0,9,4,3,1,0,42,5,19,4,15,1,2,14,7,1,0,4,0,0,0,0,0,0,0,0,0,0,0,2,16,0,6,49,3,0,0,0,0,0,1,13,2,16,3,4,1,0,51,0.75,0,0,1,1,1,0,0,0,0,0,1,0,51;34;40,53,,125,53,0,3,3,0,0,1,0,0,0,0,0,3,0,56,155,2,0,0,0,1,2,-2,0,157
2018,15,PIT,REG,2018_15_NE_PIT,NE,22,34,235,2,2,2,-17,0,0,369,84,13,3.95385654727111,6.93507339015152,0,7,6,5,0,25,158,0,0,0,9,3.39614089153474,0,7,6,1,0,22,33,235,2,0,0,369,84,13,9.06039600420159,0,7,6,5,0,0,25,14,28,1,7,0,1,7,7,1,0,4,0,0,0,0,0,0,0,0,0,0,0,0,0,0,4,40,3,0,0,0,0,0,0,0,1,27,1,2,1,0,48,0.5,0,0,0,1,0,0,0,0,1,0,0,0,48,32,,48,32,0,2,2,0,0,1,0,0,0,0,0,2,0,44,78,1,0,0,0,2,0,0,0,78
2018,15,SEA,REG,2018_15_SEA_SF,SF,23,31,237,2,0,3,-20,1,0,211,133,12,8.62818528585588,17.1635504279818,0,8,5,3,0,35,168,1,0,0,5,1.9938898019609,0,4,3,3,0,23,28,237,2,0,0,211,133,12,18.083689828054,0,8,5,3,0,0,38,6,12,5,27,1,3,18,10,0,0,2,0,0,0,0,0,0,0,0,0,1,0,1,0,0,14,148,3,1,0,0,1,0,1,8,2,21,1,1,0,0,48,1,0,0,0,1,0,0,0,0,0,0,0,0,48,,,48,0,0,2,3,1,0,0.666666666666667,0,0,0,0,0,8,0,65,426,3,1,2,2,0,3,30,0,356
2018,15,SF,REG,2018_15_SEA_SF,SEA,20,29,275,1,0,3,-18,0,0,233,163,13,9.21976152825544,4.91539383756703,0,11,7,7,1,26,94,0,1,1,2,-9.09998777453951,0,2,2,0,0,20,29,275,1,0,0,233,163,13,12.1202649777467,0,11,7,7,1,1,42,11,25,5,22,1,3,20,5,0,0,2,0,0,0,0,0,0,0,0,0,0,0,0,0,0,8,66,3,1,0,0,1,1,3,30,2,113,4,4,0,0,45,1,0,1,2,1,0,0,0,0,0,0,0,0,28;33;45;36,,,142,0,0,2,2,0,0,1,1,1,0,0,36,4,0,55,192,0,0,0,1,2,1,8,0,164
2018,15,TB,REG,2018_15_TB_BAL,BAL,13,25,157,0,1,1,-1,0,0,260,47,4,-9.09464636947605,-11.7220355272293,0,4,3,3,1,21,85,1,0,0,6,0.342559303200804,0,3,1,0,0,13,25,157,0,0,0,260,47,4,-7.06524518169108,0,4,3,3,1,0,49,4,24,4,17,0,2,3,5,0,0,3,0,0,0,0,0,0,0,0,0,0,0,2,0,0,6,58,4,0,0,0,0,0,1,12,4,90,2,2,0,0,28,1,0,2,0,0,0,0,0,0,0,0,0,0,21;28,,,49,0,0,0,0,0,0,,0,0,0,0,0,4,0,48,163,1,0,1,1,1,1,0,0,143
2018,15,TEN,REG,2018_15_TEN_NYG,NYG,13,21,94,0,0,1,-8,0,0,130,37,6,-3.23722068785648,-3.54256138205528,0,5,1,0,0,45,215,2,0,0,14,7.47154610074358,0,9,5,1,0,13,20,94,0,0,0,130,37,6,-1.12578073138795,0,5,1,0,0,0,34,8,16,5,29,1,3,16,8,1,0,7,0,0,0,0,0,0,0,0,0,0,0,1,1,0,4,35,3,0,0,0,0,0,1,8,1,27,1,2,1,0,22,0.5,0,1,0,0,0,0,0,0,0,1,0,0,22,48,,22,48,0,2,2,0,0,1,0,0,0,0,0,5,0,57,220,5,0,1,0,1,3,2,0,218
2018,15,WAS,REG,2018_15_WAS_JAX,JAX,16,25,151,1,0,3,-15,1,0,211,69,10,2.66245752992843,6.16830652174742,0,5,2,1,0,33,109,0,0,0,4,-4.09676105014767,0,3,2,0,0,16,23,151,1,0,0,211,69,10,8.47399600630895,0,5,2,1,0,0,36,0,16,5,27,1,6,37,9,1,16,2,0,1,0,0,0,0,0,0,0,2,0,1,9,0,6,48,4,1,1,0,2,0,3,11,2,31,3,3,0,0,46,1,0,0,2,1,0,0,0,0,0,0,0,0,46;33;36,,,115,0,0,1,1,0,0,1,1,1,0,0,36,6,0,58,279,3,0,3,0,0,3,84,1,195
2018,16,ARI,REG,2018_16_LA_ARI,LA,18,31,182,1,0,4,-23,0,0,289,68,6,-5.18655854035768,-9.39370970572195,0,7,2,1,0,18,104,0,0,0,6,-1.07404160338476,0,5,5,1,0,18,31,182,1,0,0,289,68,6,0.806541837256927,0,7,2,1,0,0,51,2,10,2,15,1,2,24,4,0,0,3,0,0,0,0,0,0,0,0,0,0,0,1,4,0,7,54,3,0,0,0,0,0,1,1,0,0,1,2,1,0,36,0.5,0,0,1,0,0,0,0,0,0,0,1,0,36,54,,36,54,0,0,1,1,0,0,0,0,0,0,0,5,0,56,246,4,0,2,0,1,2,26,0,220
2018,16,ATL,REG,2018_16_ATL_CAR,CAR,15,26,239,3,0,1,-6,1,1,293,111,8,6.08174461035241,-3.84441167116165,0,7,4,3,2,21,194,0,1,1,6,-3.1441575246281,0,6,5,5,1,15,26,239,3,0,0,293,111,8,11.8685786801129,0,7,4,3,2,0,47,1,43,3,17,1,2,17,9,3,8,6,0,0,0,0,0,0,0,0,0,0,0,1,0,0,4,41,3,1,1,0,2,2,1,9,1,10,1,1,0,0,39,1,0,0,1,0,0,0,0,0,0,0,0,0,39,,,39,0,0,3,3,0,0,1,0,0,0,0,0,5,0,54,235,2,0,0,0,3,2,16,0,219
2018,16,BAL,REG,2018_16_BAL_LAC,LAC,12,22,204,1,0,3,-2,0,0,194,113,8,2.73598597692133,-9.35506454922936,0,8,4,2,1,35,159,0,2,1,6,-9.07908341643857,0,5,4,3,1,12,22,204,1,0,0,194,113,8,5.41174299476039,0,8,4,2,1,0,39,2,16,5,30,2,4,34,8,2,-6,4,0,0,0,0,0,0,0,0,0,1,0,1,62,1,4,40,3,1,1,0,2,1,2,17,3,55,3,5,2,0,56,0.6,0,1,1,0,1,0,0,0,0,0,1,1,24;35;56,53;65,,115,118,0,1,1,0,0,1,0,0,0,0,0,3,0,57,150,1,0,0,0,1,2,33,0,117
2018,16,BUF,REG,2018_16_BUF_NE,NE,20,41,217,1,2,0,0,0,0,460,90,10,-11.9040915836718,-10.5330695584416,0,9,5,3,0,18,72,0,0,0,3,-3.00714342133142,0,2,1,0,0,20,40,217,1,1,1,460,90,10,-16.2543140942923,0,9,5,3,0,0,40,0,48,2,13,1,1,9,3,2,8,3,0,0,0,0,0,0,0,0,0,0,0,1,9,0,3,29,5,1,0,0,1,1,2,12,4,72,2,3,1,0,41,0.666666666666667,0,0,1,1,0,0,0,0,0,1,0,0,35;41,43,,76,43,0,0,0,0,0,,0,0,0,0,0,6,0,55,230,0,0,4,0,0,2,37,0,193
2018,16,CAR,REG,2018_16_ATL_CAR,ATL,37,57,312,1,3,2,-17,0,0,441,149,19,-14.4880400797119,2.09974996068261,0,13,3,2,0,25,141,0,1,0,8,5.34118242153538,0,4,3,0,0,37,55,312,1,1,1,441,149,19,-14.0782968385611,0,13,3,2,0,0,29,1,13,2,4,1,1,6,3,0,0,7,0,0,0,0,0,0,0,0,0,1,0,2,0,0,10,86,4,1,1,0,2,1,2,16,4,109,1,1,0,0,50,1,0,0,0,0,1,0,0,0,0,0,0,0,50,,,50,0,0,1,1,0,0,1,0,0,0,0,0,3,0,56,128,1,0,0,0,2,1,9,0,119
2018,16,CHI,REG,2018_16_CHI_SF,SF,25,29,246,1,0,3,-11,0,0,192,106,12,10.043304651181,17.0234828159727,0,8,5,2,1,28,90,1,1,1,6,-2.79948329762556,0,0,0,0,0,25,29,246,1,1,1,192,106,12,10.4565286479976,0,8,5,2,1,0,34,4,10,3,13,1,1,9,6,1,0,7,0,0,0,0,0,0,0,0,0,0,-8,0,0,0,4,30,3,1,1,0,2,2,0,0,2,52,0,1,1,0,,0,0,0,0,0,0,0,0,0,1,0,0,0,,37,,0,37,0,2,2,0,0,1,0,0,0,0,0,3,0,49,119,1,0,1,1,1,0,0,0,99
2018,16,CIN,REG,2018_16_CIN_CLE,CLE,13,19,133,2,0,3,-26,1,0,134,58,7,2.07680283541591,2.56617853516027,1,6,2,2,0,24,102,0,0,0,7,-1.45499780282262,0,4,4,1,0,13,19,133,2,0,0,134,58,7,7.5220199555771,1,6,2,2,0,0,44,2,16,1,1,0,0,0,0,0,0,3,0,0,0,1,0,0,0,0,0,1,0,0,0,0,3,15,5,1,0,0,1,0,1,2,3,77,1,1,0,0,51,1,0,0,0,0,1,0,0,0,0,0,0,0,51,,,51,0,0,1,1,0,0,1,0,0,0,0,0,5,0,51,219,2,0,0,1,2,2,12,0,187
2018,16,CLE,REG,2018_16_CIN_CLE,CIN,28,38,347,3,0,0,0,0,0,298,188,14,18.6822226304651,6.50923291319295,0,11,7,3,2,28,146,0,0,0,8,0.350052975612925,0,4,3,2,0,28,38,347,3,0,0,298,188,14,18.6822226304651,0,11,7,3,2,0,33,0,14,7,31,1,3,26,5,0,0,1,0,0,0,0,0,0,0,0,0,0,0,0,0,0,6,57,0,0,0,0,0,0,2,12,3,42,2,2,0,0,37,1,0,0,2,0,0,0,0,0,0,0,0,0,37;31,,,68,0,0,2,3,1,0,0.666666666666667,0,0,0,0,0,2,1,47,88,0,0,0,0,1,1,2,0,86
2018,16,DAL,REG,2018_16_TB_DAL,TB,20,25,161,1,0,1,-9,0,0,119,68,9,2.48655264652472,7.43642711639404,0,7,2,1,0,24,80,1,1,0,6,-5.73274250869872,0,4,2,0,0,20,25,161,1,0,0,119,68,9,3.13429523063962,0,7,2,1,0,0,46,3,23,3,20,1,3,16,8,0,0,6,0,0,0,0,0,0,0,0,0,1,0,2,71,1,10,67,2,1,0,0,1,0,1,13,1,20,2,2,0,0,59,1,0,1,0,0,1,0,0,0,0,0,0,0,59;20,,,79,0,0,3,3,0,0,1,0,0,0,0,0,4,0,48,166,1,1,1,0,2,0,0,0,166
2018,16,DEN,REG,2018_16_DEN_OAK,LV,23,37,202,2,2,1,-2,0,0,343,79,12,-2.7436899838716,-1.64288315508101,0,9,3,2,0,24,100,0,1,0,4,3.06599721719977,0,2,1,0,0,23,36,202,2,0,0,343,79,12,-0.181416161612445,0,9,3,2,0,0,39,5,15,1,8,0,1,8,3,0,0,3,0,0,0,0,0,0,0,0,0,1,7,0,0,0,11,91,5,1,0,0,1,0,0,0,5,116,0,1,1,0,,0,0,0,0,0,0,0,0,0,0,0,1,0,,58,,0,58,0,2,2,0,0,1,0,0,0,0,0,6,0,65,306,1,0,0,3,1,2,106,1,140
2018,16,DET,REG,2018_16_MIN_DET,MIN,23,43,161,0,0,3,-24,0,0,306,93,10,-21.3224768122885,-15.8789963239715,0,8,3,1,0,23,86,0,0,0,3,-6.86233452229973,0,3,2,1,0,23,42,161,0,0,0,306,93,10,-12.3807160531281,0,8,3,1,0,0,38,2,18,6,22,0,2,13,3,0,0,0,0,1,0,0,0,0,0,0,0,1,0,0,0,0,7,55,5,0,1,0,1,0,5,18,2,49,3,3,0,0,48,1,0,0,1,2,0,0,0,0,0,0,0,0,47;35;48,,,130,0,0,0,0,0,0,,0,0,0,0,0,6,0,52,249,4,0,3,0,2,1,8,0,241
2018,16,GB,REG,2018_16_GB_NYJ,NYJ,37,55,442,2,0,4,-29,0,0,383,246,19,15.9120085836236,4.01828187816548,0,18,9,6,2,20,127,3,0,0,9,11.2020558344376,1,4,4,1,0,37,53,442,2,0,0,383,246,19,25.0046414641936,0,18,9,6,2,0,37,1,21,3,21,0,2,18,2,0,0,4,0,1,0,0,0,0,0,0,0,1,0,0,0,0,10,86,6,1,1,0,2,1,1,0,3,76,3,3,0,0,42,1,0,1,1,1,0,0,0,0,0,0,0,0,42;29;38,,,109,0,0,3,3,0,0,1,0,0,0,0,0,3,0,41,113,0,0,0,0,1,2,12,0,101
2018,16,HOU,REG,2018_16_HOU_PHI,PHI,29,40,339,2,0,4,-30,1,1,418,68,17,7.92098576299714,11.4308404922485,0,15,5,4,0,19,62,2,1,0,4,0.86225590138929,0,2,1,0,0,29,40,339,2,0,0,418,68,17,16.708161321621,0,15,5,4,0,0,49,1,17,2,4,3,1,9,4,1,0,6,0,0,0,0,0,0,0,0,0,1,0,2,0,0,10,61,3,1,1,0,2,1,1,8,5,122,1,1,0,0,30,1,0,0,1,0,0,0,0,0,0,0,0,0,30,,,30,0,0,3,4,1,0,0.75,0,0,0,0,0,4,0,51,161,2,1,1,0,1,1,11,0,150
2018,16,IND,REG,2018_16_NYG_IND,NYG,31,47,357,2,1,1,-4,0,0,414,122,19,12.9767983719648,3.39568372477185,0,14,5,5,1,16,49,2,0,0,5,-0.0667163931939285,0,2,1,0,0,31,44,357,2,0,0,414,122,19,19.8727026639099,0,14,5,5,1,0,31,20,20,3,6,0,0,0,3,1,7,2,0,0,0,0,0,0,0,0,0,0,0,0,0,0,6,29,3,0,0,0,0,0,2,3,1,24,0,0,0,0,,,0,0,0,0,0,0,0,0,0,0,0,0,,,,0,0,0,4,4,0,0,1,0,0,0,0,0,4,0,63,186,3,0,3,0,0,1,0,0,186
2018,16,JAX,REG,2018_16_JAX_MIA,MIA,17,24,145,0,0,6,-27,1,1,153,68,8,-2.54925073326946,7.93708238912665,0,7,2,1,0,32,126,1,0,0,8,-1.56235798215494,0,3,3,0,0,17,23,145,0,1,0,153,68,8,10.8714101365892,0,7,2,1,0,0,38,1,5,5,28,1,3,25,7,1,33,2,1,0,0,0,0,0,0,0,0,1,0,1,0,0,10,97,3,1,1,0,2,1,4,46,0,0,1,2,1,0,26,0.5,0,1,0,0,0,0,0,0,0,0,1,0,26,56,,26,56,0,2,2,0,0,1,0,0,0,0,0,5,0,45,188,4,0,0,0,3,2,12,0,176
2018,16,KC,REG,2018_16_KC_SEA,SEA,23,40,273,3,0,1,-8,0,0,395,136,16,7.72463901842846,-2.67573675284019,0,14,7,4,0,19,154,0,1,1,6,4.77515596516617,1,4,4,3,0,23,39,273,3,1,1,395,136,16,9.16453172248505,0,14,7,4,0,0,39,7,33,5,17,1,3,17,9,0,0,2,0,0,0,0,0,0,0,0,0,1,0,0,0,0,8,76,6,3,0,0,3,2,0,0,4,114,3,3,0,0,54,1,0,1,1,0,1,0,0,0,0,0,0,0,54;29;32,,,115,0,0,2,2,0,0,1,0,0,0,0,0,3,0,57,144,1,0,1,0,0,2,13,0,131
2018,16,LA,REG,2018_16_LA_ARI,ARI,19,24,216,1,0,2,-24,1,1,185,81,11,4.29071519800244,13.3883810561636,0,9,5,2,0,41,269,3,0,0,18,14.6107649853953,0,7,4,2,1,19,23,216,1,0,0,185,81,11,14.1425952650305,0,9,5,2,0,0,32,5,13,5,27,0,4,23,8,0,0,6,0,0,0,0,0,0,0,0,0,0,0,0,0,0,6,66,2,1,0,0,1,1,2,26,0,0,1,2,1,0,21,0.5,0,1,0,0,0,0,0,0,0,0,1,0,21,57,,21,57,0,4,4,0,0,1,0,0,0,0,0,2,0,59,103,2,0,1,0,0,1,1,0,102
2018,16,LAC,REG,2018_16_BAL_LAC,BAL,23,37,181,0,2,4,-34,0,0,222,116,10,-10.2938225537516,-7.84132124649154,0,7,2,0,0,16,51,1,0,0,2,-3.18668964243261,0,1,1,0,0,23,36,181,0,1,1,222,116,10,-11.4729047389562,0,7,2,0,0,0,38,7,21,6,15,1,3,2,5,0,0,5,0,1,0,0,0,0,0,0,31,1,0,1,4,0,8,69,4,2,0,0,2,1,2,33,2,45,1,1,0,0,38,1,0,0,1,0,0,0,0,0,0,0,0,0,38,,,38,0,0,1,1,0,0,1,0,0,0,0,0,7,0,49,291,2,1,1,0,3,2,17,0,274
2018,16,LV,REG,2018_16_DEN_OAK,DEN,19,26,167,0,0,1,-8,0,0,170,65,8,4.14407780887119,2.7229463824859,0,9,1,0,0,30,114,2,1,0,6,-6.41979162825737,0,4,3,1,0,19,26,167,0,0,0,170,65,8,6.12558573325656,0,9,1,0,0,1,33,10,26,4,11,1,1,2,2,2,23,3,0,0,0,0,0,0,0,0,0,1,-6,0,0,0,6,50,4,0,1,0,1,0,2,106,2,46,2,2,0,0,45,1,0,0,0,2,0,0,0,0,0,0,0,0,43;45,,,88,0,0,3,3,0,0,1,0,0,0,0,0,5,0,64,225,3,0,1,0,4,0,0,0,225
2018,16,MIA,REG,2018_16_JAX_MIA,JAX,15,22,146,1,1,3,-25,0,0,102,89,8,-8.27849884300981,-0.0532225483939761,0,4,2,2,0,18,62,0,1,1,2,-8.01257178856758,0,2,1,0,0,15,21,146,1,0,0,102,89,8,-3.13712881917623,0,4,2,2,0,0,47,5,13,7,25,1,5,26,11,0,0,0,0,0,0,0,0,0,0,0,0,0,0,1,0,0,10,95,4,1,0,0,1,1,2,12,3,56,0,1,1,0,,0,0,0,0,0,0,0,0,0,0,1,0,0,,47,,0,47,0,1,1,0,0,1,0,0,0,0,0,6,0,54,278,3,1,0,0,1,4,46,0,232
2018,16,MIN,REG,2018_16_MIN_DET,DET,21,28,253,3,0,2,-13,0,0,308,89,11,9.85474049366801,8.02872659904616,0,11,6,3,2,28,100,0,0,0,4,-8.34187761499358,0,3,2,0,0,21,28,253,3,0,0,308,89,11,13.1513334000183,0,11,6,3,2,0,51,0,10,12,50,0,3,24,8,0,0,4,0,0,0,0,0,0,0,0,0,0,0,0,0,0,11,78,4,0,0,0,0,0,1,8,2,52,2,2,0,0,29,1,0,2,0,0,0,0,0,0,0,0,0,0,24;29,,,53,0,0,3,3,0,0,1,0,0,0,0,0,6,0,58,288,1,0,1,0,0,5,18,0,270
2018,16,NE,REG,2018_16_BUF_NE,BUF,13,25,126,1,2,1,-9,0,0,112,93,4,-15.0773712765658,-18.6559112121662,0,4,2,2,0,47,273,2,0,0,15,5.95785113428705,0,11,10,2,0,13,24,126,1,1,1,112,93,4,-17.0930759484181,0,4,2,2,0,0,36,1,19,1,4,1,0,0,5,2,9,3,0,0,0,0,0,0,0,0,0,0,0,1,0,0,5,49,0,1,0,0,1,1,2,37,3,41,1,1,0,0,24,1,0,1,0,0,0,0,0,0,0,0,0,0,24,,,24,0,0,3,3,0,0,1,0,0,0,0,0,6,0,55,259,3,1,3,0,0,2,12,0,247
2018,16,NO,REG,2018_16_PIT_NO,PIT,27,40,326,1,1,2,-13,0,0,370,161,16,4.1238602863283,0.701817335226597,0,13,6,6,1,19,57,3,1,0,5,0.547733856335981,0,0,0,0,0,27,39,326,1,0,0,370,161,16,7.91175911501125,0,13,6,6,1,0,42,8,10,5,18,2,3,16,7,0,0,2,0,0,0,0,0,0,0,0,0,0,0,2,0,0,9,91,3,1,0,1,1,0,0,0,0,0,1,2,0,1,43,0.5,0,0,0,1,0,0,0,0,0,0,0,0,43,,50,43,0,50,4,4,0,0,1,0,0,0,0,0,3,0,56,141,1,1,0,0,2,0,0,0,141
2018,16,NYG,REG,2018_16_NYG_IND,IND,25,33,309,1,1,0,0,0,0,224,161,17,18.5036473170288,10.4159845459846,0,10,8,5,1,29,83,2,0,0,4,-2.75278353883186,0,2,2,0,0,25,31,309,1,0,0,224,161,17,20.7597086179476,0,10,8,5,1,0,36,7,11,2,6,0,1,4,7,1,0,6,0,0,0,0,0,0,0,0,0,0,0,0,0,0,6,24,2,0,0,0,0,0,1,0,1,16,2,2,0,0,40,1,0,1,0,1,0,0,0,0,0,0,0,0,40;27,,,67,0,0,3,3,0,0,1,0,0,0,0,0,3,0,52,145,1,0,0,0,1,2,3,0,142
2018,16,NYJ,REG,2018_16_GB_NYJ,GB,24,35,341,3,0,2,-18,0,0,366,135,18,20.1122976470995,10.0849784472409,0,17,7,5,0,20,47,1,0,0,4,-3.62347264843993,0,1,0,0,0,24,34,341,3,0,0,366,135,18,24.9555415806151,0,17,7,5,0,1,44,4,18,4,32,1,4,29,12,0,0,4,0,1,0,0,0,0,0,0,0,0,0,1,0,0,16,172,4,0,1,1,1,0,2,12,6,236,1,2,1,0,33,0.5,0,0,1,0,0,0,0,0,0,1,0,0,33,45,,33,45,0,5,5,0,0,1,0,0,0,0,0,4,0,52,176,2,0,2,0,1,1,0,0,176
2018,16,PHI,REG,2018_16_HOU_PHI,HOU,35,50,471,4,1,1,-9,1,1,392,216,18,18.2361816255872,5.73751604070469,0,14,8,7,2,22,57,0,1,1,4,-8.63833241960652,0,2,1,0,0,35,49,471,4,1,0,392,216,18,25.0573296367656,0,14,8,7,2,0,45,1,13,4,13,1,4,30,9,0,0,2,0,0,0,0,0,0,0,0,0,1,0,1,3,0,11,105,6,3,0,0,3,2,1,11,4,96,2,2,0,0,47,1,0,0,1,1,0,0,0,0,0,0,0,0,47;35,,,82,0,0,2,3,1,0,0.666666666666667,1,1,0,0,35,2,0,48,96,0,0,0,1,0,1,8,0,68
2018,16,PIT,REG,2018_16_PIT_NO,NO,33,50,380,3,0,3,-16,0,0,461,170,21,17.1540861485533,3.81217750967765,1,17,9,6,1,18,65,0,1,1,2,-8.99569744005567,0,1,1,0,0,33,49,380,3,1,1,461,170,21,19.1308290611028,1,17,9,6,1,0,37,5,5,3,17,1,2,13,5,1,27,8,0,0,0,0,0,1,0,0,0,1,0,0,0,0,6,79,4,2,1,0,3,2,0,0,2,20,2,2,0,0,49,1,0,0,1,1,0,0,0,0,0,0,0,0,49;30,,,79,0,0,2,2,0,0,1,0,0,0,0,0,2,0,57,98,0,0,0,1,1,0,0,0,78
2018,16,SEA,REG,2018_16_KC_SEA,KC,18,29,271,3,0,3,-17,0,0,349,49,15,13.018152937504,11.2312825741591,0,12,9,4,1,43,210,2,0,0,11,3.97846873514936,0,7,4,1,0,18,27,271,3,0,0,349,49,15,19.7435098105603,0,12,9,4,1,0,29,8,24,2,9,3,1,8,11,0,0,3,0,1,0,0,0,0,0,0,0,1,0,2,2,0,3,20,4,1,0,0,1,0,2,13,1,32,1,2,1,0,28,0.5,0,1,0,0,0,0,0,0,1,0,0,0,28,36,,28,36,0,5,5,0,0,1,0,0,0,0,0,3,0,46,104,1,2,1,0,0,0,0,0,104
2018,16,SF,REG,2018_16_CHI_SF,CHI,22,38,241,0,1,1,-9,0,0,364,76,11,-2.13975348742374,-2.66537207203942,0,8,6,4,0,15,47,0,0,0,4,-3.15592930507402,0,1,0,0,0,22,37,241,0,1,0,364,76,11,0.641606503634964,0,8,6,4,0,0,43,6,14,3,14,1,3,11,5,0,0,1,0,0,0,0,0,0,0,0,0,0,0,2,2,0,6,45,6,1,0,1,1,0,0,0,3,47,3,3,0,0,33,1,0,1,2,0,0,0,0,0,0,0,0,0,33;30;23,,,86,0,0,0,0,0,0,,0,0,0,0,0,4,0,49,181,1,0,0,0,4,0,0,0,181
2018,16,TB,REG,2018_16_TB_DAL,DAL,34,48,336,1,0,3,-16,1,1,490,128,19,8.10842495322378,4.7607627697289,0,11,6,4,0,24,63,1,1,1,1,-15.4703040852619,0,0,0,0,0,34,48,336,1,0,0,490,128,19,20.6838798007617,0,11,6,4,0,0,39,3,11,7,29,1,1,9,2,0,0,1,0,0,0,0,0,0,0,0,0,0,-17,0,0,0,9,72,5,1,1,0,2,2,0,0,2,69,2,3,1,0,45,0.666666666666667,0,0,1,1,0,0,0,0,0,0,1,0,37;45,52,,82,52,0,2,2,0,0,1,0,0,0,0,0,2,0,57,102,0,0,0,0,1,1,13,0,89
2018,16,TEN,REG,2018_16_WAS_TEN,WAS,17,25,211,1,0,3,-19,0,0,185,87,11,5.68071524231688,5.14342020387235,0,10,4,2,0,27,99,1,0,0,8,-1.67256157888914,0,2,2,0,0,17,23,211,1,0,0,185,87,11,9.98539512281771,0,10,4,2,0,0,30,9,27,4,24,0,2,22,3,2,57,5,1,0,0,0,0,0,0,0,0,0,0,0,0,0,2,10,5,0,0,0,0,0,1,16,1,31,2,2,0,0,42,1,0,0,1,1,0,0,0,0,0,0,0,0,42;33,,,75,0,0,1,2,1,0,0.5,0,0,0,0,0,4,0,50,169,4,1,1,0,2,0,0,0,169
2018,16,WAS,REG,2018_16_WAS_TEN,TEN,13,23,153,1,2,2,-22,0,0,271,62,9,-2.78436316996905,-4.743943007096,0,6,3,2,0,34,161,0,0,0,7,1.64379010547418,0,4,4,0,0,13,23,153,1,0,0,271,62,9,0.132194393698782,0,6,3,2,0,0,36,8,14,7,24,0,3,19,4,0,0,2,0,0,0,0,0,0,0,0,0,0,0,0,0,0,8,49,4,0,0,0,0,0,0,0,1,28,3,3,0,0,50,1,0,0,0,2,1,0,0,0,0,0,0,0,50;40;46,,,136,0,0,1,1,0,0,1,0,0,0,0,0,2,0,57,107,0,0,0,0,1,1,16,0,91
2018,17,ARI,REG,2018_17_ARI_SEA,SEA,18,34,149,1,0,6,-36,2,2,385,45,8,-21.2201068035453,-5.25045232339339,0,7,2,1,0,24,85,0,0,0,4,-1.19474088687263,1,1,1,0,0,18,33,149,1,0,0,385,45,8,-5.01363068967608,0,7,2,1,0,1,39,2,26,5,39,0,6,43,8,1,25,2,0,1,0,1,0,0,0,0,0,1,0,0,0,0,3,20,5,1,2,0,3,2,5,66,1,18,3,3,0,0,55,1,0,0,1,0,2,0,0,0,0,0,0,0,36;50;55,,,141,0,0,1,1,0,0,1,0,0,0,0,0,5,0,62,247,3,0,1,1,3,0,0,0,227
2018,17,ATL,REG,2018_17_ATL_TB,TB,32,45,383,3,1,1,-3,0,0,380,155,19,16.9796696697811,8.20762508137282,0,15,8,3,0,30,109,1,0,0,7,-2.51724079500963,0,4,2,1,0,32,43,383,3,0,0,380,155,19,18.8764576044267,0,15,8,3,0,0,32,6,16,2,6,0,1,4,4,1,2,5,0,0,0,0,0,0,0,0,0,0,0,0,0,0,9,85,5,0,0,0,0,0,2,28,4,80,2,2,0,0,49,1,0,0,1,1,0,0,0,0,0,0,0,0,49;37,,,86,0,0,4,4,0,0,1,1,1,0,0,37,5,0,57,245,2,1,0,1,1,2,9,0,216
2018,17,BAL,REG,2018_17_CLE_BAL,CLE,14,24,179,0,0,2,-12,0,0,192,91,6,0.118784948446996,-9.60519547047822,0,7,3,3,0,47,296,2,2,1,16,6.46916650477231,0,10,9,5,0,14,23,179,0,0,0,192,91,6,3.5107856237298,0,7,3,3,0,0,32,1,11,6,16,0,0,0,2,3,4,9,0,0,0,0,0,0,0,0,0,1,-6,0,0,0,10,65,3,1,1,0,2,1,0,0,2,37,4,4,0,0,44,1,0,1,2,1,0,0,0,0,0,0,0,0,38;35;44;23,,,140,0,0,2,2,0,0,1,0,0,0,0,0,4,0,56,196,1,0,1,0,0,3,46,0,150
2018,17,BUF,REG,2018_17_MIA_BUF,MIA,17,26,224,3,1,1,-9,0,0,133,138,9,6.244505532115,2.22281788786252,0,7,5,4,1,33,166,3,0,0,11,4.12254605795176,0,4,3,2,0,17,24,224,3,0,0,133,138,9,10.2678676153009,0,7,5,4,1,0,46,4,10,6,29,2,4,24,7,2,17,6,0,0,0,0,0,0,0,0,0,0,0,2,0,0,3,24,3,0,0,0,0,0,2,9,2,44,0,1,1,0,,0,0,0,0,0,0,0,0,0,0,1,0,0,,42,,0,42,0,6,6,0,0,1,0,0,0,0,0,3,0,44,111,0,0,0,0,1,2,9,0,102
2018,17,CAR,REG,2018_17_CAR_NO,NO,18,30,268,2,0,1,-5,0,0,226,118,10,10.5651412588312,-3.00381978352865,0,8,6,4,1,37,111,2,0,0,11,-5.02640396787294,0,3,2,0,0,18,30,268,2,0,0,226,118,10,12.2236900326797,0,8,6,4,1,0,30,4,20,4,10,0,2,8,2,1,5,5,0,0,0,0,0,0,0,0,0,0,0,0,0,0,2,10,3,0,0,0,0,0,0,0,0,0,2,2,0,0,51,1,0,1,0,0,1,0,0,0,0,0,0,0,22;51,,,73,0,0,3,4,1,0,0.75,0,0,0,0,0,3,0,57,164,0,1,0,0,0,2,18,0,146
2018,17,CHI,REG,2018_17_CHI_MIN,MIN,18,26,163,0,0,0,0,0,0,233,52,7,2.56091768461932,0.325892865657806,1,3,3,2,1,37,169,3,1,0,8,2.10420516445234,0,3,2,1,1,18,26,163,0,0,0,233,52,7,2.56091768461932,1,3,3,2,1,0,32,2,12,5,26,0,4,31,9,0,0,3,0,1,0,0,0,0,0,0,0,1,0,0,0,0,11,102,5,0,2,1,2,0,2,-2,0,0,1,1,0,0,42,1,0,0,0,1,0,0,0,0,0,0,0,0,42,,,42,0,0,1,2,1,0,0.5,0,0,0,0,0,4,0,47,175,2,0,0,0,3,1,4,0,171
2018,17,CIN,REG,2018_17_CIN_PIT,PIT,12,24,95,0,0,4,-24,1,0,228,34,4,-12.2809037261002,-12.7814100488372,0,6,0,0,0,18,125,0,1,0,5,1.83171586092794,0,3,3,2,1,12,23,95,0,0,0,228,34,4,-5.37870010935745,0,6,0,0,0,0,38,13,19,2,13,1,1,9,8,1,58,6,1,0,0,0,0,0,0,0,0,2,0,0,0,0,9,85,3,2,0,0,2,0,1,1,4,87,2,2,0,0,49,1,0,0,1,1,0,0,0,0,0,0,0,0,49;32,,,81,0,0,1,1,0,0,1,0,0,0,0,0,6,0,52,278,1,0,0,0,3,3,20,0,258
2018,17,CLE,REG,2018_17_CLE_BAL,BAL,23,42,376,3,3,0,0,0,0,483,125,16,7.67270696963234,-4.17033899121168,0,14,11,7,3,14,50,0,0,0,1,-2.04664085723925,0,2,1,0,0,23,41,376,3,0,0,483,125,16,7.88413882485176,0,14,11,7,3,0,47,5,23,4,19,1,2,12,4,0,0,2,0,0,0,0,0,0,0,0,0,0,0,1,0,0,4,35,4,0,0,0,0,0,3,46,4,108,1,2,1,0,35,0.5,0,0,1,0,0,0,0,0,0,1,0,0,35,46,,35,46,0,3,3,0,0,1,0,0,0,0,0,4,0,48,180,0,0,0,1,3,0,0,0,160
2018,17,DAL,REG,2018_17_DAL_NYG,NYG,27,44,387,4,0,4,-19,0,0,434,137,18,24.6927833000064,-0.083131706991861,1,18,9,5,1,22,51,1,0,0,4,-4.93034683883889,0,1,1,0,0,27,43,387,4,1,1,434,137,18,26.2985864135991,1,18,9,5,1,0,30,17,29,2,3,1,1,3,5,1,0,3,0,0,0,0,0,0,0,0,0,0,0,1,3,0,6,46,3,1,0,0,1,1,0,0,3,70,0,1,1,0,,0,0,0,0,0,0,0,0,0,1,0,0,0,,34,,0,34,0,4,4,0,0,1,0,0,0,0,0,3,0,45,116,2,0,0,0,2,1,19,0,97
2018,17,DEN,REG,2018_17_LAC_DEN,LAC,31,48,292,1,1,1,-4,0,0,374,99,11,-4.06608625829397,-1.38257345620622,0,10,4,4,1,25,82,0,2,1,7,-10.0400574764062,0,0,0,0,0,31,47,292,1,1,1,374,99,11,-6.71638036023057,0,10,4,4,1,0,33,3,17,3,27,0,0,0,3,2,15,4,0,0,0,0,0,0,0,0,0,1,-13,2,0,0,11,99,4,2,2,0,4,3,2,3,3,60,1,1,0,0,28,1,0,1,0,0,0,0,0,0,0,0,0,0,28,,,28,0,0,0,0,0,0,,0,0,0,0,0,6,0,55,252,3,0,1,2,2,1,0,0,212
2018,17,DET,REG,2018_17_DET_GB,GB,21,33,274,3,0,1,-2,0,0,213,152,16,21.5897632647457,-1.78926054275397,0,11,5,3,1,38,130,1,0,0,7,-4.7395260198391,0,1,1,0,0,21,33,274,3,0,0,213,152,16,22.4407547813526,0,11,5,3,1,0,33,5,9,5,35,0,3,29,6,1,0,5,0,0,0,0,0,0,0,0,0,0,0,0,0,0,3,34,1,0,0,0,0,0,1,25,0,0,1,1,0,0,43,1,0,0,0,1,0,0,0,0,0,0,0,0,43,,,43,0,0,4,4,0,0,1,0,0,0,0,0,4,0,53,161,2,0,1,0,2,1,0,0,161
2018,17,GB,REG,2018_17_DET_GB,DET,19,40,158,0,1,3,-29,0,0,405,46,5,-23.5703774723806,-13.5690369539791,0,5,3,1,0,13,46,0,0,0,3,3.43152764986735,0,3,2,0,0,19,36,158,0,0,0,405,46,5,-14.3640259269159,0,5,3,1,0,0,38,13,23,4,8,0,1,2,3,0,0,5,0,0,0,0,0,0,0,0,0,0,0,0,0,0,5,38,3,0,0,0,0,0,1,0,5,111,0,0,0,0,,,0,0,0,0,0,0,0,0,0,0,0,0,,,,0,0,0,0,0,0,0,,0,0,0,0,0,7,0,55,317,1,0,2,1,3,1,25,0,272
2018,17,HOU,REG,2018_17_JAX_HOU,JAX,25,35,234,0,0,6,-26,0,0,230,100,13,-2.39685702405434,1.66316773210253,0,7,3,2,1,33,134,2,0,0,8,-6.03725535649573,0,4,3,0,0,25,35,234,0,0,0,230,100,13,4.77047133678541,0,7,3,2,1,0,30,2,14,6,15,1,3,18,5,1,0,7,0,1,0,0,0,0,0,0,0,0,0,1,0,0,2,15,2,0,1,0,1,1,6,56,0,0,2,2,0,0,24,1,0,2,0,0,0,0,0,0,0,0,0,0,23;24,,,47,0,0,2,2,0,0,1,0,0,0,0,0,7,0,60,295,4,1,1,0,2,3,17,0,278
2018,17,IND,REG,2018_17_IND_TEN,TEN,24,35,285,3,1,1,-7,0,0,285,127,15,10.9252100482158,4.64394245828901,0,12,9,5,1,36,158,1,0,0,8,-6.28250511631627,0,2,1,1,0,24,35,285,3,1,1,285,134,15,9.55665046465991,0,12,9,5,1,0,25,8,22,1,3,0,0,0,0,2,44,7,0,0,0,0,0,0,0,0,0,0,0,1,0,0,12,96,1,1,0,0,1,1,1,0,2,55,2,2,0,0,53,1,0,1,0,0,1,0,0,0,0,0,0,0,53;25,,,78,0,0,3,4,1,0,0.75,0,0,0,0,0,4,0,57,191,2,2,0,0,0,2,10,0,181
2018,17,JAX,REG,2018_17_JAX_HOU,HOU,15,28,107,0,1,3,-18,1,0,271,61,4,-14.2538381008725,-16.2104725837708,0,5,2,1,0,16,30,0,0,0,2,-7.29890392895322,0,0,0,0,0,15,28,107,0,0,0,271,61,4,-10.4091028468045,0,5,2,1,0,0,52,4,20,6,14,0,6,26,12,0,0,4,0,1,0,0,0,0,0,0,0,1,0,1,0,0,8,68,4,1,1,0,2,1,3,17,1,40,1,1,0,0,25,1,0,1,0,0,0,0,0,0,0,0,0,0,25,,,25,0,0,0,0,0,0,,0,0,0,0,0,9,0,57,449,1,0,0,0,3,6,56,0,393
2018,17,KC,REG,2018_17_OAK_KC,LV,16,27,310,2,1,0,0,0,0,273,166,11,16.3398616038612,-6.24300992047345,0,8,5,4,2,27,99,2,0,0,7,-1.5643562496407,0,3,3,0,0,16,27,310,2,0,0,273,166,11,16.3398616038612,0,8,5,4,2,0,50,0,20,2,6,3,3,20,4,2,121,5,1,0,0,0,0,0,0,0,0,0,0,2,0,0,4,50,3,0,0,0,0,0,1,3,1,26,0,0,0,0,,,0,0,0,0,0,0,0,0,0,0,0,0,,,,0,0,0,5,5,0,0,1,0,0,0,0,0,1,0,28,28,1,0,0,0,1,0,0,0,28
2018,17,LA,REG,2018_17_SF_LA,SF,17,29,222,4,0,0,0,0,0,246,107,13,15.4389692027949,0.183864324181168,0,9,7,3,0,42,155,1,1,0,12,-6.31190128321759,0,6,3,0,0,17,27,222,4,0,0,246,107,13,17.0437169405257,0,9,7,3,0,0,26,9,27,2,18,1,3,18,9,3,41,6,1,1,0,0,0,0,0,0,0,2,-5,1,47,0,6,57,3,0,2,0,2,0,2,11,0,0,2,2,0,0,51,1,0,1,0,0,1,0,0,0,0,0,0,0,28;51,,,79,0,0,6,6,0,0,1,0,0,0,0,0,3,0,48,130,2,2,1,0,0,0,0,0,130
2018,17,LAC,REG,2018_17_LAC_DEN,DEN,14,24,176,1,2,1,-16,1,1,190,78,10,-4.220717985183,-7.42630213499069,0,10,5,1,0,30,116,1,0,0,5,-6.02680183536722,0,2,1,1,1,14,24,176,1,0,0,190,78,10,0.203498509014025,0,10,5,1,0,0,48,4,22,5,13,2,1,4,3,1,19,4,0,1,0,0,0,0,1,1,0,1,-13,3,18,1,6,51,2,0,3,0,3,2,1,0,0,0,0,0,0,0,,,0,0,0,0,0,0,0,0,0,0,0,0,,,,0,0,0,3,3,0,0,1,0,0,0,0,0,5,0,56,234,1,0,0,2,1,2,3,0,191
2018,17,LV,REG,2018_17_OAK_KC,KC,24,33,185,0,2,3,-20,2,1,208,59,11,-16.2472871675543,3.34611851722002,0,7,0,0,0,29,127,0,1,1,9,-5.45883988885908,0,3,2,0,0,24,32,185,0,0,0,208,59,11,-7.77564970505569,0,7,0,0,0,0,29,1,23,1,2,0,0,0,3,1,0,3,0,0,0,0,0,0,0,0,0,1,0,0,0,0,4,22,2,3,0,0,3,2,0,0,3,91,1,1,0,0,50,1,0,0,0,0,1,0,0,0,0,0,0,0,50,,,50,0,0,0,0,0,0,,0,0,0,0,0,4,0,56,182,2,0,1,1,1,1,3,0,159
2018,17,MIA,REG,2018_17_MIA_BUF,BUF,19,32,150,1,2,4,-24,1,1,247,107,9,-15.5608421612341,-3.71013800303141,0,5,2,0,0,25,99,0,2,1,8,-7.36041976645356,0,2,2,0,0,19,30,150,1,0,0,247,107,9,-2.16768688189756,0,5,2,0,0,0,37,7,17,3,13,0,1,9,6,1,29,2,1,0,0,0,0,0,0,0,0,1,-6,0,0,0,4,35,2,2,1,0,3,2,2,9,6,118,1,1,0,0,29,1,0,1,0,0,0,0,0,0,0,0,0,0,29,,,29,0,0,2,2,0,0,1,0,0,0,0,0,5,0,54,175,1,0,2,0,1,2,9,0,166
2018,17,MIN,REG,2018_17_CHI_MIN,CHI,20,33,132,1,0,4,-31,0,0,290,62,6,-22.8923929944396,-4.66864801222278,0,4,2,0,0,15,63,0,0,0,3,-0.00625573645811528,0,2,1,1,0,20,31,132,1,0,0,290,62,6,-14.7989701143344,0,4,2,0,0,0,37,3,23,1,1,0,0,0,1,0,0,1,0,0,0,0,0,0,0,0,0,0,0,0,0,0,3,30,4,0,0,0,0,0,1,4,0,0,1,1,0,0,45,1,0,0,0,1,0,0,0,0,0,0,0,0,45,,,45,0,0,1,1,0,0,1,0,0,0,0,0,5,0,65,257,2,0,0,0,3,2,-2,0,259
2018,17,NE,REG,2018_17_NYJ_NE,NYJ,24,33,250,4,0,1,-6,0,0,317,87,14,12.9808939607513,11.846814583987,0,11,7,1,0,30,131,0,0,0,9,0.296887432661606,0,6,4,1,0,24,32,250,4,0,0,317,87,14,15.1062775800286,0,11,7,1,0,0,30,0,34,4,30,3,4,32,6,0,0,4,0,0,0,0,0,0,0,0,0,0,0,3,60,1,4,30,3,0,0,0,0,0,4,28,0,0,1,1,0,0,38,1,0,0,1,0,0,0,0,0,0,0,0,0,38,,,38,0,0,5,5,0,0,1,0,0,0,0,0,4,0,44,159,2,0,1,0,2,1,0,0,159
2018,17,NO,REG,2018_17_CAR_NO,CAR,14,22,118,1,1,2,-8,0,0,136,53,8,-7.11450008297106,-4.29696894827343,0,5,2,0,0,27,184,1,0,0,9,0.474350982229225,0,5,5,2,0,14,21,118,1,0,0,136,53,8,-4.67117400449934,0,5,2,0,0,0,39,6,22,3,8,0,1,5,8,0,0,2,0,0,0,0,0,0,0,0,0,0,0,0,0,0,6,94,3,0,0,0,0,0,2,18,0,0,0,0,0,0,,,0,0,0,0,0,0,0,0,0,0,0,0,,,,0,0,0,2,2,0,0,1,0,0,0,0,0,5,0,54,210,1,1,2,0,2,0,0,0,210
2018,17,NYG,REG,2018_17_DAL_NYG,DAL,24,41,301,2,1,1,-3,1,1,336,171,12,4.1728322159083,-5.64854534772726,1,11,7,4,1,25,143,2,0,0,8,7.60337683621717,0,2,2,2,1,24,39,301,2,0,0,336,171,12,11.7161198419103,1,11,7,4,1,0,31,13,23,4,12,1,4,19,10,0,0,5,0,0,0,0,0,0,0,0,0,0,0,1,7,0,11,78,4,1,0,0,1,1,1,19,5,142,2,2,0,0,48,1,0,0,1,1,0,0,0,0,0,0,0,0,48;38,,,86,0,0,3,3,0,0,1,0,0,0,0,0,2,0,49,94,0,1,0,0,1,0,0,0,94
2018,17,NYJ,REG,2018_17_NYJ_NE,NE,16,28,167,0,0,4,-32,1,1,306,41,8,-10.0882142103693,-4.14061322808266,0,8,3,2,0,23,104,0,2,2,4,-15.5892213654006,0,5,5,1,0,16,28,167,0,0,0,306,41,8,2.78498904064677,0,8,3,2,0,0,46,1,13,4,14,0,1,6,4,0,0,4,0,0,0,0,0,0,0,0,0,0,0,0,0,0,4,30,1,3,0,0,3,3,1,0,4,70,1,1,0,0,40,1,0,0,0,1,0,0,0,0,0,0,0,0,40,,,40,0,0,0,0,0,0,,0,0,0,0,0,5,0,51,237,1,0,0,0,1,4,28,0,209
2018,17,PHI,REG,2018_17_PHI_WAS,WAS,29,34,243,3,1,3,-12,0,0,103,176,15,9.05415774082824,14.3215833341374,0,10,4,2,0,34,129,0,0,0,10,1.06405684293713,0,3,2,0,0,29,34,243,3,0,0,103,176,15,12.7037511173828,0,10,4,2,0,0,32,0,8,9,47,1,4,30,8,1,-3,6,0,0,0,0,0,0,0,0,0,1,0,0,0,0,5,25,2,0,1,0,1,0,1,2,0,0,1,1,0,0,33,1,0,0,1,0,0,0,0,0,0,0,0,0,33,,,33,0,0,3,3,0,0,1,0,0,0,0,0,3,0,45,123,1,0,0,0,1,2,20,0,103
2018,17,PIT,REG,2018_17_CIN_PIT,CIN,31,45,287,1,1,1,-9,0,0,258,212,13,-3.22087670508992,-0.774232414033678,0,11,5,3,1,20,65,0,0,0,5,-4.02176789310761,0,1,1,0,0,31,45,287,1,1,0,258,212,13,-0.775671726979654,0,11,5,3,1,0,28,7,15,3,16,2,4,24,8,0,0,4,0,0,0,0,0,0,0,0,0,1,0,0,0,0,9,70,3,1,0,0,1,0,3,20,3,68,3,3,0,0,47,1,0,0,2,1,0,0,0,0,0,0,0,0,39;47;35,,,121,0,0,1,1,0,0,1,0,0,0,0,0,5,0,48,189,4,1,1,0,2,1,1,0,188
2018,17,SEA,REG,2018_17_ARI_SEA,ARI,12,21,152,1,1,6,-43,0,0,191,67,7,-10.0880283350989,-4.62282806634903,0,6,3,2,0,34,182,2,0,0,8,2.23802515996635,0,4,2,1,1,12,20,152,1,0,0,191,67,7,0.00181520055048168,0,6,3,2,0,0,40,2,22,7,30,1,5,27,8,0,0,1,0,0,0,0,0,0,0,0,0,0,0,2,0,0,1,10,3,0,0,0,0,0,0,0,3,63,2,2,0,0,42,1,0,0,1,1,0,0,0,0,0,0,0,0,42;33,,,75,0,0,3,3,0,0,1,1,1,0,0,33,7,1,65,330,1,0,1,1,0,5,66,0,244
2018,17,SF,REG,2018_17_SF_LA,LA,23,33,282,3,3,3,-18,0,0,191,150,13,1.88796605133405,5.4625594254696,1,12,5,5,1,22,127,1,1,1,5,-4.86241246224216,0,3,2,2,1,23,33,282,3,0,0,191,150,13,5.67449286118802,1,12,5,5,1,0,34,17,27,4,12,0,0,0,2,0,0,2,0,0,0,0,0,0,0,0,0,0,0,0,0,0,5,41,5,1,0,0,1,1,0,0,1,25,1,1,0,0,30,1,0,0,1,0,0,0,0,0,0,0,0,0,30,,,30,0,0,3,3,0,0,1,0,0,0,0,0,2,0,55,99,1,0,0,0,0,2,11,0,88
2018,17,TB,REG,2018_17_ATL_TB,ATL,22,35,345,4,1,1,-4,0,0,416,89,16,8.55641377624268,4.99500194564462,0,15,12,5,0,20,92,0,0,0,4,0.269763190939557,0,1,1,0,0,22,32,345,4,0,0,416,89,16,11.4313281234812,0,15,12,5,0,0,54,2,14,2,5,0,1,3,5,1,13,9,0,1,0,0,0,0,0,0,0,1,0,0,0,0,3,30,4,0,1,0,1,0,2,9,3,91,2,2,0,0,45,1,0,0,1,1,0,0,0,0,0,0,0,0,36;45,,,81,0,0,2,2,0,0,1,0,0,0,0,0,4,0,59,202,1,0,0,0,2,2,28,0,174
2018,17,TEN,REG,2018_17_IND_TEN,IND,18,29,165,1,2,0,0,0,0,225,103,6,-15.3420602735665,-8.02936225101866,0,6,4,1,0,16,93,0,0,0,4,0.0309279630891979,0,3,2,1,0,18,29,165,1,0,0,225,103,6,-15.3420602735665,0,6,4,1,0,0,41,16,22,2,9,1,1,7,2,1,22,8,1,1,0,0,0,0,0,0,0,0,0,1,7,0,9,75,4,0,1,0,1,1,2,10,5,128,1,1,0,0,38,1,0,0,1,0,0,0,0,0,0,0,0,0,38,,,38,0,0,2,2,0,0,1,0,0,0,0,0,6,0,58,272,6,1,1,0,3,1,0,0,272
2018,17,WAS,REG,2018_17_PHI_WAS,PHI,13,28,98,0,1,4,-30,1,0,264,32,6,-15.8701633075834,-18.1195432389224,0,3,1,1,0,12,21,0,0,0,1,-6.16416899033357,0,0,0,0,0,13,27,98,0,0,0,264,32,6,-4.38705205870792,0,3,1,1,0,0,44,12,22,5,16,0,3,12,6,1,24,3,0,0,0,0,0,0,0,0,0,1,0,0,0,0,2,15,1,1,0,0,1,0,2,20,3,55,0,0,0,0,,,0,0,0,0,0,0,0,0,0,0,0,0,,,,0,0,0,0,0,0,0,,0,0,0,0,0,5,0,56,224,2,0,2,0,2,1,2,0,222
2018,18,BAL,POST,2018_18_LAC_BAL,LAC,14,29,194,2,1,7,-55,1,1,250,95,7,-5.41888122726232,-10.9244237725551,0,6,3,3,0,23,90,0,2,1,4,-10.4981174677974,0,2,2,0,0,14,26,194,2,0,0,250,95,7,7.98704319976969,0,6,3,3,0,0,49,7,17,7,17,1,1,6,8,0,0,1,0,0,0,0,0,1,0,0,0,2,-14,1,12,0,7,41,5,2,2,0,4,2,0,0,6,106,1,2,1,0,33,0.5,0,0,1,0,0,0,0,0,0,0,1,0,33,50,,33,50,0,2,2,0,0,1,0,0,0,0,0,6,0,59,268,1,1,0,0,1,4,46,0,222
2018,18,CHI,POST,2018_18_PHI_CHI,PHI,26,43,303,1,0,2,-12,0,0,446,75,12,5.17302179778218,-1.69111751928562,0,9,7,5,1,18,65,0,0,0,3,-3.36618328170803,0,2,2,1,0,26,41,303,1,0,0,446,75,12,9.1921213801763,0,9,7,5,1,0,41,0,10,6,16,0,1,8,5,2,0,9,0,0,0,0,0,0,0,0,0,0,0,0,0,0,3,52,6,0,0,0,0,0,0,0,3,65,3,4,0,1,36,0.75,0,1,2,0,0,0,0,0,0,0,0,0,36;29;34,,43,99,0,43,0,0,0,0,,0,1,0,1,43,6,0,49,243,4,3,1,0,1,1,-1,0,244
2018,18,DAL,POST,2018_18_SEA_DAL,SEA,22,33,226,1,1,1,-10,0,0,245,103,11,-1.67809755046861,2.02095303684473,0,8,2,2,0,34,164,2,0,0,9,3.37970585637959,0,4,4,1,1,22,32,226,1,0,0,245,103,11,1.03083036641814,0,8,2,2,0,0,33,1,23,4,26,0,1,7,3,0,0,2,0,0,0,0,0,0,0,0,0,0,0,0,0,0,6,36,2,0,0,0,0,0,6,80,1,15,1,2,1,0,39,0.5,0,0,1,0,0,0,0,0,0,0,1,0,39,58,,39,58,0,3,3,0,0,1,0,0,0,0,0,5,0,50,225,1,1,1,0,0,3,22,0,203
2018,18,HOU,POST,2018_18_IND_HOU,IND,29,49,235,1,1,3,-18,0,0,352,139,13,-12.5679466215079,-10.1315750720653,0,10,2,1,0,16,105,0,0,0,7,6.02027950942284,0,4,2,1,0,29,47,235,1,0,0,352,139,13,-7.56636779211112,0,10,2,1,0,0,40,2,20,1,2,0,0,0,4,1,0,7,0,0,0,0,0,0,0,0,0,0,0,0,0,0,8,67,5,0,0,0,0,0,0,0,1,26,0,0,0,0,,,0,0,0,0,0,0,0,0,0,0,0,0,,,,0,0,0,1,1,0,0,1,0,0,0,0,0,5,0,60,234,2,0,1,0,2,2,20,0,214
2018,18,IND,POST,2018_18_IND_HOU,HOU,19,32,222,2,1,0,0,0,0,328,48,14,4.06826196744805,-2.13533678362446,0,11,5,3,0,35,200,1,0,0,10,1.26297801319743,0,6,5,3,0,19,31,222,2,0,0,328,48,14,4.92079841572559,0,11,5,3,0,0,32,4,28,3,20,0,3,18,8,1,10,4,0,0,0,0,0,0,0,0,0,0,0,0,0,0,2,10,3,0,0,0,0,0,2,20,0,0,0,0,0,0,,,0,0,0,0,0,0,0,0,0,0,0,0,,,,0,0,0,3,3,0,0,1,0,0,0,0,0,4,0,44,148,2,0,2,0,2,0,0,0,148
2018,18,LAC,POST,2018_18_LAC_BAL,BAL,22,32,160,0,0,1,-6,0,0,195,90,8,-1.40613532111202,8.62476753777471,1,5,2,1,0,33,89,1,0,0,3,-4.75994078123802,0,1,1,0,0,22,29,160,0,1,1,195,90,8,-4.06400095530008,1,5,2,1,0,0,39,3,15,9,53,2,7,55,9,1,0,6,0,0,0,0,0,0,0,0,0,0,0,2,0,0,5,35,5,1,0,0,1,1,4,46,2,78,5,6,0,1,53,0.833333333333333,0,1,1,2,1,0,0,0,0,0,0,0,21;53;40;34;47,,41,195,0,41,0,0,0,0,,0,0,0,0,0,5,0,45,177,0,2,2,1,0,0,0,0,157
2018,18,PHI,POST,2018_18_PHI_CHI,CHI,25,40,266,2,2,1,-8,0,0,322,105,17,5.66945091402212,-2.64191687107086,0,15,4,3,0,23,42,0,0,0,2,-8.54695393565623,0,2,0,0,0,25,40,266,2,0,0,322,105,17,7.19638208008837,0,15,4,3,0,0,46,1,5,6,13,0,2,12,6,0,0,10,0,0,0,0,0,1,0,0,0,0,0,0,0,0,3,25,4,0,0,0,0,0,1,-1,2,35,1,1,0,0,43,1,0,0,0,1,0,0,0,0,0,0,0,0,43,,,43,0,0,1,1,0,0,1,0,0,0,0,0,5,0,53,226,1,1,0,0,4,0,0,0,226
2018,18,SEA,POST,2018_18_SEA_DAL,DAL,18,27,233,1,0,1,-7,0,0,224,98,6,3.11942067128001,1.04919285685928,0,6,5,5,2,24,73,1,0,0,5,-3.34207382456145,2,1,1,1,0,18,27,233,1,0,0,224,98,6,5.35035816431372,0,6,5,5,2,0,48,1,15,2,13,0,1,10,4,1,0,3,0,0,0,0,0,0,0,0,0,0,0,0,0,0,5,36,6,0,0,0,0,0,3,22,1,52,2,3,1,0,42,0.666666666666667,0,1,0,1,0,0,0,0,0,0,1,0,27;42,57,,69,57,0,0,0,0,0,,0,0,0,0,0,7,0,60,360,1,0,1,0,0,6,80,0,280
2018,19,DAL,POST,2018_19_DAL_LA,LA,20,32,266,1,0,1,-8,0,0,234,115,11,5.92261934786802,-7.07896333187819,1,11,5,5,1,22,50,2,0,0,6,0.239573528873734,0,1,1,0,0,20,32,266,1,1,0,234,115,11,8.68954172998201,1,11,5,5,1,0,42,9,25,2,5,0,0,0,1,0,0,3,0,0,0,0,0,0,0,0,0,0,0,0,0,0,4,26,4,1,0,1,1,0,0,0,3,60,0,0,0,0,,,0,0,0,0,0,0,0,0,0,0,0,0,,,,0,0,0,2,2,0,0,1,0,0,0,0,0,4,0,46,165,0,0,1,0,0,3,29,0,136
2018,19,IND,POST,2018_19_IND_KC,KC,19,36,203,1,0,3,-24,1,1,308,48,10,-15.1965940716342,-9.84760630461905,0,12,4,3,0,14,87,0,0,0,4,2.55715245445026,0,4,2,1,0,19,36,203,1,0,0,308,48,10,-4.84658705623739,0,12,4,3,0,1,55,3,23,9,43,2,4,25,7,0,0,3,0,0,0,1,0,0,0,0,0,0,0,1,0,0,10,70,6,1,0,0,1,1,0,0,4,80,0,1,1,0,,0,0,0,0,0,0,0,0,1,0,0,0,0,,23,,0,23,0,1,2,1,0,0.5,0,0,0,0,0,7,0,57,338,2,0,0,1,1,5,6,0,312
2018,19,KC,POST,2018_19_IND_KC,IND,27,41,278,0,0,4,-25,0,0,368,143,14,-0.716711833255799,-1.59864033140787,0,14,5,2,0,33,180,4,1,0,12,11.1476327366545,0,7,4,2,0,27,41,278,0,1,1,368,142,14,2.44970277830962,0,14,5,2,0,0,31,1,15,4,24,1,3,24,5,0,0,11,0,1,0,0,0,0,0,0,0,2,-7,1,0,0,6,54,1,2,1,0,3,1,5,6,2,39,1,1,0,0,39,1,0,0,1,0,0,0,0,0,0,0,0,0,39,,,39,0,0,4,4,0,0,1,0,0,0,0,0,3,1,50,110,2,1,0,0,2,0,0,0,110
2018,19,LA,POST,2018_19_DAL_LA,DAL,15,28,186,0,0,0,0,0,0,237,71,11,2.71707735429335,-9.62419863100405,0,9,6,2,0,48,273,3,1,0,17,13.7070864477322,0,7,5,1,0,15,27,186,0,0,0,237,71,11,2.30048932752924,0,9,6,2,0,0,32,6,14,6,19,1,1,8,3,0,0,3,0,0,0,0,0,0,0,0,0,1,-4,0,0,0,4,41,6,0,1,0,1,0,3,29,0,0,3,4,1,0,44,0.75,0,2,0,1,0,0,0,0,0,0,0,1,25;23;44,63,,92,63,0,3,3,0,0,1,0,0,0,0,0,1,0,29,29,0,1,0,0,0,0,0,0,29
2018,19,LAC,POST,2018_19_LAC_NE,NE,25,51,331,3,1,2,-15,0,0,577,127,16,8.80037413700507,-6.40361664143015,1,15,9,6,1,10,19,1,0,0,2,-1.41122028234531,0,0,0,0,0,25,47,331,3,0,0,577,127,16,14.3864016557347,1,15,9,6,1,0,47,5,37,5,7,0,0,0,2,0,0,1,0,1,0,0,0,0,0,0,0,0,0,0,0,0,5,33,5,0,1,0,1,1,1,0,6,124,0,0,0,0,,,0,0,0,0,0,0,0,0,0,0,0,0,,,,0,0,0,2,2,0,0,1,0,0,0,0,0,6,0,43,237,1,0,0,0,1,5,37,0,200
2018,19,NE,POST,2018_19_LAC_NE,LAC,34,44,343,1,0,0,0,0,0,181,217,18,13.9661600705929,3.89235222881491,0,14,8,5,0,34,155,4,0,0,10,3.01265228618286,0,4,3,1,1,34,44,343,1,0,0,181,217,18,13.9661600705929,0,14,8,5,0,0,31,2,14,3,18,0,2,15,7,1,0,8,0,0,0,0,0,0,0,0,0,0,0,1,0,0,9,75,5,0,0,0,0,0,5,37,2,23,2,2,0,0,30,1,0,1,1,0,0,0,0,0,0,0,0,0,28;30,,,58,0,0,5,5,0,0,1,0,0,0,0,0,4,0,48,173,1,0,1,2,0,1,0,0,133
2018,19,NO,POST,2018_19_PHI_NO,PHI,28,38,301,2,1,2,-18,1,0,372,133,14,10.0995559111199,8.02413933985942,0,11,7,7,1,31,137,0,1,0,9,-1.10154989229209,0,5,5,1,0,28,37,301,2,0,0,372,133,14,14.2428104776165,0,11,7,7,1,0,24,4,14,0,0,0,0,0,4,2,14,6,0,0,0,0,0,0,0,0,0,2,-4,0,0,0,11,84,6,1,1,0,2,0,3,8,2,45,2,3,1,0,45,0.666666666666667,0,0,1,1,0,0,0,0,0,0,1,0,45;39,52,,84,52,0,2,2,0,0,1,0,0,0,0,0,3,0,50,134,0,1,0,0,2,0,0,0,134
2018,19,PHI,POST,2018_19_PHI_NO,NO,18,31,201,1,2,0,0,0,0,313,87,11,-2.12214645562926,-7.83148975141587,0,9,4,2,0,16,49,1,0,0,2,-2.21530405990779,0,1,1,0,0,18,31,201,1,0,0,313,87,11,-2.12214645562926,0,9,4,2,0,0,50,4,26,3,12,1,2,18,5,1,0,3,0,0,0,0,0,0,0,0,0,0,0,0,0,0,4,30,5,0,0,0,0,0,0,0,1,19,0,0,0,0,,,0,0,0,0,0,0,0,0,0,0,0,0,,,,0,0,0,2,2,0,0,1,0,0,0,0,0,5,0,54,241,3,0,0,0,2,3,8,0,233
2018,20,KC,POST,2018_20_NE_KC,NE,16,31,295,3,0,4,-46,1,0,420,132,11,7.34762666858761,-3.2720390064963,0,10,7,7,2,12,41,1,0,0,3,-1.06625645706663,0,1,0,0,0,16,29,295,3,0,0,420,132,11,14.9274178704072,0,10,7,7,2,0,55,1,43,0,0,0,0,0,1,2,24,4,0,0,0,0,0,0,0,0,0,1,0,0,0,0,4,28,4,1,0,0,1,0,1,-11,5,116,1,1,0,0,39,1,0,0,1,0,0,0,0,0,0,0,0,0,39,,,39,0,0,4,4,0,0,1,0,0,0,0,0,5,0,59,217,1,0,1,0,1,3,38,0,179
2018,20,LA,POST,2018_20_LA_NO,NO,26,41,309,1,1,1,-8,0,0,276,131,14,4.41363248526754,-3.76633764841618,0,12,7,4,0,26,77,1,1,0,5,-4.09194345376454,0,1,1,0,0,26,39,309,1,0,0,276,131,14,7.24153366150272,0,12,7,4,0,0,39,4,18,3,14,1,2,7,7,1,0,4,0,0,0,0,0,0,0,0,0,1,-2,0,0,0,7,64,6,0,1,0,1,0,1,0,1,17,4,4,0,0,57,1,0,1,1,1,1,0,0,0,0,0,0,0,36;24;48;57,,,165,0,0,2,2,0,0,1,1,1,0,0,57,4,0,50,183,1,1,1,0,2,0,0,0,183
2018,20,NE,POST,2018_20_NE_KC,KC,30,46,348,1,2,0,0,0,0,388,151,20,12.540144872386,-0.750027467375216,0,16,6,5,0,48,176,4,0,0,15,3.24540567727062,0,6,1,0,0,30,46,348,1,0,0,388,151,20,12.540144872386,0,16,6,5,0,0,30,1,9,4,45,1,4,46,9,0,0,2,0,0,0,0,0,0,0,0,0,0,0,0,0,0,6,61,3,0,0,0,0,0,3,38,4,82,1,1,0,0,47,1,0,0,0,1,0,0,0,0,0,0,0,0,47,,,47,0,0,4,4,0,0,1,0,0,0,0,0,2,0,43,75,2,0,0,0,1,1,-11,0,86
2018,20,NO,POST,2018_20_LA_NO,LA,26,41,249,2,1,2,-7,0,0,240,136,12,0.63205973458291,-4.32069431512784,0,6,4,3,1,21,48,0,1,0,5,-7.18485932640033,0,1,1,0,0,26,39,249,2,1,0,240,136,12,3.25673242021632,0,6,4,3,1,0,38,9,23,5,21,0,1,8,6,1,1,2,0,0,0,0,0,0,0,0,0,1,0,0,0,0,3,20,5,1,1,1,2,0,0,0,4,119,3,3,0,0,37,1,0,1,2,0,0,0,0,0,0,0,0,0,37;29;31,,,97,0,0,2,2,0,0,1,0,0,0,0,0,4,0,48,171,2,1,0,0,2,1,0,0,171
2018,21,LA,POST,2018_21_NE_LA,NE,19,38,229,0,1,4,-31,0,0,393,75,11,-11.3014567900357,-10.2464386986362,0,12,7,2,0,18,62,0,1,0,2,-3.25651155679952,0,1,1,0,0,19,36,229,0,0,0,393,75,11,-4.48800230026245,0,12,7,2,0,0,42,5,23,2,13,1,1,9,4,1,0,5,0,0,0,0,0,0,0,0,0,0,0,0,0,0,9,65,4,1,0,1,1,0,2,12,1,27,1,2,1,0,53,0.5,0,0,0,0,1,0,0,0,0,1,0,0,53,48,,53,48,0,0,0,0,0,,0,0,0,0,0,9,0,65,417,5,2,4,0,1,2,2,0,415
2018,21,NE,POST,2018_21_NE_LA,LA,21,35,262,0,1,1,-9,1,0,268,126,12,-2.64832506509936,-9.6748662846429,0,10,6,4,0,32,154,1,0,0,6,0.433560819288684,0,4,4,2,0,21,35,262,0,0,0,268,126,12,-1.17153840437039,0,10,6,4,0,0,38,0,12,7,36,1,4,31,12,1,0,8,0,0,0,0,0,0,0,0,0,1,0,0,0,0,3,20,4,1,0,0,1,0,2,2,1,38,2,3,1,0,42,0.666666666666667,0,0,0,2,0,0,0,0,0,1,0,0,42;41,46,,83,46,0,1,1,0,0,1,0,0,0,0,0,5,0,53,215,3,1,2,0,0,2,12,0,203
