season,week,team,season_type,game_id,opponent_team,completions,attempts,passing_yards,passing_tds,passing_interceptions,sacks_suffered,sack_yards_lost,sack_fumbles,sack_fumbles_lost,passing_air_yards,passing_yards_after_catch,passing_first_downs,passing_epa,passing_cpoe,passing_2pt_conversions,passing_10,passing_16,passing_20,passing_40,carries,rushing_yards,rushing_tds,rushing_fumbles,rushing_fumbles_lost,rushing_first_downs,rushing_epa,rushing_2pt_conversions,rushing_10,rushing_12,rushing_20,rushing_40,receptions,targets,receiving_yards,receiving_tds,receiving_fumbles,receiving_fumbles_lost,receiving_air_yards,receiving_yards_after_catch,receiving_first_downs,receiving_epa,receiving_2pt_conversions,receiving_10,receiving_16,receiving_20,receiving_40,special_teams_tds,def_tackles_solo,def_tackles_with_assist,def_tackle_assists,def_tackles_for_loss,def_tackles_for_loss_yards,def_fumbles_forced,def_sacks,def_sack_yards,def_qb_hits,def_interceptions,def_interception_yards,def_pass_defended,def_tds,def_fumbles,def_safeties,def_punt_blocks,def_pat_blocks,def_fg_blocks,def_2pt_atts,def_2pt_made,misc_yards,fumble_recovery_own,fumble_recovery_yards_own,fumble_recovery_opp,fumble_recovery_yards_opp,fumble_recovery_tds,penalties,penalty_yards,timeouts,fumbles_forced_by_opp,fumbles_not_forced,fumbles_out_of_bounds,fumbles_total,fumbles_lost_total,punt_returns,punt_return_yards,kickoff_returns,kickoff_return_yards,fg_made,fg_att,fg_missed,fg_blocked,fg_long,fg_pct,fg_made_0_19,fg_made_20_29,fg_made_30_39,fg_made_40_49,fg_made_50_59,fg_made_60_,fg_missed_0_19,fg_missed_20_29,fg_missed_30_39,fg_missed_40_49,fg_missed_50_59,fg_missed_60_,fg_made_list,fg_missed_list,fg_blocked_list,fg_made_distance,fg_missed_distance,fg_blocked_distance,pat_made,pat_att,pat_missed,pat_blocked,pat_pct,gwfg_made,gwfg_att,gwfg_missed,gwfg_blocked,gwfg_distance,pt_att,pt_blocked,pt_long,pt_yards,pt_inside_20,pt_out_of_bounds,pt_downed,pt_touchback,pt_fair_caught,pt_returned,pt_return_yards,pt_return_tds,pt_net_yards
2020,1,ARI,REG,2020_01_ARI_SF,SF,26,40,230,1,1,2,-6,0,0,192,133,12,-3.16413580890882,-2.22940871844421,0,10,2,1,0,36,180,2,1,0,13,9.08103456601384,0,7,4,3,0,26,37,230,1,1,0,192,133,12,1.00409781902353,0,10,2,1,0,0,39,2,20,4,22,0,3,16,6,0,0,4,0,0,0,1,0,0,0,0,5,2,0,0,0,0,9,102,5,2,0,0,2,0,2,8,1,42,1,3,2,0,56,0.333333333333333,0,0,0,0,1,0,0,0,0,1,1,0,56,52;49,,56,101,0,3,3,0,0,1,0,0,0,0,0,4,0,53,191,1,0,1,0,0,3,29,0,162
2020,1,ATL,REG,2020_01_SEA_ATL,SEA,37,54,450,2,1,2,-16,0,0,524,106,23,6.09383628150787,4.67627398096598,0,23,11,5,1,21,72,1,1,1,4,-7.00506400888219,0,3,1,0,0,37,52,450,2,0,0,524,106,23,16.7300366442661,0,23,11,5,1,0,37,1,27,4,22,0,3,23,10,0,0,1,0,0,0,0,0,0,0,0,0,0,0,0,0,0,6,72,6,1,0,0,1,1,1,8,0,0,2,2,0,0,49,1,0,0,0,2,0,0,0,0,0,0,0,0,49;49,,,98,0,0,1,2,1,0,0.5,0,0,0,0,0,2,0,55,100,0,0,0,0,1,1,15,0,85
2020,1,BAL,REG,2020_01_CLE_BAL,CLE,21,26,284,3,0,2,-14,0,0,257,77,16,13.7606244222439,21.3830481767654,0,13,8,5,1,30,111,2,2,1,7,-2.12635431240778,0,4,4,0,0,21,25,284,3,0,0,257,77,16,18.7972734699724,0,13,8,5,1,0,35,3,25,3,23,3,2,21,6,1,8,8,0,0,0,0,0,0,0,0,0,1,0,2,3,0,7,66,3,1,1,0,2,1,2,26,2,64,1,1,0,0,41,1,0,0,0,1,0,0,0,0,0,0,0,0,41,,,41,0,0,5,5,0,0,1,0,0,0,0,0,3,0,49,125,2,1,1,0,0,1,1,0,124
2020,1,BUF,REG,2020_01_NYJ_BUF,NYJ,33,46,312,2,0,3,-6,0,0,279,137,17,13.8010084652079,6.88211434417301,0,15,5,3,0,32,98,1,2,2,8,-13.1249303315888,0,3,3,0,0,33,45,312,2,0,0,279,137,17,17.9748399993127,0,15,5,3,0,0,30,4,14,5,19,1,3,13,4,1,0,3,0,0,0,0,0,0,0,0,0,0,0,1,0,0,7,79,4,2,0,0,2,2,5,68,1,31,2,4,2,0,22,0.5,1,1,0,0,0,0,0,0,2,0,0,0,22;19,38;34,,41,72,0,3,3,0,0,1,0,0,0,0,0,1,0,53,53,0,0,0,0,1,0,0,0,53
2020,1,CAR,REG,2020_01_LV_CAR,LV,22,34,269,1,0,1,-10,0,0,279,137,13,6.3769420746635,0.54569472284878,1,12,6,1,1,30,129,2,0,0,8,1.63804445901149,0,3,3,0,0,22,34,269,1,0,0,279,137,13,8.32567343655184,1,12,6,1,1,0,37,0,28,1,1,1,0,0,0,0,0,4,0,0,0,0,0,0,0,0,0,0,0,0,0,0,5,65,6,0,0,0,0,0,2,29,4,109,3,3,0,0,47,1,0,0,1,2,0,0,0,0,0,0,0,0,47;46;31,,,124,0,0,1,2,1,0,0.5,0,0,0,0,0,2,0,60,120,0,0,0,0,0,2,37,0,83
2020,1,CHI,REG,2020_01_CHI_DET,DET,20,36,242,3,0,1,-28,1,0,349,81,15,2.50965546964375,-6.69561848044395,0,13,8,3,0,28,149,0,0,0,7,4.72853227608721,0,4,3,1,0,20,36,242,3,0,0,349,81,15,4.31261871763212,0,13,8,3,0,0,44,2,20,3,12,0,1,9,6,1,5,6,0,0,0,0,0,0,0,0,0,1,0,0,0,0,6,48,4,1,0,0,1,0,1,0,3,110,2,2,0,0,35,1,0,1,1,0,0,0,0,0,0,0,0,0,35;28,,,63,0,0,3,3,0,0,1,0,0,0,0,0,5,0,55,213,2,0,1,0,3,1,16,0,197
2020,1,CIN,REG,2020_01_LAC_CIN,LAC,23,36,193,0,1,3,-20,0,0,291,83,14,-6.34561267249686,-0.267357996531895,0,10,1,0,0,28,122,1,2,1,5,-8.47962174518034,0,2,2,1,0,23,35,193,0,0,0,291,83,14,-1.48640258062099,0,10,1,0,0,0,39,3,35,3,3,0,2,1,4,0,0,5,0,0,0,0,0,0,0,0,0,0,-5,0,0,0,7,44,5,1,1,1,2,1,2,29,1,44,2,3,1,0,50,0.666666666666667,0,0,0,1,1,0,0,0,1,0,0,0,50;43,31,,93,31,0,1,1,0,0,1,0,0,0,0,0,6,0,70,330,3,0,0,3,1,2,7,0,263
2020,1,CLE,REG,2020_01_CLE_BAL,BAL,21,39,189,1,1,2,-21,0,0,358,34,10,-10.646842806337,-4.23168859311513,0,7,5,3,0,27,138,0,3,2,6,-5.78249876509653,0,5,2,2,0,21,35,189,1,0,0,358,34,10,-2.78698434049039,0,7,5,3,0,0,44,1,15,6,21,1,2,14,4,0,0,0,0,0,0,0,0,0,0,0,0,1,0,1,0,0,8,80,1,3,0,0,3,2,1,1,0,0,0,1,1,0,,0,0,0,0,0,0,0,0,0,0,1,0,0,,41,,0,41,0,0,1,1,0,0,0,0,0,0,0,3,0,59,137,1,0,1,0,0,2,26,0,111
2020,1,DAL,REG,2020_01_DAL_LA,LA,25,39,266,1,0,3,-22,0,0,283,114,14,-5.03047579732446,-4.59537256408382,0,13,4,2,0,27,136,1,0,0,9,3.66173548798542,0,5,4,0,0,25,37,266,1,0,0,283,114,14,1.75455660516673,0,13,4,2,0,0,42,7,27,1,6,0,1,6,3,1,0,4,0,0,0,0,0,0,0,0,0,0,0,0,0,0,7,50,4,0,0,0,0,0,1,20,2,48,1,2,1,0,33,0.5,0,0,1,0,0,0,0,0,0,0,1,0,33,53,,33,53,0,2,2,0,0,1,0,0,0,0,0,4,0,54,156,2,0,0,0,4,0,0,0,156
2020,1,DEN,REG,2020_01_TEN_DEN,TEN,22,33,216,1,0,0,0,0,0,303,133,12,-2.1552592641965,3.15756360068917,0,10,6,3,0,26,107,1,2,0,6,1.86469378057518,0,3,2,1,0,22,32,216,1,2,1,303,133,12,-6.69922476602369,0,10,6,3,0,0,55,0,20,2,3,0,1,2,7,0,0,5,0,0,0,0,0,1,0,0,0,2,-1,0,0,0,5,56,3,2,2,1,4,1,2,16,0,0,0,0,0,0,,,0,0,0,0,0,0,0,0,0,0,0,0,,,,0,0,0,2,2,0,0,1,0,0,0,0,0,5,0,56,244,3,1,0,0,1,3,19,0,225
2020,1,DET,REG,2020_01_CHI_DET,CHI,24,42,297,1,1,1,-9,0,0,372,129,14,2.01769837262699,-8.61651853817265,0,12,8,5,0,29,138,1,0,0,7,-3.01983212065534,0,6,5,1,0,24,41,297,1,0,0,372,129,14,4.17147680188653,0,12,8,5,0,0,43,2,12,1,1,1,1,28,5,0,0,3,0,0,0,0,0,0,0,0,0,0,0,0,0,0,8,77,5,0,0,0,0,0,1,16,2,66,3,4,1,0,44,0.75,0,1,1,1,0,0,0,0,0,0,1,0,27;32;44,55,,103,55,0,2,2,0,0,1,0,0,0,0,0,4,0,55,197,2,1,1,0,1,1,0,0,197
2020,1,GB,REG,2020_01_GB_MIN,MIN,32,44,364,4,0,0,0,0,0,391,155,17,17.9679529484224,13.0681962501712,0,12,6,5,2,32,158,1,1,0,11,5.54213486099616,0,4,4,1,0,32,41,364,4,0,0,391,155,17,20.9557170051402,0,12,6,5,2,0,31,0,18,4,14,0,2,11,4,1,-4,1,0,0,1,0,0,0,0,0,0,0,0,0,0,0,6,63,5,1,0,1,1,0,1,0,1,18,2,2,0,0,43,1,0,0,1,1,0,0,0,0,0,0,0,0,31;43,,,74,0,0,5,5,0,0,1,0,0,0,0,0,1,0,40,40,1,1,0,0,0,0,0,0,40
2020,1,HOU,REG,2020_01_HOU_KC,KC,20,32,253,1,1,4,-11,0,0,283,132,13,3.51792290072962,-1.22575029250114,0,12,6,3,0,22,118,2,0,0,8,5.31906943133799,0,3,3,0,0,20,31,253,1,0,0,283,132,13,8.46313194254953,0,12,6,3,0,0,50,1,15,4,12,0,1,8,3,0,0,2,0,0,0,0,0,0,0,0,0,0,0,0,0,0,5,37,4,0,0,0,0,0,1,19,3,66,0,1,1,0,,0,0,0,0,0,0,0,0,0,0,0,1,0,,51,,0,51,0,2,2,0,0,1,0,0,0,0,0,3,0,42,123,2,1,0,0,2,0,0,0,123
2020,1,IND,REG,2020_01_IND_JAX,JAX,36,46,363,1,2,1,-6,0,0,289,212,17,7.92827250124791,10.472451409568,0,14,8,4,0,22,88,1,0,0,5,-6.14965567269246,0,2,2,0,0,36,46,363,1,0,0,289,212,17,9.91244939118296,0,14,8,4,0,0,37,0,16,5,25,0,4,23,4,0,0,1,0,0,0,0,0,0,0,0,0,0,0,0,0,0,5,80,4,0,0,0,0,0,0,0,3,90,2,3,1,0,38,0.666666666666667,0,1,1,0,0,0,0,0,1,0,0,0,38;25,30,,63,30,0,2,2,0,0,1,0,0,0,0,0,0,0,,0,0,0,0,0,0,0,0,0,0
2020,1,JAX,REG,2020_01_IND_JAX,IND,19,20,173,3,0,4,-23,0,0,89,98,11,8.49217614020079,20.4871806502342,0,7,3,2,0,23,91,0,0,0,4,-2.33810857916251,0,3,1,0,0,19,20,173,3,0,0,89,98,11,16.0408343995805,0,7,3,2,0,0,47,1,19,2,9,0,1,6,6,2,34,5,0,0,0,0,0,0,0,0,0,0,0,0,0,0,6,61,1,0,0,0,0,0,0,0,2,50,2,2,0,0,50,1,0,0,0,1,1,0,0,0,0,0,0,0,50;46,,,96,0,0,3,3,0,0,1,0,0,0,0,0,3,0,53,136,1,1,1,0,1,0,0,0,136
2020,1,KC,REG,2020_01_HOU_KC,HOU,24,32,211,3,0,1,-8,0,0,147,133,16,13.9878289136104,8.08761473745108,0,10,2,0,0,34,166,1,0,0,9,0.334778832754214,0,4,3,1,0,24,32,211,3,0,0,147,133,16,16.0422363139223,0,10,2,0,0,0,39,0,14,2,7,0,4,11,7,1,39,2,0,0,0,0,0,0,0,0,0,0,0,0,0,0,1,5,3,0,0,0,0,0,0,0,2,48,2,2,0,0,29,1,1,1,0,0,0,0,0,0,0,0,0,0,29;19,,,48,0,0,4,4,0,0,1,0,0,0,0,0,3,0,54,136,1,0,1,1,0,1,19,0,97
2020,1,LA,REG,2020_01_DAL_LA,DAL,20,31,275,0,1,1,-6,0,0,140,195,12,4.94299644290471,-4.075566892113,0,11,7,5,0,40,153,2,0,0,11,-3.2493934680361,0,3,2,0,0,20,28,275,0,0,0,140,195,12,10.7392614126907,0,11,7,5,0,0,45,3,19,3,22,0,3,22,7,0,0,4,0,0,0,0,0,0,0,0,0,0,0,0,0,0,5,34,4,0,0,0,0,0,0,0,1,20,2,3,1,0,35,0.666666666666667,0,0,2,0,0,0,0,1,0,0,0,0,35;31,29,,66,29,0,2,2,0,0,1,0,0,0,0,0,3,0,58,142,2,0,0,0,2,1,20,0,122
2020,1,LAC,REG,2020_01_LAC_CIN,CIN,16,30,208,0,0,2,-1,0,0,335,80,10,-0.191233058797653,-2.46861844227232,0,9,4,3,0,39,155,1,0,0,7,-6.02759548589247,0,3,3,1,0,16,29,208,0,0,0,335,80,10,1.84353494144744,0,9,4,3,0,0,45,3,17,4,22,1,3,20,6,1,0,3,0,0,0,0,0,0,0,0,0,0,0,1,0,0,6,35,5,0,0,0,0,0,2,7,1,46,3,4,1,0,43,0.75,0,2,0,1,0,0,0,0,0,0,1,0,24;43;22,50,,89,50,0,1,1,0,0,1,0,0,0,0,0,5,0,63,244,1,3,0,0,0,2,29,0,215
2020,1,LV,REG,2020_01_LV_CAR,CAR,22,30,239,1,0,0,0,0,0,166,158,11,10.7774738096445,8.98731095450265,0,8,4,3,1,31,133,3,1,0,10,4.29820412988192,0,3,3,0,0,22,28,239,1,0,0,166,158,11,12.7246172837726,0,8,4,3,1,0,40,0,32,1,1,0,1,10,4,0,0,4,0,0,0,0,0,0,0,0,0,0,0,0,0,0,3,40,4,1,0,1,1,0,2,37,0,0,2,2,0,0,54,1,0,1,0,0,1,0,0,0,0,0,0,0,20;54,,,74,0,0,4,4,0,0,1,0,0,0,0,0,3,0,52,127,0,1,0,0,0,2,29,0,98
2020,1,MIA,REG,2020_01_MIA_NE,NE,20,30,191,0,3,1,-9,0,0,251,59,11,-8.42761098494043,3.81296406189601,0,9,4,2,0,27,87,1,0,0,6,-1.57095574347465,1,2,1,0,0,20,30,191,0,0,0,251,59,11,-7.20854284445045,0,9,4,2,0,0,42,14,16,6,20,1,2,15,3,0,0,3,0,0,0,0,0,0,0,0,0,1,0,0,0,0,4,35,2,0,1,0,1,0,1,-3,0,0,1,1,0,0,46,1,0,0,0,1,0,0,0,0,0,0,0,0,46,,,46,0,0,0,0,0,0,,0,0,0,0,0,3,0,58,152,0,0,0,1,1,1,0,0,132
2020,1,MIN,REG,2020_01_GB_MIN,GB,19,25,259,2,1,2,-11,0,0,267,72,12,7.71673644146944,7.92491674423218,1,10,7,5,0,22,134,2,0,0,10,8.40227562081441,2,4,4,1,0,19,25,259,2,0,0,267,72,12,11.3553136351897,1,10,7,5,0,0,51,2,12,2,2,1,0,0,2,0,0,1,0,0,0,0,0,0,0,0,0,0,0,0,0,0,5,20,2,0,0,0,0,0,0,0,2,64,1,1,0,0,35,1,0,0,1,0,0,0,0,0,0,0,0,0,35,,,35,0,0,1,1,0,0,1,0,0,0,0,0,2,0,40,80,1,0,0,0,1,1,0,0,80
2020,1,NE,REG,2020_01_MIA_NE,MIA,15,19,155,0,0,2,-15,0,0,101,88,8,3.36320788069861,4.25154002089249,0,7,3,1,0,42,217,3,0,0,18,13.590415530497,0,7,3,1,0,15,19,155,0,1,1,101,88,8,0.974621590226889,0,7,3,1,0,0,27,19,21,3,13,0,1,9,5,3,20,5,0,1,0,0,0,0,0,0,0,1,0,0,0,0,3,47,4,1,1,1,2,1,1,0,0,0,0,1,1,0,,0,0,0,0,0,0,0,0,0,0,1,0,0,,45,,0,45,0,3,3,0,0,1,0,0,0,0,0,3,0,55,119,3,1,1,0,0,1,-3,0,122
2020,1,NO,REG,2020_01_TB_NO,TB,19,31,198,2,0,1,-9,0,0,166,116,10,-0.639047635705901,-7.13142236073812,0,7,4,2,1,34,82,1,0,0,5,-13.5770682885562,0,1,1,0,0,19,30,198,2,0,0,166,116,10,2.45183508960927,0,7,4,2,1,0,44,1,13,5,20,1,3,15,6,2,53,5,1,0,0,0,0,1,0,0,0,0,0,1,0,0,6,119,5,0,0,0,0,0,4,59,0,0,2,2,0,0,29,1,0,2,0,0,0,0,0,0,0,0,0,0,29;21,,,50,0,0,4,4,0,0,1,0,0,0,0,0,6,0,51,264,5,0,1,0,4,1,0,0,264
2020,1,NYG,REG,2020_01_PIT_NYG,PIT,26,41,279,2,2,3,-17,0,0,232,116,16,-1.28484626662018,-0.0676090136552468,0,12,3,2,1,20,29,0,0,0,2,-7.89773997658631,0,1,1,0,0,26,39,279,2,0,0,232,116,16,3.97609485522347,0,12,3,2,1,0,41,5,19,4,28,1,2,21,5,0,0,3,0,0,0,0,0,0,0,0,0,0,0,1,0,0,4,25,4,0,0,0,0,0,3,39,0,0,1,1,0,0,21,1,0,1,0,0,0,0,0,0,0,0,0,0,21,,,21,0,0,1,1,0,0,1,0,0,0,0,0,5,0,53,193,3,0,1,0,1,3,13,0,180
2020,1,NYJ,REG,2020_01_NYJ_BUF,BUF,21,35,215,1,1,3,-13,0,0,257,136,8,-4.33029994290594,-3.15933028856913,0,6,4,3,1,15,52,1,0,0,4,0.218273769220104,0,0,0,0,0,21,33,215,1,1,1,257,139,8,-4.91879907692783,0,6,4,3,1,0,53,7,29,7,17,2,3,6,4,0,0,6,0,0,0,0,0,0,0,0,0,0,0,2,-2,0,9,95,5,1,0,0,1,1,0,0,2,32,1,1,0,0,31,1,0,0,1,0,0,0,0,0,0,0,0,0,31,,,31,0,0,2,2,0,0,1,0,0,0,0,0,6,0,58,278,0,0,0,0,1,5,68,0,210
2020,1,PHI,REG,2020_01_PHI_WAS,WAS,24,42,270,2,2,8,-62,2,1,520,113,13,-19.5759557018245,-6.44419771574792,0,11,6,4,1,17,57,0,0,0,3,-0.914912517473567,0,2,1,0,0,24,42,270,2,0,0,520,113,13,-0.800410522060702,0,11,6,4,1,0,47,0,20,4,9,1,3,19,10,0,0,4,0,1,0,0,0,0,0,0,0,2,0,0,0,0,3,20,6,2,1,0,3,1,3,14,0,0,1,2,1,0,38,0.5,0,0,1,0,0,0,0,0,0,0,1,0,38,53,,38,53,0,2,2,0,0,1,0,0,0,0,0,5,0,62,268,3,0,0,0,0,5,17,0,251
2020,1,PIT,REG,2020_01_PIT_NYG,NYG,21,32,229,3,0,2,-21,0,0,221,105,14,15.1010359203258,1.50843512627386,0,13,5,2,0,30,141,0,2,0,5,-5.37975092593115,0,4,3,2,0,21,31,229,3,0,0,221,105,14,18.6728681196739,0,13,5,2,0,0,42,2,12,11,38,0,3,17,8,2,0,5,0,1,0,0,0,0,0,0,0,2,-5,0,0,0,3,21,3,1,2,0,3,1,3,13,1,33,2,2,0,0,41,1,0,0,1,1,0,0,0,0,0,0,0,0,41;36,,,77,0,0,2,3,1,0,0.666666666666667,0,0,0,0,0,4,0,59,183,1,0,0,0,1,3,39,0,144
2020,1,SEA,REG,2020_01_SEA_ATL,ATL,31,35,322,4,0,3,-23,0,0,205,160,15,19.5701759177124,19.8031829084669,0,12,7,3,0,20,84,1,0,0,6,-1.1684552168299,0,3,2,1,0,31,35,322,4,0,0,205,160,15,24.3290171913201,0,12,7,3,0,0,43,1,23,5,19,1,2,16,8,1,0,7,0,0,0,0,0,0,0,0,0,1,0,1,0,0,6,46,4,0,1,0,1,0,1,15,2,43,1,1,0,0,42,1,0,0,0,1,0,0,0,0,0,0,0,0,42,,,42,0,0,5,5,0,0,1,0,0,0,0,0,4,0,53,191,2,1,0,0,2,1,8,0,183
2020,1,SF,REG,2020_01_ARI_SF,ARI,19,33,259,2,0,3,-16,0,0,220,161,10,0.376995504162,-6.22940361499786,0,8,4,2,2,25,123,0,0,0,6,-3.20965184847591,0,3,2,0,0,19,32,259,2,0,0,220,161,10,5.35948256277824,0,8,4,2,2,0,45,6,24,2,6,2,2,6,3,1,16,5,0,0,0,0,0,0,0,0,0,0,0,0,0,0,5,53,4,0,0,0,0,0,3,29,1,16,2,2,0,0,52,1,0,1,0,0,1,0,0,0,0,0,0,0,52;24,,,76,0,0,2,2,0,0,1,0,0,0,0,0,4,1,51,178,3,1,0,0,1,2,8,0,170
2020,1,TB,REG,2020_01_TB_NO,NO,23,36,239,2,2,3,-15,1,0,292,90,10,-10.4438573051715,-0.286711840068593,0,7,3,3,0,26,86,1,0,0,7,0.0895101216738112,0,2,1,1,0,23,34,239,2,0,0,292,90,10,-4.42467804464093,0,7,3,3,0,0,43,2,24,7,28,0,1,9,3,0,0,3,0,0,0,0,0,0,0,0,0,1,0,0,0,0,9,103,5,1,1,0,2,1,1,0,1,0,1,2,0,1,38,0.5,0,0,1,0,0,0,0,0,0,0,0,0,38,,54,38,0,54,2,2,0,0,1,0,0,0,0,0,5,0,59,236,0,0,0,0,1,4,59,0,177
2020,1,TEN,REG,2020_01_TEN_DEN,DEN,29,43,249,2,0,1,-2,0,0,266,96,17,9.90078119014102,5.29876835644245,0,9,4,3,0,34,130,0,0,0,6,-1.72862653419725,0,4,1,0,0,29,40,249,2,0,0,266,96,17,12.5127743193315,0,9,4,3,0,0,40,0,16,5,13,2,0,0,5,0,0,2,0,0,0,0,0,0,0,0,0,0,0,1,0,0,5,37,4,0,0,0,0,0,3,19,1,19,1,4,2,1,25,0.25,0,1,0,0,0,0,0,0,0,2,0,0,25,47;42,44,25,89,44,1,2,1,0,0.5,1,1,0,0,25,4,0,66,204,2,1,0,0,1,2,16,0,188
2020,1,WAS,REG,2020_01_PHI_WAS,PHI,17,31,178,1,0,3,-19,1,0,248,95,11,-3.45859741743001,-6.56621346871058,0,9,5,1,0,36,80,2,0,0,5,-10.3997618080466,0,2,2,1,0,17,30,178,1,0,0,248,95,11,2.08272804834601,0,9,5,1,0,0,36,1,23,10,63,2,8,62,14,2,32,3,0,1,0,0,0,0,0,0,0,2,0,1,6,0,7,55,3,1,1,0,2,0,5,17,0,0,2,3,1,0,40,0.666666666666667,0,0,1,1,0,0,0,0,0,1,0,0,38;40,48,,78,48,0,3,3,0,0,1,0,0,0,0,0,7,0,51,329,2,0,2,0,2,3,14,0,315
2020,2,ARI,REG,2020_02_WAS_ARI,WAS,26,38,286,1,1,3,-8,0,0,352,118,13,3.76193167115552,7.48446978190366,0,9,4,4,2,32,160,2,0,0,8,4.50723167047478,0,5,4,1,0,26,34,286,1,1,0,352,120,13,11.2512226267484,0,9,4,4,2,0,44,2,12,6,26,2,4,24,8,0,0,2,0,0,0,0,0,0,0,0,0,0,0,2,0,0,11,97,2,1,0,1,1,0,2,5,1,0,3,3,0,0,49,1,0,1,1,1,0,0,0,0,0,0,0,0,49;33;28,,,110,0,0,3,3,0,0,1,0,0,0,0,0,4,0,58,197,1,0,0,0,1,3,17,0,180
2020,2,ATL,REG,2020_02_ATL_DAL,DAL,24,37,273,4,0,1,-6,0,0,377,105,15,12.1677603089477,4.22305150164498,0,12,6,5,1,34,113,0,0,0,5,-3.96094949865456,0,1,0,0,0,24,36,273,4,0,0,377,105,15,13.9569892861758,0,12,6,5,1,0,53,2,26,1,3,4,1,5,4,0,0,4,0,0,0,0,0,0,0,0,0,0,0,3,3,0,8,51,5,0,0,0,0,0,0,0,3,62,4,4,0,0,42,1,0,1,1,2,0,0,0,0,0,0,0,0,42;27;41;32,,,142,0,0,3,3,0,0,1,0,0,0,0,0,4,0,44,158,1,0,0,0,3,1,3,0,155
2020,2,BAL,REG,2020_02_BAL_HOU,HOU,18,24,204,1,0,4,-27,0,0,190,103,11,5.57358104844811,11.1501701500105,0,10,5,3,0,37,230,1,0,0,11,4.73908649452607,0,8,6,3,1,18,23,204,1,0,0,190,103,11,12.6091343077643,0,10,5,3,0,0,37,4,16,2,13,1,4,22,13,1,9,2,0,0,0,0,0,0,0,0,0,0,0,1,22,1,3,21,4,0,0,0,0,0,1,8,3,55,4,4,0,0,47,1,0,1,2,1,0,0,0,0,0,0,0,0,32;39;47;20,,,138,0,0,3,3,0,0,1,0,0,0,0,0,2,0,53,94,1,0,0,0,1,1,10,0,84
2020,2,BUF,REG,2020_02_BUF_MIA,MIA,24,35,415,4,0,1,-4,0,0,362,154,15,28.7114746295589,6.27553454467229,0,14,10,9,3,23,112,0,0,0,7,-2.4038117674645,0,5,4,0,0,24,35,415,4,1,1,362,154,15,24.4569504762509,0,14,10,9,3,0,43,6,20,3,18,1,3,17,10,0,0,8,0,0,0,0,0,0,0,0,0,0,0,0,0,0,6,55,4,1,0,0,1,1,2,18,1,-1,1,1,0,0,39,1,0,0,1,0,0,0,0,0,0,0,0,0,39,,,39,0,0,4,4,0,0,1,0,0,0,0,0,4,0,45,164,2,1,0,0,1,2,11,0,153
2020,2,CAR,REG,2020_02_CAR_TB,TB,33,42,367,0,2,5,-27,1,1,309,149,18,-4.21084820552092,13.2517142593861,0,17,6,3,0,24,87,2,0,0,5,-2.05127992664347,0,1,1,0,0,33,40,367,0,1,1,309,149,18,4.45669069237015,0,17,6,3,0,0,30,2,22,3,7,0,0,0,1,1,44,2,0,1,0,0,0,0,0,0,0,0,0,1,0,0,9,77,5,2,1,1,3,2,2,-1,0,0,1,1,0,0,23,1,0,1,0,0,0,0,0,0,0,0,0,0,23,,,23,0,0,2,2,0,0,1,0,0,0,0,0,2,0,57,101,1,0,0,1,0,1,0,0,81
2020,2,CHI,REG,2020_02_NYG_CHI,NYG,18,28,190,2,2,4,-21,0,0,239,71,11,1.77399854173136,-1.87631909336363,0,9,4,1,0,32,135,0,0,0,7,-2.75440137059195,0,5,2,1,0,18,28,190,2,1,0,239,71,11,5.60985282324645,0,9,4,1,0,0,45,1,9,6,21,1,4,21,4,1,10,5,0,0,0,0,0,0,0,0,0,1,0,1,0,0,5,48,2,1,0,0,1,0,0,0,4,93,1,2,1,0,34,0.5,0,0,1,0,0,0,0,0,0,0,1,0,34,50,,34,50,0,2,2,0,0,1,0,0,0,0,0,3,0,51,134,2,0,2,0,0,1,11,0,123
2020,2,CIN,REG,2020_02_CIN_CLE,CLE,37,61,316,3,0,3,-31,1,1,486,127,20,11.0614364221275,-0.568090404494334,0,13,4,1,0,24,68,0,1,0,7,-4.67845659400336,0,0,0,0,0,37,59,316,3,0,0,486,127,20,19.6777443942847,0,13,4,1,0,0,26,1,37,1,1,0,0,0,0,1,30,1,0,0,0,0,0,0,0,0,0,1,-22,0,0,0,4,45,6,1,1,0,2,1,0,0,2,87,3,3,0,0,43,1,0,1,1,1,0,0,0,0,0,0,0,0,38;43;27,,,108,0,0,3,3,0,0,1,0,0,0,0,0,2,0,50,98,0,0,1,0,0,1,13,0,85
2020,2,CLE,REG,2020_02_CIN_CLE,CIN,16,23,219,2,1,0,0,0,0,210,73,9,10.9915884896473,12.4059156292961,0,9,5,3,1,35,215,3,0,0,14,6.76303253835067,0,9,4,3,0,16,21,219,2,0,0,210,73,9,13.9006392760493,0,9,5,3,1,0,49,2,24,3,27,1,3,31,7,0,0,7,0,0,0,0,0,0,0,0,0,0,0,1,0,0,8,76,3,0,0,0,0,0,1,13,0,0,0,0,0,0,,,0,0,0,0,0,0,0,0,0,0,0,0,,,,0,0,0,5,5,0,0,1,0,0,0,0,0,1,0,43,43,0,0,0,0,1,0,0,0,43
2020,2,DAL,REG,2020_02_ATL_DAL,ATL,34,49,450,1,0,1,-5,1,1,381,205,20,14.7623055240713,2.91722810014765,0,19,8,7,1,31,125,4,2,1,9,-3.16248776701011,0,4,0,0,0,34,47,450,1,1,1,381,205,20,13.8723080606433,0,19,8,7,1,0,45,1,29,4,12,0,1,6,4,0,0,4,0,0,0,0,0,0,0,0,0,1,0,0,0,0,7,75,4,4,0,0,4,3,1,3,5,106,2,2,0,0,46,1,0,0,1,1,0,0,0,0,0,0,0,0,33;46,,,79,0,0,4,4,0,0,1,1,1,0,0,46,1,0,43,43,0,0,0,0,1,0,0,0,43
2020,2,DEN,REG,2020_02_DEN_PIT,PIT,19,39,276,2,1,7,-61,1,1,515,61,12,-11.0602015446412,-6.10994810336515,1,13,10,5,1,26,104,0,1,0,5,-2.58225859975209,0,4,3,0,0,19,38,276,2,0,0,515,61,12,5.52599371750779,1,13,10,5,1,0,44,4,10,6,29,1,1,10,3,1,37,5,0,0,0,0,0,0,0,0,0,1,-12,1,2,0,4,30,6,1,1,0,2,1,2,15,3,56,2,3,1,0,49,0.666666666666667,0,1,0,1,0,0,0,0,0,0,1,0,49;28,58,,77,58,0,1,1,0,0,1,0,0,0,0,0,4,0,55,169,1,2,0,0,0,2,25,0,144
2020,2,DET,REG,2020_02_DET_GB,GB,20,33,244,2,1,4,-26,0,0,257,138,10,-6.0248376239615,-0.608643641074499,0,9,5,3,0,21,89,1,0,0,8,3.96229680319084,0,1,1,1,0,20,30,244,2,0,0,257,138,10,0.810603668476688,0,9,5,3,0,0,38,6,20,3,19,0,1,11,3,0,0,4,0,0,0,0,0,0,0,0,0,0,0,0,0,0,7,70,4,0,0,0,0,0,0,0,1,27,0,1,1,0,,0,0,0,0,0,0,0,0,0,0,0,1,0,,57,,0,57,0,3,3,0,0,1,0,0,0,0,0,5,0,67,271,2,1,0,0,2,2,6,0,265
2020,2,GB,REG,2020_02_DET_GB,DET,18,30,240,2,0,1,-11,0,0,277,100,13,14.7731866719615,-3.23531488577525,0,11,5,4,1,35,259,2,0,0,9,8.59753982634004,1,8,6,1,1,18,30,240,2,0,0,277,100,13,16.8738483316912,0,11,5,4,1,0,33,3,17,3,21,0,4,26,7,1,7,4,1,0,0,0,0,0,0,0,0,0,0,0,0,0,8,60,5,0,0,0,0,0,2,6,2,34,2,2,0,0,43,1,0,0,1,1,0,0,0,0,0,0,0,0,43;35,,,78,0,0,4,4,0,0,1,0,0,0,0,0,3,0,54,128,3,2,1,0,0,0,0,0,128
2020,2,HOU,REG,2020_02_BAL_HOU,BAL,25,36,275,1,1,4,-22,0,0,283,112,15,0.722655850164551,6.51831530472812,0,12,3,3,0,17,51,0,0,0,2,-4.49942156334873,0,0,0,0,0,25,34,275,1,1,1,283,112,15,-0.831972183442246,0,12,3,3,0,0,44,1,29,5,30,0,4,27,5,0,0,3,0,0,0,0,0,0,0,0,0,0,0,0,0,0,4,22,6,1,0,0,1,1,1,10,1,17,3,3,0,0,45,1,0,0,1,2,0,0,0,0,0,0,0,0,44;35;45,,,124,0,0,1,1,0,0,1,0,0,0,0,0,3,0,57,140,2,0,0,0,2,1,8,0,132
2020,2,IND,REG,2020_02_MIN_IND,MIN,19,25,214,1,1,2,-11,1,0,219,108,10,2.86114229832731,7.60834324359894,0,8,6,4,0,40,151,1,0,0,11,-3.10818830622324,0,1,1,0,0,19,25,214,1,0,0,219,108,10,5.66762030765369,0,8,6,4,0,0,26,8,10,3,12,0,3,18,7,3,59,9,0,0,1,0,0,0,0,0,0,1,0,0,0,0,9,93,2,1,0,0,1,0,4,40,2,27,4,4,0,0,44,1,0,1,2,1,0,0,0,0,0,0,0,0,28;38;38;44,,,148,0,0,2,2,0,0,1,0,0,0,0,0,2,0,48,87,1,0,2,0,0,0,0,0,87
2020,2,JAX,REG,2020_02_JAX_TEN,TEN,30,45,339,3,2,2,-24,0,0,393,96,20,11.3792018429884,5.7127830657092,0,14,5,3,1,27,165,1,1,0,9,7.44808439264307,0,5,4,1,0,30,44,339,3,0,0,393,96,20,15.7301781919594,0,14,5,3,1,0,36,8,26,3,18,0,1,8,4,0,0,2,0,1,0,0,0,0,0,0,0,1,-1,0,0,0,8,60,6,0,2,1,2,0,1,0,1,0,1,1,0,0,35,1,0,0,1,0,0,0,0,0,0,0,0,0,35,,,35,0,0,3,4,1,0,0.75,0,0,0,0,0,2,0,45,80,1,1,0,0,0,1,0,0,80
2020,2,KC,REG,2020_02_KC_LAC,LAC,27,47,302,2,0,1,-13,0,0,339,116,15,3.69933146056174,-9.2946536011166,1,14,4,3,1,22,125,0,0,0,8,4.69119936588003,0,5,4,1,0,27,45,302,2,0,0,339,116,15,6.89294698559134,1,14,4,3,1,0,50,3,37,3,16,0,2,15,7,1,0,3,0,0,0,0,0,0,0,0,0,0,0,0,0,0,11,90,3,0,0,0,0,0,1,16,1,31,3,3,0,0,58,1,0,0,1,0,2,0,0,0,0,0,0,0,58;30;58,,,146,0,0,0,1,0,1,0,1,1,0,0,58,5,0,55,221,2,1,0,1,2,1,3,0,198
2020,2,LA,REG,2020_02_LA_PHI,PHI,20,27,267,3,0,1,-9,0,0,221,109,17,21.1968137222927,16.2297883859048,0,13,7,6,0,39,191,2,0,0,11,4.54270494010416,0,5,3,1,1,20,26,267,3,0,0,221,109,17,23.9991544647261,0,13,7,6,0,0,43,0,22,0,0,1,0,0,3,2,0,5,0,1,0,0,0,0,0,0,0,0,0,1,0,0,4,24,3,1,0,0,1,1,1,8,1,19,1,1,0,0,30,1,0,0,1,0,0,0,0,0,0,0,0,0,30,,,30,0,0,4,5,0,1,0.8,0,0,0,0,0,2,0,57,96,1,1,0,1,0,0,0,0,76
2020,2,LAC,REG,2020_02_KC_LAC,KC,22,33,311,1,1,2,-15,0,0,283,185,14,2.6712168447076,4.7502397497495,0,15,8,5,0,44,183,1,0,0,13,0.41641857085051,0,2,1,0,0,22,30,311,1,1,0,283,185,14,8.60450002265861,0,15,8,5,0,0,36,5,25,2,14,0,1,13,8,0,0,5,0,0,0,0,1,0,0,0,0,1,0,0,0,0,6,40,6,0,1,0,1,0,1,3,4,85,2,2,0,0,41,1,0,1,0,1,0,0,0,0,0,0,0,0,41;23,,,64,0,0,2,2,0,0,1,0,0,0,0,0,3,0,61,131,1,0,1,0,1,1,16,0,115
2020,2,LV,REG,2020_02_NO_LV,NO,28,38,284,3,0,3,-23,0,0,265,147,18,14.4086466194506,8.53234362952849,0,12,6,3,0,35,116,1,2,1,5,-5.5949816272375,0,4,4,1,0,28,34,284,3,0,0,265,147,18,21.7107288567349,0,12,6,3,0,0,42,0,4,0,0,0,0,0,7,1,6,4,0,0,0,0,0,0,0,0,0,1,-6,0,0,0,3,13,6,0,2,0,2,1,1,5,2,46,2,2,0,0,54,1,0,1,0,0,1,0,0,0,0,0,0,0,28;54,,,82,0,0,4,4,0,0,1,0,0,0,0,0,2,0,42,78,0,0,0,0,2,0,0,0,78
2020,2,MIA,REG,2020_02_BUF_MIA,BUF,31,47,328,2,0,3,-17,0,0,313,121,20,7.3569712128287,0.633218819680421,1,17,6,4,0,22,99,1,1,0,6,3.97002920796513,0,2,1,0,0,31,46,328,2,0,0,313,121,20,11.6976123409254,1,17,6,4,0,0,26,8,30,0,0,1,1,4,4,0,0,2,0,0,0,0,0,0,0,0,0,1,0,1,0,0,3,20,5,1,0,0,1,0,2,11,0,0,2,2,0,0,52,1,0,0,0,1,1,0,0,0,0,0,0,0,52;45,,,97,0,0,2,2,0,0,1,0,0,0,0,0,5,0,63,262,3,0,2,0,1,2,18,0,244
2020,2,MIN,REG,2020_02_MIN_IND,IND,11,26,113,0,3,3,-18,0,0,312,19,5,-13.0388942377744,-16.5175922538923,0,5,4,2,0,18,80,1,0,0,3,-0.316704396434827,1,2,1,0,0,11,23,113,0,0,0,312,19,5,-7.0164287117077,0,5,4,2,0,0,50,15,15,3,20,1,2,11,2,1,0,3,0,0,0,0,0,0,0,0,0,0,0,0,0,0,6,45,3,0,0,0,0,0,0,0,4,77,1,1,0,0,21,1,0,1,0,0,0,0,0,0,0,0,0,0,21,,,21,0,0,0,0,0,0,,0,0,0,0,0,4,0,46,168,0,0,0,0,0,4,40,0,128
2020,2,NE,REG,2020_02_NE_SEA,SEA,30,44,397,1,1,1,0,0,0,351,126,22,20.789546072667,1.92095048205797,0,19,12,4,1,25,67,2,0,0,5,-7.37670980438986,0,2,2,0,0,30,43,397,1,0,0,351,126,22,22.7933826452452,0,19,12,4,1,0,38,4,24,1,11,0,2,13,8,1,43,1,1,0,0,0,0,0,0,0,0,0,0,0,0,0,2,12,3,0,0,0,0,0,1,0,4,99,1,2,1,0,25,0.5,0,1,0,0,0,0,0,0,0,0,1,0,25,51,,25,51,0,3,3,0,0,1,0,0,0,0,0,2,0,57,113,0,0,1,0,0,1,20,0,93
2020,2,NO,REG,2020_02_NO_LV,LV,26,38,312,1,1,0,0,0,0,196,213,17,3.84633764173112,-3.92375846166868,0,13,9,3,0,19,112,2,0,0,8,6.36024849498062,0,4,2,1,0,26,37,312,1,0,0,196,213,17,4.43773691492596,0,13,9,3,0,0,50,0,28,7,37,0,3,23,4,0,0,3,0,0,0,0,0,0,0,0,0,0,0,1,0,0,10,129,5,0,0,0,0,0,0,0,2,64,1,1,0,0,31,1,0,0,1,0,0,0,0,0,0,0,0,0,31,,,31,0,0,3,3,0,0,1,0,0,0,0,0,3,0,43,109,2,0,0,0,2,1,5,0,104
2020,2,NYG,REG,2020_02_NYG_CHI,CHI,25,40,241,0,1,4,-21,1,1,254,80,15,-8.89800480285246,-0.872119350565804,0,12,4,3,0,18,75,1,0,0,4,2.48497073998442,0,2,2,0,0,25,36,241,0,0,0,254,80,15,2.14682927788183,0,12,4,3,0,0,48,3,15,7,24,1,4,21,5,2,13,6,0,0,0,0,0,0,0,0,0,0,0,0,0,0,3,10,6,1,0,0,1,1,1,11,2,56,2,3,1,0,39,0.666666666666667,0,0,2,0,0,0,0,0,0,0,1,0,39;37,57,,76,57,0,1,1,0,0,1,0,0,0,0,0,3,0,62,174,1,0,1,2,0,0,0,0,134
2020,2,NYJ,REG,2020_02_SF_NYJ,SF,21,32,179,1,0,1,-6,0,0,144,99,10,-2.74836200250207,-4.5271772891283,0,5,3,2,0,29,104,0,0,0,5,-9.37306847662174,0,3,2,0,0,21,32,179,1,0,0,144,99,10,-1.54909261858916,0,5,3,2,0,0,41,0,18,7,25,1,3,25,11,1,23,3,0,0,0,0,0,0,0,0,0,0,0,0,0,0,5,65,2,0,0,0,0,0,0,0,3,76,2,2,0,0,41,1,0,1,0,1,0,0,0,0,0,0,0,0,41;25,,,66,0,0,1,1,0,0,1,0,0,0,0,0,5,0,52,222,1,1,0,1,3,0,0,0,202
2020,2,PHI,REG,2020_02_LA_PHI,LA,26,43,242,0,2,0,0,0,0,281,111,13,-9.30583465984369,-6.57679496741876,0,10,3,2,0,26,121,2,1,1,11,2.82261190474685,0,1,1,0,0,26,41,242,0,0,0,281,111,13,-7.55858849854186,0,10,3,2,0,0,45,1,17,4,12,1,1,9,3,0,0,0,0,0,0,0,1,0,0,0,0,0,0,1,0,0,5,30,4,1,0,0,1,1,0,0,3,61,2,2,0,0,38,1,0,0,2,0,0,0,0,0,0,0,0,0,38;33,,,71,0,0,1,1,0,0,1,0,0,0,0,0,2,0,62,121,1,0,0,1,0,1,8,0,93
2020,2,PIT,REG,2020_02_DEN_PIT,DEN,29,41,311,2,1,1,-10,0,0,233,168,15,1.10792730242247,0.0512661730370871,0,10,5,3,1,22,109,1,2,1,4,-11.0452116753861,0,2,1,1,1,29,41,311,2,0,0,233,168,15,2.86786143976497,0,10,5,3,1,0,42,4,18,9,62,1,7,61,19,1,24,6,0,0,1,0,0,0,0,0,0,1,-8,1,8,0,10,89,4,1,1,0,2,1,2,25,3,88,1,1,0,0,21,1,0,1,0,0,0,0,0,0,0,0,0,0,21,,,21,0,0,3,3,0,0,1,0,0,0,0,0,5,0,54,209,2,0,0,1,2,2,15,0,174
2020,2,SEA,REG,2020_02_NE_SEA,NE,21,28,288,5,1,2,-13,0,0,258,133,11,10.4620238020434,17.1194134950638,0,8,6,3,1,30,154,0,0,0,10,2.56597263371805,0,3,2,1,0,21,25,288,5,0,0,258,133,11,15.763523484522,0,8,6,3,1,0,47,0,18,5,10,0,1,0,5,1,0,3,0,0,0,0,0,0,0,0,0,0,0,0,0,0,9,68,6,0,0,0,0,0,1,20,3,89,0,0,0,0,,,0,0,0,0,0,0,0,0,0,0,0,0,,,,0,0,0,5,5,0,0,1,0,0,0,0,0,4,0,63,200,4,0,1,0,2,1,0,0,200
2020,2,SF,REG,2020_02_SF_NYJ,NYJ,22,27,202,2,1,3,-25,1,0,134,125,12,7.55164109653629,16.7203336954117,0,10,4,1,0,29,182,2,0,0,3,2.81171249767067,0,3,3,2,2,22,27,202,2,0,0,134,125,12,12.2696223237442,0,10,4,1,0,0,38,4,24,4,11,0,1,6,6,0,0,4,0,0,0,0,0,0,0,0,0,2,0,0,0,0,5,59,2,1,1,0,2,0,0,0,3,71,1,1,0,0,46,1,0,0,0,1,0,0,0,0,0,0,0,0,46,,,46,0,0,4,4,0,0,1,0,0,0,0,0,4,0,59,199,2,0,0,1,3,0,0,0,179
2020,2,TB,REG,2020_02_CAR_TB,CAR,23,35,217,1,1,0,0,0,0,234,110,11,0.524379743148724,-1.62947390760694,0,6,3,3,1,22,122,3,1,1,5,-1.64878780148865,0,2,2,2,1,23,35,217,1,0,0,234,110,11,0.524379743148724,0,6,3,3,1,0,49,5,19,7,33,2,5,27,7,2,2,5,0,0,0,0,0,0,0,0,0,0,-3,2,6,0,5,37,4,0,1,0,1,1,1,0,0,0,1,1,0,0,33,1,0,0,1,0,0,0,0,0,0,0,0,0,33,,,33,0,0,4,4,0,0,1,0,0,0,0,0,4,0,49,168,2,0,0,0,2,2,-1,0,169
2020,2,TEN,REG,2020_02_JAX_TEN,JAX,18,24,239,4,0,1,-8,0,0,191,89,12,18.0335431041051,8.73836229244868,0,10,5,1,1,34,123,0,0,0,7,-4.23860552336555,0,3,2,0,0,18,24,239,4,0,0,191,89,12,20.8606345658511,0,10,5,1,1,0,38,10,24,4,28,0,2,24,5,2,44,11,0,0,0,0,0,0,0,0,0,0,0,0,0,0,4,30,2,0,0,0,0,0,1,0,4,54,2,2,0,0,51,1,0,0,0,1,1,0,0,0,0,0,0,0,51;49,,,100,0,0,3,4,1,0,0.75,0,0,0,0,0,3,0,57,122,3,0,1,0,1,1,0,0,122
2020,2,WAS,REG,2020_02_WAS_ARI,ARI,19,33,223,1,0,4,-24,1,1,283,134,10,-8.52634880224312,-10.9820355068554,0,10,5,4,0,23,117,1,0,0,7,4.07816172186006,0,3,1,0,0,19,33,223,1,0,0,283,134,10,2.68459407620296,0,10,5,4,0,0,54,2,14,4,13,1,3,8,2,1,1,1,0,1,0,0,0,0,0,0,0,0,0,0,0,0,6,42,3,2,0,0,2,2,3,17,3,42,1,1,0,0,24,1,0,1,0,0,0,0,0,0,0,0,0,0,24,,,24,0,0,0,0,0,0,,0,0,0,0,0,6,0,60,284,3,0,1,1,2,2,5,0,259
2020,3,ARI,REG,2020_03_DET_ARI,DET,23,35,270,2,3,1,-2,0,0,332,119,16,-4.14960266591515,0.471282456860398,0,16,4,3,0,27,109,1,0,0,10,3.9373085857369,0,4,3,0,0,23,33,270,2,0,0,332,119,16,-1.62094591511413,0,16,4,3,0,0,46,2,18,6,42,0,4,38,6,0,0,2,0,0,0,0,0,0,0,0,0,0,0,0,0,0,7,38,3,0,0,0,0,0,0,0,5,99,1,1,0,0,54,1,0,0,0,0,1,0,0,0,0,0,0,0,54,,,54,0,0,2,3,1,0,0.666666666666667,0,0,0,0,0,2,0,51,92,1,0,1,0,0,1,19,0,73
2020,3,ATL,REG,2020_03_CHI_ATL,CHI,19,38,238,1,1,2,-11,0,0,423,77,13,-7.07552664327406,-11.1262313237316,0,10,4,3,1,25,144,2,0,0,6,5.15291495621204,0,5,3,1,0,19,38,238,1,1,0,423,77,13,-3.79441962483087,0,10,4,3,1,0,42,1,21,6,32,2,2,9,9,2,23,7,0,0,0,0,0,0,1,0,0,0,0,0,0,0,7,75,5,1,0,1,1,0,3,32,2,26,2,3,1,0,36,0.666666666666667,0,1,1,0,0,0,0,0,0,1,0,0,29;36,48,,65,48,0,2,3,1,0,0.666666666666667,0,0,0,0,0,6,0,45,233,2,2,0,0,3,1,6,0,227
2020,3,BAL,REG,2020_03_KC_BAL,KC,15,28,97,1,0,4,-27,2,1,260,32,5,-14.926027899355,-10.7290618397571,0,2,1,0,0,21,158,0,0,0,8,8.77383019548142,0,5,3,2,0,15,27,97,1,1,0,260,32,5,-5.66346041856175,0,2,1,0,0,1,47,0,26,2,5,1,0,0,4,0,0,4,0,0,0,0,0,0,0,0,0,0,0,1,0,0,6,45,4,3,0,2,3,1,1,16,2,119,2,2,0,0,42,1,0,1,0,1,0,0,0,0,0,0,0,0,26;42,,,68,0,0,2,2,0,0,1,0,0,0,0,0,3,0,50,147,1,1,0,0,1,1,7,0,140
2020,3,BUF,REG,2020_03_LA_BUF,LA,24,33,311,4,1,4,-37,1,1,307,140,14,8.45506453636335,12.1034083887935,0,12,9,6,0,21,101,1,0,0,8,2.85711312745116,0,3,3,0,0,24,32,311,4,0,0,307,140,14,18.8021075778524,0,12,9,6,0,0,42,9,17,4,18,0,2,10,6,1,0,3,0,0,0,0,0,0,0,0,0,0,0,1,-1,0,5,55,2,1,0,0,1,1,0,0,2,73,0,0,0,0,,,0,0,0,0,0,0,0,0,0,0,0,0,,,,0,0,0,5,5,0,0,1,0,0,0,0,0,2,0,72,116,2,0,1,0,1,0,0,0,116
2020,3,CAR,REG,2020_03_CAR_LAC,LAC,22,28,235,1,0,2,-14,0,0,138,136,10,2.72457790192506,5.60749162126471,0,9,4,3,0,21,81,0,0,0,2,-7.87932953409016,0,2,2,1,0,22,27,235,1,0,0,138,136,10,8.78961947360599,0,9,4,3,0,0,42,7,29,5,34,2,2,11,8,1,66,7,0,0,0,0,0,0,0,0,0,0,0,3,10,0,3,30,2,0,0,0,0,0,1,8,1,35,5,5,0,0,31,1,0,3,2,0,0,0,0,0,0,0,0,0,29;24;30;22;31,,,136,0,0,0,1,0,1,0,0,0,0,0,0,4,0,52,189,1,0,1,0,1,2,10,0,179
2020,3,CHI,REG,2020_03_CHI_ATL,ATL,29,51,316,4,2,2,-9,0,0,532,152,14,-0.751705921585848,-1.61333722727639,0,12,8,5,0,25,130,0,0,0,8,0.53335766584496,0,4,2,1,1,29,49,316,4,1,0,532,152,14,3.46355994478316,0,12,8,5,0,0,37,4,18,1,4,1,2,11,8,1,1,5,0,0,0,0,0,0,0,0,0,1,0,0,0,0,10,80,1,2,0,0,2,0,1,6,3,91,1,2,1,0,35,0.5,0,0,1,0,0,0,0,0,0,1,0,0,35,46,,35,46,0,3,3,0,0,1,0,0,0,0,0,4,0,64,215,1,0,0,0,1,3,32,0,183
2020,3,CIN,REG,2020_03_CIN_PHI,PHI,31,44,312,2,0,8,-56,0,0,390,123,19,3.7584861013506,12.292991507621,0,14,6,2,1,18,48,0,0,0,2,-3.85366913219332,0,1,0,0,0,31,42,312,2,0,0,390,123,19,16.8670426699175,0,14,6,2,1,0,55,0,26,6,27,1,3,19,5,2,0,7,0,0,0,0,0,0,0,0,0,0,0,0,0,0,9,73,6,0,0,0,0,0,4,37,2,39,3,3,0,0,48,1,0,1,1,1,0,0,0,0,0,0,0,0,48;31;25,,,104,0,0,2,2,0,0,1,0,0,0,0,0,7,0,49,298,4,0,1,0,4,2,2,0,296
2020,3,CLE,REG,2020_03_WAS_CLE,WAS,16,23,156,2,0,2,-14,0,0,189,66,12,8.54908263424207,7.97040570865978,0,8,1,0,0,37,158,2,0,0,6,-3.97496670195654,0,5,3,2,0,16,22,156,2,0,0,189,66,12,14.2266831614243,0,8,1,0,0,0,36,1,19,3,14,3,3,18,3,3,51,6,0,1,0,0,0,0,0,0,0,1,0,2,0,0,6,50,1,1,0,0,1,0,2,11,1,31,2,2,0,0,42,1,0,0,1,1,0,0,0,0,0,0,0,0,42;30,,,72,0,0,4,4,0,0,1,0,0,0,0,0,5,0,57,229,2,1,0,0,1,3,23,0,206
2020,3,DAL,REG,2020_03_DAL_SEA,SEA,37,57,472,3,2,2,-11,1,1,458,186,20,7.75229741373247,1.34471878409386,0,17,10,9,4,21,61,1,0,0,5,2.98817456827965,0,0,0,0,0,37,56,472,3,0,0,458,186,20,17.6309419754186,0,17,10,9,4,0,40,2,20,5,22,1,4,20,8,0,0,3,0,0,0,0,0,0,0,0,0,0,0,0,0,0,10,59,4,1,0,0,1,1,4,33,1,0,2,2,0,0,43,1,0,0,0,2,0,0,0,0,0,0,0,0,43;42,,,85,0,0,1,3,1,1,0.333333333333333,0,0,0,0,0,3,0,49,139,1,0,0,0,2,1,0,0,139
2020,3,DEN,REG,2020_03_TB_DEN,TB,25,39,229,1,2,6,-45,1,0,262,92,9,-13.5305083781948,-3.42358476237247,0,7,5,3,0,14,42,0,0,0,2,-2.72167862998322,0,0,0,0,0,25,38,229,1,0,0,262,92,9,-5.43534330909621,0,7,5,3,0,0,46,0,14,5,17,0,2,12,6,0,0,3,0,0,0,0,1,0,0,0,0,1,0,0,0,0,4,30,3,1,0,0,1,0,0,0,0,0,1,1,0,0,56,1,0,0,0,0,1,0,0,0,0,0,0,0,56,,,56,0,0,1,1,0,0,1,0,0,0,0,0,5,1,49,226,0,1,1,0,0,3,21,0,205
2020,3,DET,REG,2020_03_DET_ARI,ARI,22,31,270,2,0,4,-38,0,0,220,151,16,6.25321579899879,4.41123102941821,0,15,7,4,0,27,90,0,0,0,3,-4.27069975506093,0,1,1,1,0,22,31,270,2,0,0,220,151,16,12.0946949565585,0,15,7,4,0,0,38,4,22,3,11,0,1,2,2,3,58,7,0,0,0,0,0,0,0,0,0,0,0,0,0,0,7,46,4,0,0,0,0,0,1,19,2,48,4,4,0,0,39,1,0,1,3,0,0,0,0,0,0,0,0,0,37;24;35;39,,,135,0,0,2,2,0,0,1,1,1,0,0,39,4,0,65,222,3,0,2,1,1,0,0,0,202
2020,3,GB,REG,2020_03_GB_NO,NO,21,32,283,3,0,1,-12,0,0,288,151,14,10.8884562912917,5.56463887294134,0,9,5,3,2,26,98,1,0,0,6,-1.5891775409691,0,3,3,0,0,21,30,283,3,0,0,288,151,14,15.0191833742483,0,9,5,3,2,0,42,1,21,2,9,3,2,13,2,0,0,3,0,0,0,0,0,0,0,0,0,0,0,1,0,0,2,10,2,0,0,0,0,0,0,0,2,30,3,3,0,0,52,1,0,0,1,1,1,0,0,0,0,0,0,0,52;33;49,,,134,0,0,4,4,0,0,1,0,0,0,0,0,1,0,38,38,0,0,0,0,0,1,14,0,24
2020,3,HOU,REG,2020_03_HOU_PIT,PIT,19,27,264,2,1,5,-33,0,0,285,82,12,7.01369289969443,10.6375833904302,0,12,9,6,0,15,29,1,0,0,1,-4.95242028645589,0,0,0,0,0,19,27,264,2,0,0,285,82,12,14.0709636077227,0,12,9,6,0,0,47,6,22,3,20,1,2,19,5,0,0,3,0,0,0,0,0,0,0,0,0,0,0,0,0,0,4,49,6,0,0,0,0,0,3,17,3,57,0,0,0,0,,,0,0,0,0,0,0,0,0,0,0,0,0,,,,0,0,0,3,3,0,0,1,0,0,0,0,0,6,0,58,291,1,1,1,0,2,2,25,0,266
2020,3,IND,REG,2020_03_NYJ_IND,NYJ,19,25,234,1,0,0,0,0,0,143,119,14,9.53077294398117,2.43066453933716,0,12,4,3,1,31,119,1,0,0,6,-6.13153824358805,0,5,3,1,0,19,25,234,1,0,0,143,119,14,9.53077294398117,0,12,4,3,1,0,41,8,12,6,25,0,2,17,7,3,91,5,2,0,1,0,0,0,0,0,0,0,0,0,0,0,4,40,3,0,0,0,0,0,2,24,1,8,2,3,1,0,42,0.666666666666667,0,0,0,2,0,0,0,0,0,1,0,0,42;41,41,,83,41,0,4,4,0,0,1,0,0,0,0,0,4,0,50,175,3,0,0,0,4,0,0,0,175
2020,3,JAX,REG,2020_03_MIA_JAX,MIA,30,42,275,0,1,4,-29,1,1,313,161,14,-9.56994947633939,4.11897606792904,0,11,6,1,0,17,72,2,0,0,5,-0.459544085053494,0,3,1,0,0,30,42,275,0,0,0,313,161,14,2.98895591165638,0,11,6,1,0,0,48,0,14,4,12,0,1,4,5,0,0,0,0,0,0,0,0,0,0,0,0,0,0,0,0,0,8,63,5,1,0,0,1,1,1,8,1,24,0,0,0,0,,,0,0,0,0,0,0,0,0,0,0,0,0,,,,0,0,0,1,2,1,0,0.5,0,0,0,0,0,3,0,63,157,0,0,0,1,0,2,28,0,109
2020,3,KC,REG,2020_03_KC_BAL,BAL,31,42,385,4,0,0,0,0,0,346,178,22,31.3778491390219,9.40051184194844,0,16,8,5,1,31,132,1,1,1,5,-7.87202980002621,0,4,3,1,0,31,41,385,4,0,0,346,178,22,32.141858290164,0,16,8,5,1,0,30,0,18,2,18,3,4,27,5,0,0,3,0,0,0,0,0,0,0,0,0,0,0,1,0,0,6,38,5,1,0,0,1,1,1,7,1,19,0,1,1,0,,0,0,0,0,0,0,0,0,0,0,1,0,0,,42,,0,42,0,4,5,1,0,0.8,0,0,0,0,0,1,0,58,58,0,0,0,0,0,1,16,0,42
2020,3,LA,REG,2020_03_LA_BUF,BUF,23,32,321,2,1,2,-10,0,0,185,154,15,12.7301219780268,6.4557671546936,1,15,11,6,0,32,167,2,0,0,13,9.56115336759831,0,6,6,0,0,23,31,321,2,1,0,185,154,15,16.4633494236188,1,15,11,6,0,0,32,8,20,4,34,1,4,37,7,1,0,2,0,0,0,0,0,0,0,0,0,2,-13,1,0,0,3,30,5,0,3,0,3,1,0,0,1,15,1,2,1,0,30,0.5,0,0,1,0,0,0,0,0,0,0,1,0,30,53,,30,53,0,3,3,0,0,1,0,0,0,0,0,0,0,,0,0,0,0,0,0,0,0,0,0
2020,3,LAC,REG,2020_03_CAR_LAC,CAR,35,49,330,1,1,2,-11,1,1,296,186,18,0.315184559262719,1.41730072597663,0,15,6,3,0,23,117,1,2,1,7,-6.65292628959287,0,4,2,0,0,35,48,330,1,1,1,296,186,18,6.81193892063749,0,15,6,3,0,0,37,4,20,6,20,0,2,14,2,0,0,1,0,0,0,0,1,0,1,0,0,1,-11,0,0,0,8,60,6,2,2,0,4,3,2,10,1,23,1,1,0,0,41,1,0,0,0,1,0,0,0,0,0,0,0,0,41,,,41,0,0,1,1,0,0,1,0,0,0,0,0,3,0,47,119,2,0,1,0,1,1,8,0,111
2020,3,LV,REG,2020_03_LV_NE,NE,24,32,261,2,0,2,-12,2,2,247,115,13,-2.2535475771533,9.89200854673982,0,12,5,4,0,22,126,0,1,1,7,-1.93834008998238,0,4,4,1,0,24,32,261,2,0,0,247,115,13,10.2642815149498,0,12,5,4,0,0,42,11,11,5,9,0,2,6,4,1,24,6,0,0,0,0,0,0,0,0,0,0,0,0,0,0,6,40,3,3,0,0,3,3,0,0,2,34,2,3,1,0,29,0.666666666666667,0,2,0,0,0,0,0,0,0,1,0,0,29;25,41,,54,41,0,2,2,0,0,1,0,0,0,0,0,3,0,46,136,1,0,0,0,2,1,11,0,125
2020,3,MIA,REG,2020_03_MIA_JAX,JAX,18,20,160,2,0,1,-4,0,0,144,46,9,8.72453706222586,24.6321550011635,0,7,4,1,0,36,138,2,0,0,10,1.24359617385244,0,4,4,1,0,18,20,160,2,0,0,144,46,9,9.87266445439309,0,7,4,1,0,0,32,1,35,2,16,1,4,29,10,1,1,3,0,0,0,0,0,0,0,0,0,0,0,1,0,0,6,51,2,0,0,0,0,0,2,28,2,31,1,1,0,0,30,1,0,0,1,0,0,0,0,0,0,0,0,0,30,,,30,0,0,4,4,0,0,1,0,0,0,0,0,4,0,47,164,2,0,1,0,2,1,8,0,156
2020,3,MIN,REG,2020_03_TEN_MIN,TEN,16,27,251,3,2,2,-13,0,0,237,121,11,3.18086819492419,0.113794207572937,0,8,4,3,1,33,226,1,1,1,10,-0.446676375053357,0,9,7,2,0,16,25,251,3,0,0,237,121,11,8.11770366774544,0,8,4,3,1,0,49,1,23,4,34,1,2,11,7,1,16,5,0,0,0,0,0,0,0,0,0,1,-14,0,0,0,3,20,4,1,1,0,2,1,0,0,2,47,1,2,1,0,41,0.5,0,0,0,1,0,0,0,0,0,1,0,0,41,49,,41,49,0,3,3,0,0,1,0,0,0,0,0,3,0,53,132,1,0,0,0,1,2,5,0,127
2020,3,NE,REG,2020_03_LV_NE,LV,17,28,162,1,1,2,-6,0,0,129,126,8,-4.46183265645947,-7.73549910102572,0,7,2,2,0,38,250,2,0,0,14,11.622934754855,0,7,7,3,1,17,28,162,1,0,0,129,126,8,-1.75819948111154,0,7,2,2,0,0,32,7,23,1,1,3,2,12,5,0,0,7,0,0,0,0,0,0,0,0,0,0,0,3,0,1,2,33,5,0,0,0,0,0,1,11,1,17,3,3,0,0,33,1,0,1,2,0,0,0,0,0,0,0,0,0,33;23;32,,,88,0,0,3,4,1,0,0.75,0,0,0,0,0,2,0,54,95,1,0,0,0,2,0,0,0,95
2020,3,NO,REG,2020_03_GB_NO,GB,29,36,288,3,0,2,-13,1,0,152,163,14,10.7231018215207,5.87490516049521,0,12,5,2,1,20,122,0,1,1,5,-3.87221698241774,0,2,1,1,1,29,35,288,3,0,0,152,163,14,13.8751410035439,0,12,5,2,1,0,39,1,13,3,17,0,1,12,3,0,0,1,0,0,0,0,0,0,0,0,0,2,0,0,0,0,8,83,5,3,0,0,3,1,1,14,3,78,3,3,0,0,45,1,0,0,2,1,0,0,0,0,0,0,0,0,45;35;34,,,114,0,0,3,3,0,0,1,0,0,0,0,0,3,0,46,115,0,0,0,0,3,0,0,0,115
2020,3,NYG,REG,2020_03_SF_NYG,SF,17,32,179,0,1,2,-14,0,0,284,39,8,-2.46670079260427,-12.4165584002772,0,7,4,3,0,15,66,0,1,1,3,-9.0408043685602,0,2,2,1,0,17,31,179,0,2,1,284,39,8,-3.78012130979976,0,7,4,3,0,0,35,10,34,4,22,0,2,16,9,0,0,7,0,0,0,0,0,0,0,0,0,1,-5,0,0,0,5,28,3,2,2,1,4,2,0,0,4,57,3,3,0,0,52,1,0,0,0,2,1,0,0,0,0,0,0,0,52;42;47,,,141,0,0,0,0,0,0,,0,0,0,0,0,1,0,54,54,1,0,1,0,0,0,0,0,54
2020,3,NYJ,REG,2020_03_NYJ_IND,IND,17,29,168,1,3,2,-17,0,0,182,122,7,-22.8810117928078,-3.99530151715645,0,6,5,2,0,29,109,0,0,0,7,-2.58826553972904,0,2,0,0,0,17,26,168,1,0,0,182,122,7,-16.934615315753,0,6,5,2,0,0,31,12,22,0,0,0,0,0,1,0,0,4,0,0,0,0,0,0,0,0,0,0,0,0,0,0,7,57,2,0,0,0,0,0,0,0,4,75,0,0,0,0,,,0,0,0,0,0,0,0,0,0,0,0,0,,,,0,0,0,1,1,0,0,1,0,0,0,0,0,5,0,45,210,1,1,0,0,2,2,24,0,186
2020,3,PHI,REG,2020_03_CIN_PHI,CIN,29,47,225,1,2,3,-19,1,0,353,104,11,-8.40164044884149,-4.11918088793755,0,9,3,2,0,36,172,1,1,0,12,5.05620056542102,0,5,4,1,0,29,44,225,1,0,0,353,104,11,-1.50205181544204,0,9,3,2,0,0,49,3,21,9,55,0,8,56,18,0,0,6,0,0,0,0,0,0,0,0,0,2,0,0,0,0,11,93,5,1,1,0,2,0,2,2,0,0,3,3,0,0,54,1,0,1,0,1,1,0,0,0,0,0,0,0,27;42;54,,,123,0,0,2,2,0,0,1,0,0,0,0,0,6,0,56,284,3,0,0,0,2,4,37,0,247
2020,3,PIT,REG,2020_03_HOU_PIT,HOU,23,36,237,2,0,2,-19,0,0,323,140,13,9.64403811714755,0.0693482160568237,1,11,3,2,0,38,169,1,0,0,10,-3.67503041729337,0,6,4,2,0,23,35,237,2,1,0,323,140,13,16.1165080576672,1,11,3,2,0,0,36,3,9,7,36,0,5,33,12,1,8,3,0,0,0,0,0,0,0,0,0,0,0,0,0,0,2,14,2,1,0,1,1,0,2,25,2,47,2,2,0,0,33,1,0,1,1,0,0,0,0,0,0,0,0,0,33;26,,,59,0,0,2,2,0,0,1,0,0,0,0,0,4,0,48,177,1,0,1,0,0,3,17,0,160
2020,3,SEA,REG,2020_03_DAL_SEA,DAL,27,40,315,5,0,4,-20,0,0,394,74,15,13.8089497720213,6.24100879618996,1,11,6,4,2,26,117,0,0,0,4,-1.29606129109743,0,4,3,1,0,27,38,315,5,1,1,394,74,15,13.9007471517399,1,11,6,4,2,0,50,3,15,6,19,1,2,11,10,2,4,9,0,1,1,0,1,0,0,0,0,0,0,1,13,0,5,30,4,1,1,2,2,1,1,0,2,26,0,0,0,0,,,0,0,0,0,0,0,0,0,0,0,0,0,,,,0,0,0,4,4,0,0,1,0,0,0,0,0,7,0,67,383,3,0,1,2,0,4,33,0,310
2020,3,SF,REG,2020_03_SF_NYG,NYG,25,36,343,1,0,2,-16,0,0,284,141,19,24.0023032499566,8.32088121346065,0,18,10,4,0,35,93,3,0,0,7,-1.65062649059109,0,3,1,0,0,25,35,343,1,0,0,284,141,19,28.4399405791308,0,18,10,4,0,0,27,2,16,3,17,2,2,14,6,1,0,7,0,0,0,0,0,0,0,0,0,0,0,2,3,0,6,45,3,0,0,0,0,0,0,0,0,0,3,4,1,0,52,0.75,0,1,1,0,1,0,0,0,0,0,1,0,52;32;26,55,,110,55,0,3,3,0,0,1,0,0,0,0,0,0,0,,0,0,0,0,0,0,0,0,0,0
2020,3,TB,REG,2020_03_TB_DEN,DEN,25,38,297,3,0,2,-12,0,0,311,111,12,11.5597023890887,5.41389799780316,0,11,4,4,1,25,68,0,1,0,5,-2.36017292221454,0,1,1,0,0,25,36,297,3,0,0,311,111,12,15.2844871660063,0,11,4,4,1,0,35,0,20,7,49,1,6,45,10,2,25,5,0,0,1,1,0,0,0,0,4,1,-1,0,0,0,9,71,2,0,1,0,1,0,3,21,1,17,2,2,0,0,43,1,0,0,1,1,0,0,0,0,0,0,0,0,43;35,,,78,0,0,2,3,0,1,0.666666666666667,0,0,0,0,0,5,0,58,219,3,1,0,1,3,0,0,0,199
2020,3,TEN,REG,2020_03_TEN_MIN,MIN,23,37,321,0,1,2,-11,1,0,363,88,13,-2.01296986123768,3.65422241615527,0,11,6,5,2,34,134,2,1,0,10,2.51575044821948,0,4,3,0,0,23,33,321,0,0,0,363,88,13,4.35550878422561,0,11,6,5,2,0,41,0,16,4,18,1,2,13,11,2,8,8,0,0,0,0,0,0,0,0,0,2,-19,1,25,0,4,45,2,1,1,0,2,0,2,5,1,30,6,6,0,0,55,1,0,0,3,0,3,0,0,0,0,0,0,0,39;31;30;51;54;55,,,260,0,0,1,1,0,0,1,0,0,0,0,0,3,0,59,143,1,0,0,1,2,0,0,0,123
2020,3,WAS,REG,2020_03_WAS_CLE,CLE,21,37,224,2,3,3,-18,1,1,245,145,12,-6.34806583350292,-3.38623865562327,0,11,4,3,0,22,103,1,1,0,6,-0.599766122642905,0,2,2,1,0,21,36,224,2,2,1,245,145,12,3.6337292738026,0,11,4,3,0,0,45,0,22,5,26,1,2,14,4,0,0,1,0,0,0,0,0,0,0,0,0,2,-7,0,0,0,4,40,1,3,1,0,4,2,3,23,0,0,0,0,0,0,,,0,0,0,0,0,0,0,0,0,0,0,0,,,,0,0,0,2,3,1,0,0.666666666666667,0,0,0,0,0,3,0,60,147,2,0,1,0,0,2,11,0,136
2020,4,ARI,REG,2020_04_ARI_CAR,CAR,24,31,133,3,0,1,0,1,1,213,63,11,1.21522022731369,11.0595443556386,0,4,1,1,0,23,129,0,0,0,6,3.16130362228432,0,1,1,1,1,24,31,133,3,0,0,213,63,11,5.14859594561858,0,4,1,1,0,0,43,1,29,3,9,0,0,0,3,1,0,4,0,0,0,0,0,0,0,0,0,0,0,0,0,0,5,29,5,1,0,0,1,1,0,0,0,0,0,0,0,0,,,0,0,0,0,0,0,0,0,0,0,0,0,,,,0,0,0,3,3,0,0,1,0,0,0,0,0,5,0,53,207,2,0,1,0,2,2,6,0,201
2020,4,ATL,REG,2020_04_ATL_GB,GB,28,39,285,0,0,4,-36,0,0,369,111,15,1.5015928262792,6.67952222701831,0,13,6,1,0,25,78,2,0,0,8,1.11073173565092,0,1,1,0,0,28,39,285,0,0,0,369,111,15,7.2406241134222,0,13,6,1,0,0,42,5,15,4,24,0,1,12,1,0,0,1,0,0,0,0,0,0,0,0,0,0,0,0,0,0,3,23,6,0,0,0,0,0,0,0,2,39,1,1,0,0,23,1,0,1,0,0,0,0,0,0,0,0,0,0,23,,,23,0,0,1,2,1,0,0.5,0,0,0,0,0,3,0,44,122,0,1,0,0,1,1,11,0,111
2020,4,BAL,REG,2020_04_BAL_WAS,WAS,15,23,208,2,2,1,-2,0,0,363,54,10,11.9560529624196,8.28108359938083,0,10,5,4,0,32,144,2,0,0,7,0.505583819409367,0,3,3,1,1,15,23,208,2,0,0,363,54,10,12.9814954474187,0,10,5,4,0,0,49,1,19,7,44,1,3,40,9,0,0,5,0,0,0,0,0,0,0,0,0,0,0,1,-3,0,5,30,5,0,0,0,0,0,3,28,0,0,1,1,0,0,46,1,0,0,0,1,0,0,0,0,0,0,0,0,46,,,46,0,0,4,4,0,0,1,0,0,0,0,0,3,0,51,141,3,0,0,0,2,1,-3,0,144
2020,4,BUF,REG,2020_04_BUF_LV,LV,24,34,288,2,0,1,-14,0,0,229,77,14,18.573673158527,5.26978801935911,0,12,4,3,1,24,63,2,0,0,5,-5.06458817166276,0,3,1,0,0,24,32,288,2,0,0,229,77,14,22.8536912547347,0,12,4,3,1,0,44,4,24,5,14,3,2,14,4,0,0,3,0,0,0,0,0,0,0,0,0,0,0,2,7,0,5,81,2,0,0,0,0,0,1,38,0,0,1,1,0,0,34,1,0,0,1,0,0,0,0,0,0,0,0,0,34,,,34,0,0,3,4,1,0,0.75,0,0,0,0,0,3,0,51,139,0,0,0,2,0,1,16,0,83
2020,4,CAR,REG,2020_04_ARI_CAR,ARI,26,37,276,2,1,0,0,0,0,228,173,17,12.5812969573618,6.32165372371674,0,14,9,5,0,35,168,2,0,0,11,5.45043584768428,0,6,5,2,0,26,36,276,2,0,0,228,173,17,13.0769886290965,0,14,9,5,0,0,37,0,16,7,19,1,1,0,3,0,0,2,0,0,0,0,0,0,0,0,0,0,0,1,0,0,10,72,1,0,0,0,0,0,2,6,2,42,1,2,1,0,27,0.5,0,1,0,0,0,0,0,0,0,1,0,0,27,42,,27,42,0,4,4,0,0,1,0,0,0,0,0,1,0,42,42,1,0,0,0,1,0,0,0,42
2020,4,CHI,REG,2020_04_IND_CHI,IND,26,42,249,1,1,1,-8,0,0,373,71,12,-4.56331902224469,-4.97650163514274,0,9,6,4,0,16,28,0,0,0,2,-4.3215615609223,1,0,0,0,0,26,42,249,1,0,0,373,71,12,-3.11282529862496,0,9,6,4,0,0,50,2,14,7,21,0,1,4,3,0,0,5,0,0,0,0,0,0,0,0,0,0,0,0,0,0,8,103,6,0,0,0,0,0,3,18,4,73,1,1,0,0,27,1,0,1,0,0,0,0,0,0,0,0,0,0,27,,,27,0,0,0,0,0,0,,0,0,0,0,0,7,0,62,313,2,0,1,1,1,4,42,0,251
2020,4,CIN,REG,2020_04_JAX_CIN,JAX,25,36,300,1,1,1,0,0,0,370,130,15,8.89080131882655,7.84586020878383,0,14,7,5,0,34,205,2,0,0,12,7.40890364122404,0,7,4,3,0,25,35,300,1,0,0,370,130,15,10.1296790216802,0,14,7,5,0,0,32,2,30,3,13,0,3,11,5,1,0,5,0,0,0,0,0,0,0,0,0,0,0,0,0,0,7,73,3,0,0,0,0,0,0,0,2,26,4,4,0,0,46,1,0,0,2,2,0,0,0,0,0,0,0,0,35;40;46;30,,,151,0,0,3,3,0,0,1,0,0,0,0,0,1,0,40,40,0,0,0,1,0,0,0,0,20
2020,4,CLE,REG,2020_04_CLE_DAL,DAL,20,31,202,3,0,2,-1,0,0,295,44,14,10.214170331718,13.5408390026826,0,11,3,1,0,40,307,3,0,0,16,17.9388583858237,1,11,7,4,1,20,26,202,3,0,0,295,44,14,16.4291017452297,0,11,3,1,0,0,55,0,16,4,20,2,3,21,2,1,0,4,0,0,0,0,0,0,0,0,0,0,0,2,0,0,5,40,5,0,0,0,0,0,1,13,4,81,2,2,0,0,44,1,0,0,1,1,0,0,0,0,0,0,0,0,37;44,,,81,0,0,5,5,0,0,1,0,0,0,0,0,4,0,45,171,1,0,0,0,0,4,32,0,139
2020,4,DAL,REG,2020_04_CLE_DAL,CLE,41,58,502,4,1,3,-21,1,1,511,235,29,11.34081116358,0.93074410126127,1,26,11,4,1,18,85,1,1,1,6,1.04811009744322,2,2,1,1,0,41,58,502,4,0,0,511,235,29,21.6039059430333,1,26,11,4,1,0,45,0,26,4,10,0,2,1,2,0,0,1,0,0,0,0,0,0,0,0,0,0,0,0,0,0,6,65,4,2,0,0,2,2,4,32,4,87,0,0,0,0,,,0,0,0,0,0,0,0,0,0,0,0,0,,,,0,0,0,2,2,0,0,1,0,0,0,0,0,3,0,52,133,1,0,0,0,2,1,13,0,120
2020,4,DEN,REG,2020_04_DEN_NYJ,NYJ,19,31,242,2,3,0,0,0,0,302,60,10,1.20406871625157,5.31296735363347,0,7,4,4,2,32,117,2,0,0,4,-3.2910408891039,0,3,3,1,1,19,28,242,2,0,0,302,60,10,3.65793016912025,0,7,4,4,2,0,42,4,20,6,47,0,6,54,10,0,0,6,0,0,0,0,0,0,0,0,0,0,0,0,0,0,8,94,4,0,0,0,0,0,2,51,1,17,3,3,0,0,54,1,0,0,0,1,2,0,0,0,0,0,0,0,40;54;53,,,147,0,0,4,4,0,0,1,0,0,0,0,0,1,0,49,49,0,0,0,0,0,1,11,0,38
2020,4,DET,REG,2020_04_NO_DET,NO,17,31,206,3,1,3,-15,0,0,325,75,12,2.18370404401515,-6.43048455317815,1,7,4,2,1,22,90,1,0,0,3,1.51774987345561,0,2,1,0,0,17,30,206,3,0,0,325,75,12,8.01880761380028,1,7,4,2,1,0,45,4,24,6,29,1,2,18,6,1,6,3,0,0,0,0,0,0,0,0,0,0,0,0,0,0,5,49,6,0,0,0,0,0,0,0,2,51,0,0,0,0,,,0,0,0,0,0,0,0,0,0,0,0,0,,,,0,0,0,3,3,0,0,1,0,0,0,0,0,4,0,57,218,1,0,1,0,0,3,33,0,185
2020,4,GB,REG,2020_04_ATL_GB,ATL,27,33,327,4,0,1,-12,0,0,285,173,17,25.9075972899264,17.1819944273342,0,13,9,6,0,26,88,0,0,0,4,-8.94180322944885,0,3,2,1,0,27,33,327,4,0,0,285,173,17,27.7496198833505,0,13,9,6,0,0,44,5,21,6,41,0,4,36,7,0,0,4,0,0,0,0,0,0,0,0,0,0,0,0,0,0,3,30,4,0,0,0,0,0,1,11,2,54,1,1,0,0,48,1,0,0,0,1,0,0,0,0,0,0,0,0,48,,,48,0,0,3,4,1,0,0.75,0,0,0,0,0,2,0,44,81,0,1,0,1,0,0,0,0,61
2020,4,HOU,REG,2020_04_MIN_HOU,MIN,20,33,300,2,0,3,-10,1,0,300,102,12,7.38793980051462,-2.64895144970186,0,14,7,5,1,26,96,0,1,0,5,-5.86990560157574,0,1,1,0,0,20,31,300,2,0,0,300,102,12,12.5833466162367,0,14,7,5,1,0,38,8,30,3,12,0,3,12,8,0,0,2,0,1,0,0,0,0,0,0,0,2,-4,0,0,0,2,15,4,1,2,0,3,1,2,14,2,51,3,3,0,0,50,1,0,2,0,0,1,0,0,0,0,0,0,0,50;28;25,,,103,0,0,2,2,0,0,1,0,0,0,0,0,4,0,59,201,0,0,0,1,2,1,6,0,175
2020,4,IND,REG,2020_04_IND_CHI,CHI,16,29,190,1,0,1,-4,0,0,230,73,9,6.71901326029725,-6.4264602959156,0,11,3,2,0,38,103,0,0,0,5,-7.87137409768592,0,4,4,0,0,16,28,190,1,0,0,230,73,9,7.45823349423352,0,11,3,2,0,0,41,0,14,3,12,0,1,8,5,1,15,7,0,0,0,0,0,0,0,0,0,0,0,0,0,0,8,76,4,0,0,0,0,0,4,42,2,56,4,4,0,0,44,1,0,1,2,1,0,0,0,0,0,0,0,0,21;30;44;30,,,125,0,0,1,1,0,0,1,0,0,0,0,0,5,0,60,252,2,0,1,1,0,3,18,0,214
2020,4,JAX,REG,2020_04_JAX_CIN,CIN,27,40,351,2,1,3,-11,0,0,304,146,16,10.2872058280969,8.02985851963361,0,14,8,7,0,20,89,0,0,0,4,-1.11140075347495,0,2,2,0,0,27,36,351,2,0,0,304,146,16,17.9209855712911,0,14,8,7,0,0,41,4,28,3,5,0,1,0,5,1,0,5,0,0,0,0,0,0,0,0,0,0,0,0,0,0,6,49,6,0,0,0,0,0,0,0,0,0,4,5,1,0,50,0.8,0,1,2,0,1,0,0,0,0,1,0,0,32;20;50;30,48,,132,48,0,1,1,0,0,1,0,0,0,0,0,2,0,46,88,0,0,0,0,2,0,0,0,88
2020,4,KC,REG,2020_04_NE_KC,NE,19,29,236,2,0,1,-7,0,0,235,152,12,6.61569467402239,-1.15381181240082,0,9,6,4,1,25,94,0,0,0,5,0.928941188829216,0,3,2,0,0,19,29,236,2,1,1,235,152,12,4.21851547970379,0,9,6,4,1,0,48,1,17,3,18,1,2,18,6,3,76,7,1,1,0,0,0,0,0,0,0,0,0,1,0,0,4,38,1,1,1,1,2,1,1,0,0,0,2,2,0,0,39,1,0,1,1,0,0,0,0,0,0,0,0,0,23;39,,,62,0,0,2,3,1,0,0.666666666666667,0,0,0,0,0,4,0,65,243,1,0,0,2,1,1,12,0,191
2020,4,LA,REG,2020_04_NYG_LA,NYG,25,32,200,1,0,2,-18,0,0,196,118,8,0.0341090982805756,5.07592093199492,0,5,2,1,1,23,58,1,0,0,7,0.379768269194756,0,1,1,0,0,25,32,200,1,2,1,196,118,8,-1.64637496127721,0,5,2,1,1,0,45,7,17,8,40,1,5,31,9,1,2,5,0,0,0,0,0,0,0,0,0,0,0,0,0,0,1,5,1,2,0,1,2,1,2,16,2,55,1,1,0,0,32,1,0,0,1,0,0,0,0,0,0,0,0,0,32,,,32,0,0,2,2,0,0,1,0,0,0,0,0,5,0,61,280,0,0,0,2,0,3,30,0,210
2020,4,LAC,REG,2020_04_LAC_TB,TB,20,25,290,3,1,2,-12,0,0,188,166,9,13.6531923804124,14.0447920560837,0,8,6,3,2,23,46,0,1,1,4,-7.7825595032773,0,1,0,0,0,20,25,290,3,0,0,188,166,9,17.1964940162999,0,8,6,3,2,0,40,5,27,1,1,0,0,0,6,1,78,5,1,0,0,0,0,0,0,0,0,0,0,0,0,0,7,60,4,1,0,0,1,1,1,10,0,0,1,2,1,0,53,0.5,0,0,0,0,1,0,0,0,0,1,0,0,53,47,,53,47,0,4,4,0,0,1,0,0,0,0,0,3,0,61,160,0,0,0,0,0,3,27,0,133
2020,4,LV,REG,2020_04_BUF_LV,BUF,32,44,311,2,0,2,-14,1,1,267,138,16,10.0919961210296,0.934663761493772,0,13,4,2,0,23,86,0,0,0,7,-7.40850309242641,0,4,1,0,0,32,43,311,2,1,1,267,138,16,13.8450072794643,0,13,4,2,0,0,37,1,15,5,25,0,1,14,6,0,0,2,0,1,0,0,0,0,0,0,0,1,0,0,0,0,7,65,6,3,0,0,3,2,1,16,2,47,3,3,0,0,54,1,0,1,1,0,1,0,0,0,0,0,0,0,54;39;25,,,118,0,0,2,2,0,0,1,0,0,0,0,0,1,0,57,57,0,0,0,0,0,1,38,0,19
2020,4,MIA,REG,2020_04_SEA_MIA,SEA,29,45,315,0,2,1,-3,0,0,341,140,17,3.64033351660911,-4.1795982254876,1,15,8,2,0,22,103,1,0,0,8,0.919996336522501,0,4,0,0,0,29,45,315,0,1,0,341,139,17,4.34190576211987,1,15,8,2,0,0,42,1,13,4,22,1,2,17,5,1,0,3,0,0,0,0,0,0,0,0,0,1,0,0,0,0,3,20,5,1,0,0,1,0,1,11,1,5,5,5,0,0,45,1,0,2,0,3,0,0,0,0,0,0,0,0,41;29;45;43;29,,,187,0,0,0,0,0,0,,0,0,0,0,0,1,0,51,51,0,0,0,0,1,0,0,0,51
2020,4,MIN,REG,2020_04_MIN_HOU,HOU,16,22,260,1,0,3,-12,0,0,276,94,10,9.87161744914872,19.2166725794474,0,9,8,6,0,40,162,3,0,0,14,6.18507030693581,0,3,2,0,0,16,21,260,1,0,0,276,94,10,15.5283205883383,0,9,8,6,0,0,33,9,25,3,14,1,3,10,4,0,0,3,0,0,0,0,0,0,0,0,0,0,0,1,0,0,4,36,3,0,0,0,0,0,1,6,2,40,1,2,1,0,31,0.5,0,0,1,0,0,0,0,0,0,0,1,0,31,55,,31,55,0,4,4,0,0,1,0,0,0,0,0,4,0,46,166,1,0,1,0,1,2,14,0,152
2020,4,NE,REG,2020_04_NE_KC,KC,20,37,190,1,3,2,-18,1,1,296,87,12,-18.9360104588636,-7.55225666931697,0,7,3,2,0,35,185,0,0,0,8,3.32953666793765,0,4,2,1,1,20,35,190,1,0,0,296,87,12,-10.5136579941686,0,7,3,2,0,0,32,2,18,2,8,1,1,7,1,0,0,2,0,0,0,0,0,0,0,0,0,0,0,1,0,0,4,43,5,1,0,0,1,1,1,12,0,0,1,1,0,0,43,1,0,0,0,1,0,0,0,0,0,0,0,0,43,,,43,0,0,1,1,0,0,1,0,0,0,0,0,3,0,58,157,3,0,1,0,1,1,0,0,157
2020,4,NO,REG,2020_04_NO_DET,DET,19,25,246,2,1,2,-18,0,0,233,90,15,10.5548065638286,10.8917441368103,0,12,8,3,0,42,164,3,1,0,13,6.71970172651345,0,3,1,0,0,19,25,246,2,1,0,233,90,15,14.5790612956625,0,12,8,3,0,0,38,0,6,5,18,0,3,15,7,1,0,3,0,0,0,0,0,0,0,0,0,2,-6,0,0,0,4,67,2,1,1,0,2,0,3,33,2,27,0,0,0,0,,,0,0,0,0,0,0,0,0,0,0,0,0,,,,0,0,0,5,5,0,0,1,0,0,0,0,0,2,0,38,66,1,1,1,0,0,0,0,0,66
2020,4,NYG,REG,2020_04_NYG_LA,LA,23,36,190,0,1,5,-31,1,0,209,118,11,-12.5092986279372,-8.14468661944071,0,9,2,1,0,25,136,0,0,0,7,0.902225967671257,0,5,2,1,0,23,36,190,0,0,0,209,118,11,-4.88939170810349,0,9,2,1,0,0,36,2,22,7,25,2,2,18,5,0,0,3,0,0,0,0,0,0,0,0,0,1,0,1,0,0,4,20,5,1,0,0,1,0,3,30,1,27,3,3,0,0,37,1,0,1,2,0,0,0,0,0,0,0,0,0,35;37;27,,,99,0,0,0,0,0,0,,0,0,0,0,0,5,0,50,216,2,0,0,0,3,2,16,0,200
2020,4,NYJ,REG,2020_04_DEN_NYJ,DEN,25,44,246,0,0,6,-54,0,0,439,68,11,-14.7359135477786,-3.82884914098784,0,10,4,3,0,24,129,1,0,0,5,1.54301527678035,0,2,2,1,1,25,43,246,0,0,0,439,68,11,-1.49072218044256,0,10,4,3,0,0,33,5,17,4,8,0,0,0,5,3,37,6,1,0,0,0,0,0,0,0,0,0,0,0,0,0,11,118,5,0,0,0,0,0,1,11,0,0,5,5,0,0,54,1,0,1,3,0,1,0,0,0,0,0,0,0,26;38;32;54;36,,,186,0,0,1,1,0,0,1,0,0,0,0,0,3,0,53,146,0,0,0,1,0,2,51,0,75
2020,4,PHI,REG,2020_04_PHI_SF,SF,18,28,193,1,1,3,-19,0,0,159,111,9,-2.14947499317819,1.31962448358536,1,6,4,4,1,28,93,1,2,0,6,-2.39145211072173,0,2,1,0,0,18,26,193,1,0,0,159,111,9,4.5162767157843,1,6,4,4,1,0,47,1,17,4,29,1,5,37,15,2,51,3,1,0,0,0,0,0,0,0,0,2,-25,1,0,0,3,25,3,0,2,0,2,0,1,8,1,15,1,1,0,0,35,1,0,0,1,0,0,0,0,0,0,0,0,0,35,,,35,0,0,2,2,0,0,1,0,0,0,0,0,6,0,61,307,3,1,1,1,1,2,6,0,281
2020,4,SEA,REG,2020_04_SEA_MIA,MIA,24,34,360,2,1,2,-17,0,0,305,168,17,10.8542367582408,11.4912261565526,0,13,9,6,1,26,98,2,1,0,8,1.5747096465202,0,1,1,0,0,24,33,360,2,0,0,305,168,17,16.7264193986625,0,13,9,6,1,0,43,0,18,3,4,1,1,3,6,2,17,12,0,0,0,0,0,0,0,0,0,1,0,0,0,0,0,0,5,1,0,0,1,0,0,0,2,35,1,1,0,0,55,1,0,0,0,0,1,0,0,0,0,0,0,0,55,,,55,0,0,4,4,0,0,1,0,0,0,0,0,2,0,58,92,1,0,1,0,0,1,11,0,81
2020,4,SF,REG,2020_04_PHI_SF,PHI,32,45,338,1,2,5,-37,1,1,259,168,20,-9.52125500042154,9.36562687885471,0,18,5,3,0,20,116,2,0,0,4,3.45712117259973,0,4,2,1,0,32,41,338,1,0,0,259,168,20,3.36842403341155,0,18,5,3,0,0,41,0,16,6,34,0,3,19,10,1,0,4,0,0,0,0,0,0,0,0,0,0,0,0,0,0,6,42,6,1,0,0,1,1,2,6,0,0,0,0,0,0,,,0,0,0,0,0,0,0,0,0,0,0,0,,,,0,0,0,2,2,0,0,1,0,0,0,0,0,4,0,51,177,2,0,1,0,2,1,8,0,169
2020,4,TB,REG,2020_04_LAC_TB,LAC,30,46,369,5,1,0,0,0,0,434,109,20,12.685636314257,4.94529459211561,0,13,8,5,2,27,115,0,0,0,6,-1.66912247339496,0,3,2,1,0,30,45,369,5,0,0,434,109,20,13.4896884201289,0,13,8,5,2,0,32,4,14,4,14,1,2,12,6,1,3,3,0,0,0,0,0,0,0,0,0,0,0,1,2,0,8,90,2,0,0,0,0,0,3,27,2,57,1,2,1,0,26,0.5,0,1,0,0,0,0,0,0,0,1,0,0,26,44,,26,44,0,5,5,0,0,1,0,0,0,0,0,3,0,58,171,2,2,0,0,0,1,10,0,161
2020,4,WAS,REG,2020_04_BAL_WAS,BAL,32,45,314,0,0,3,-40,0,0,200,206,17,-0.981670484611944,-0.742615488442508,0,13,6,2,1,22,69,2,0,0,6,2.45689901182777,0,1,0,0,0,32,44,314,0,1,1,200,204,17,1.28104524317738,0,13,6,2,1,0,31,0,30,3,15,0,1,2,3,2,0,3,0,0,0,0,0,0,0,0,0,0,0,0,0,0,2,20,5,1,0,0,1,1,1,-3,2,30,1,2,1,0,43,0.5,0,0,0,1,0,0,0,0,0,0,1,0,43,54,,43,54,0,2,2,0,0,1,0,0,0,0,0,5,0,51,229,2,0,0,0,2,3,28,0,201
2020,5,ARI,REG,2020_05_ARI_NYJ,NYJ,27,37,380,1,1,1,-11,0,0,351,137,17,12.5518817836553,10.0060094254357,0,14,7,7,1,30,127,3,0,0,9,1.52926070886315,0,4,2,1,0,27,35,380,1,0,0,351,137,17,16.1060148541135,0,14,7,7,1,0,43,5,11,4,34,0,3,33,6,0,0,3,0,1,0,0,0,0,0,0,0,1,0,0,0,0,10,59,3,0,1,0,1,0,3,8,1,31,1,1,0,0,47,1,0,0,0,1,0,0,0,0,0,0,0,0,47,,,47,0,0,3,3,0,0,1,0,0,0,0,0,4,0,51,167,1,0,1,0,2,1,9,0,158
2020,5,ATL,REG,2020_05_CAR_ATL,CAR,21,37,226,0,1,2,-19,1,0,284,84,11,-3.74347959904388,-8.6241797038487,0,8,5,4,0,24,166,1,0,0,10,7.16309410362737,0,5,3,2,0,21,35,226,0,0,0,284,84,11,0.74590481368518,0,8,5,4,0,0,39,3,29,3,5,0,0,0,4,0,0,2,0,0,0,0,0,0,0,0,0,1,0,0,0,0,3,40,6,1,0,0,1,0,1,3,2,47,3,3,0,0,54,1,0,0,1,1,1,0,0,0,0,0,0,0,46;31;54,,,131,0,0,1,1,0,0,1,0,0,0,0,0,3,0,52,139,2,0,1,0,1,1,-3,0,142
2020,5,BAL,REG,2020_05_CIN_BAL,CIN,19,37,180,2,1,1,-9,0,0,318,84,10,-5.07219202218192,-11.3176609906885,0,6,2,1,0,24,161,0,0,0,6,0.842847147781868,0,4,4,3,1,19,36,180,2,0,0,318,84,10,-3.55754085450979,0,6,2,1,0,0,43,1,25,8,38,3,7,48,15,1,12,2,0,0,0,0,0,0,0,0,0,0,0,2,53,1,4,25,3,0,0,0,0,0,3,10,1,30,2,3,1,0,46,0.666666666666667,0,0,1,1,0,0,0,0,0,0,0,1,46;39,61,,85,61,0,3,3,0,0,1,0,0,0,0,0,4,0,49,177,0,1,0,1,1,1,4,0,153
2020,5,BUF,REG,2020_05_BUF_TEN,TEN,29,46,285,2,2,1,-10,0,0,406,69,16,-1.11790600394997,-1.27533243762122,0,15,3,1,0,22,95,0,1,0,7,2.55653564172098,0,1,1,1,0,29,45,285,2,0,0,406,69,16,0.594204481931597,0,15,3,1,0,0,39,11,23,1,3,0,0,0,2,0,0,3,0,0,0,0,0,0,0,0,0,1,0,0,0,0,10,56,5,2,0,0,2,1,1,-1,6,138,1,1,0,0,43,1,0,0,0,1,0,0,0,0,0,0,0,0,43,,,43,0,0,1,1,0,0,1,0,0,0,0,0,2,0,71,128,1,0,0,0,0,2,40,0,88
2020,5,CAR,REG,2020_05_CAR_ATL,ATL,27,36,313,2,0,0,0,0,0,218,178,18,16.7791920541118,8.97825930048438,0,13,6,4,1,27,124,0,0,0,5,-1.62098286294497,0,3,3,0,0,27,34,313,2,0,0,218,178,18,18.2138901913337,0,13,6,4,1,0,31,1,29,2,3,1,2,19,4,1,0,5,0,0,0,0,0,0,0,0,0,0,0,0,0,0,4,25,5,0,0,0,0,0,1,-3,3,64,3,3,0,0,39,1,0,1,2,0,0,0,0,0,0,0,0,0,38;39;22,,,99,0,0,2,2,0,0,1,0,0,0,0,0,3,0,54,134,1,0,0,1,1,1,3,0,111
2020,5,CHI,REG,2020_05_TB_CHI,TB,30,42,243,1,1,3,-35,1,0,333,91,14,-4.62680137985021,3.01598459482193,0,9,3,2,0,14,35,1,0,0,2,-4.33090974288643,0,0,0,0,0,30,42,243,1,0,0,333,91,14,0.911204699649396,0,9,3,2,0,0,43,0,10,6,25,1,3,20,8,0,0,6,0,0,0,0,0,0,0,0,0,1,0,1,0,0,6,66,3,1,0,0,1,0,1,6,3,119,2,2,0,0,47,1,0,0,1,1,0,0,0,0,0,0,0,0,47;38,,,85,0,0,2,2,0,0,1,0,0,0,0,0,5,0,59,228,3,1,0,0,2,2,20,0,208
2020,5,CIN,REG,2020_05_CIN_BAL,BAL,19,30,183,0,1,7,-48,2,1,216,89,9,-14.0210180778522,-0.841562706848671,0,9,3,1,0,28,70,0,0,0,3,-8.61070384004927,0,0,0,0,0,19,29,183,0,1,1,216,89,9,-8.29990389675368,0,9,3,1,0,0,32,1,25,2,13,0,1,9,6,1,0,8,0,0,0,0,0,0,0,0,0,0,0,0,0,0,5,40,2,3,0,1,3,2,1,4,0,0,1,1,0,0,38,1,0,0,1,0,0,0,0,0,0,0,0,0,38,,,38,0,0,0,0,0,0,,0,0,0,0,0,7,0,60,351,0,0,0,2,2,3,10,0,301
2020,5,CLE,REG,2020_05_IND_CLE,IND,22,38,265,2,2,1,-4,1,0,340,81,15,4.02237890770412,-5.23387703456377,0,11,6,3,0,33,124,0,0,0,7,-1.36791058662486,0,3,2,1,0,22,38,265,2,0,0,340,81,15,5.14468827161691,0,11,6,3,0,0,32,3,23,1,3,0,1,3,5,2,55,5,1,0,1,0,0,0,0,0,0,1,0,0,0,0,2,10,3,1,0,0,1,0,1,5,5,99,3,3,0,0,46,1,0,1,1,1,0,0,0,0,0,0,0,0,24;36;46,,,106,0,0,3,3,0,0,1,0,0,0,0,0,2,0,51,93,2,0,0,0,1,1,7,0,86
2020,5,DAL,REG,2020_05_NYG_DAL,NYG,24,33,288,1,1,2,-12,0,0,237,103,15,3.78956496954053,2.38359335697059,0,14,6,4,0,29,126,2,1,1,9,-1.92008419978083,0,2,2,0,0,24,33,288,1,0,0,237,103,15,6.90488240669803,0,14,6,4,0,0,37,1,19,4,12,1,2,11,10,0,0,2,0,0,0,0,0,0,0,0,0,0,-2,1,29,1,3,25,4,0,1,0,1,1,1,3,2,28,3,3,0,0,40,1,0,1,1,1,0,0,0,0,0,0,0,0,24;40;34,,,98,0,0,4,4,0,0,1,1,1,0,0,34,2,0,48,87,0,1,0,0,1,0,0,0,87
2020,5,HOU,REG,2020_05_JAX_HOU,JAX,25,35,359,3,2,1,-2,0,0,366,136,16,11.2487093084009,4.72926778452737,0,13,9,6,1,22,129,0,0,0,7,0.396783029776998,0,5,3,1,0,25,35,359,3,0,0,366,136,16,12.1150563713844,0,13,9,6,1,0,37,7,27,3,10,1,3,8,5,0,0,3,0,1,0,0,0,0,0,0,0,1,0,2,0,0,5,25,3,1,0,0,1,0,1,9,0,0,3,3,0,0,46,1,0,0,2,1,0,0,0,0,0,0,0,0,36;33;46,,,115,0,0,3,3,0,0,1,0,0,0,0,0,1,0,33,33,1,1,0,0,0,0,0,0,33
2020,5,IND,REG,2020_05_IND_CLE,CLE,21,33,243,0,2,1,-3,0,0,268,96,10,-6.8628172511798,2.30490388348699,0,12,4,2,0,18,68,1,0,0,4,4.58950913907029,0,1,0,0,0,21,32,243,0,0,0,268,96,10,-4.14771008118798,0,12,4,2,0,1,42,6,30,1,1,1,1,4,3,2,18,4,0,0,0,0,0,0,0,0,0,0,0,0,0,0,5,34,6,0,0,0,0,0,1,7,5,212,3,3,0,0,37,1,0,1,2,0,0,0,0,0,0,0,0,0,32;37;25,,,94,0,0,2,2,0,0,1,0,0,0,0,0,1,0,54,54,1,0,0,0,0,1,5,0,49
2020,5,JAX,REG,2020_05_JAX_HOU,HOU,31,49,301,2,0,4,-12,2,2,295,158,16,-3.88248205394315,2.09505259990692,0,13,3,2,1,20,75,0,0,0,5,0.0708810525829904,0,3,1,0,0,31,44,301,2,0,0,295,158,16,10.9667841767094,0,13,3,2,1,0,40,3,11,3,5,1,1,2,5,2,48,8,0,0,0,0,0,0,0,0,0,0,0,0,0,0,4,35,3,1,1,0,2,2,0,0,1,40,0,2,2,0,,0,0,0,0,0,0,0,0,1,0,1,0,0,,24;49,,0,73,0,2,2,0,0,1,0,0,0,0,0,3,0,52,143,3,0,2,0,0,1,9,0,134
2020,5,KC,REG,2020_05_LV_KC,LV,22,43,340,2,1,3,-7,0,0,440,161,15,11.4973685413271,-10.0748347739379,1,14,9,7,0,20,80,2,0,0,3,-0.428415383008542,0,1,0,0,0,22,42,340,2,0,0,440,161,15,15.2793190739023,1,14,9,7,0,0,44,0,22,2,2,0,1,1,4,1,29,4,0,0,0,0,0,0,0,0,0,0,0,0,0,0,10,94,4,0,0,0,0,0,1,0,2,45,1,1,0,0,32,1,0,0,1,0,0,0,0,0,0,0,0,0,32,,,32,0,0,3,3,0,0,1,0,0,0,0,0,5,0,67,244,1,1,1,1,2,0,0,0,224
2020,5,LA,REG,2020_05_LA_WAS,WAS,21,30,309,2,1,1,-9,1,0,188,192,11,12.4816052360281,1.83195204570376,0,10,7,5,3,35,129,2,0,0,7,-5.72960226173746,0,2,2,1,1,21,29,309,2,0,0,188,192,11,14.4928215365678,0,10,7,5,3,0,35,0,18,9,44,1,8,41,8,0,0,5,0,0,0,0,0,0,0,0,0,1,0,0,0,0,5,60,2,1,0,0,1,0,7,31,0,0,1,1,0,0,28,1,0,1,0,0,0,0,0,0,0,0,0,0,28,,,28,0,0,3,4,1,0,0.75,0,0,0,0,0,5,0,56,205,4,1,1,0,1,2,13,0,192
2020,5,LAC,REG,2020_05_LAC_NO,NO,20,34,264,4,0,3,-25,0,0,384,98,12,6.51310349664087,1.11636370420456,0,6,4,3,2,32,111,0,1,0,5,-5.4808779382729,0,2,2,1,0,20,32,264,4,0,0,384,98,12,12.8917579568224,0,6,4,3,2,0,52,0,28,3,17,1,2,12,7,1,39,4,0,0,0,0,0,0,0,0,0,1,-1,0,0,0,1,10,4,0,1,0,1,0,1,9,4,70,0,1,1,0,,0,0,0,0,0,0,0,0,0,0,0,1,0,,50,,0,50,0,3,4,1,0,0.75,0,0,0,0,0,7,0,57,339,1,0,0,0,1,6,69,0,270
2020,5,LV,REG,2020_05_LV_KC,KC,22,31,347,3,1,1,-1,0,0,271,181,12,16.9309298596321,6.94610101561393,0,8,6,6,4,35,144,2,0,0,8,1.98853840149241,0,1,1,1,1,22,31,347,3,0,0,271,181,12,17.6814556326694,0,8,6,6,4,0,41,0,8,4,10,0,3,7,5,1,47,7,0,0,0,0,0,0,0,0,0,0,0,0,0,0,8,59,6,0,0,0,0,0,0,0,3,45,2,2,0,0,43,1,0,0,1,1,0,0,0,0,0,0,0,0,38;43,,,81,0,0,4,5,1,0,0.8,0,0,0,0,0,2,0,59,106,1,1,0,0,0,1,0,0,106
2020,5,MIA,REG,2020_05_MIA_SF,SF,22,28,350,3,0,2,-8,0,0,276,141,12,23.5285588386453,20.5564721314995,0,10,7,6,2,33,94,1,0,0,6,-6.83320261903731,0,3,3,1,0,22,27,350,3,0,0,276,141,12,25.8366126833351,0,10,7,6,2,0,33,2,12,3,24,2,5,43,9,2,48,7,0,1,0,0,0,0,0,0,0,1,0,1,0,0,7,69,4,0,1,0,1,0,3,9,1,15,5,5,0,0,50,1,0,2,1,1,1,0,0,0,0,0,0,0,26;50;29;31;49,,,185,0,0,4,4,0,0,1,0,0,0,0,0,2,0,53,84,0,0,1,0,0,1,17,0,67
2020,5,MIN,REG,2020_05_MIN_SEA,SEA,27,39,249,2,1,3,-1,2,1,271,96,17,11.704122174414,5.87799980452186,0,12,2,2,0,41,201,1,0,0,12,-3.87419634488458,0,7,4,2,0,27,38,249,2,0,0,271,96,17,16.6519981869779,0,12,2,2,0,0,31,0,12,5,33,0,4,27,9,1,7,2,0,1,0,0,0,0,0,0,0,1,0,0,0,0,6,55,4,2,1,1,3,1,3,7,2,37,2,2,0,0,52,1,0,0,0,1,1,0,0,0,0,0,0,0,52;46,,,98,0,0,2,2,0,0,1,0,0,0,0,0,2,0,57,96,0,0,1,0,0,1,15,0,81
2020,5,NO,REG,2020_05_LAC_NO,LAC,33,48,325,1,1,2,-12,0,0,327,100,17,-0.709530016691983,-1.22180378183405,0,14,3,2,1,25,95,2,0,0,6,-2.27116203948116,0,2,0,0,0,33,47,325,1,1,0,327,100,17,3.03615518374778,0,14,3,2,1,0,36,1,35,5,26,0,3,25,12,0,0,3,0,0,0,0,0,0,0,0,0,0,0,0,0,0,5,60,6,1,0,1,1,0,6,69,3,88,3,3,0,0,53,1,0,0,1,1,1,0,0,0,0,0,0,0,48;53;36,,,137,0,0,3,3,0,0,1,0,0,0,0,0,6,0,50,281,3,0,0,1,4,1,9,0,252
2020,5,NYG,REG,2020_05_NYG_DAL,DAL,20,33,222,0,0,2,-11,1,1,194,111,11,-0.928188801725745,2.51037930620128,1,11,6,2,0,27,89,2,0,0,7,1.08126679097768,0,1,1,0,0,20,29,222,0,0,0,194,111,11,12.724015185685,1,11,6,2,0,0,40,1,25,4,16,0,2,12,5,1,46,3,1,0,0,0,0,0,0,0,0,0,0,1,0,0,8,81,4,1,0,0,1,1,0,0,2,49,4,4,0,0,55,1,0,1,0,0,3,0,0,0,0,0,0,0,55;50;54;28,,,187,0,0,2,2,0,0,1,0,0,0,0,0,2,0,55,104,1,0,0,0,1,1,3,0,101
2020,5,NYJ,REG,2020_05_ARI_NYJ,ARI,18,33,195,1,0,3,-33,0,0,322,95,8,-4.60953708547072,-5.35463214881959,0,8,1,1,1,28,123,0,0,0,9,-4.00000909413211,0,3,2,0,0,18,31,195,1,0,0,322,95,8,1.28136055833989,0,8,1,1,1,0,38,3,25,1,11,0,1,11,1,1,21,5,0,0,0,0,0,0,0,0,0,0,0,0,0,0,6,30,1,0,0,0,0,0,1,9,4,43,1,1,0,0,26,1,0,1,0,0,0,0,0,0,0,0,0,0,26,,,26,0,0,1,1,0,0,1,0,0,0,0,0,6,0,59,279,4,1,1,0,1,3,8,0,271
2020,5,PHI,REG,2020_05_PHI_PIT,PIT,21,36,276,2,2,5,-34,0,0,474,63,14,6.4291317495836,-1.6224469575617,1,11,7,3,0,16,94,2,0,0,4,1.88480271291337,0,1,1,1,1,21,36,276,2,0,0,474,63,14,12.3586737325268,1,11,7,3,0,0,37,14,30,4,5,1,1,8,3,0,0,3,0,0,0,0,0,0,0,0,0,0,0,1,6,0,9,84,5,0,0,0,0,0,1,1,3,48,0,1,1,0,,0,0,0,0,0,0,0,0,0,0,0,1,0,,57,,0,57,0,3,3,0,0,1,0,0,0,0,0,2,0,51,100,0,0,0,0,0,2,12,0,88
2020,5,PIT,REG,2020_05_PHI_PIT,PHI,27,34,239,3,0,1,-8,0,0,196,138,13,15.8451006385394,10.4786021744504,0,10,3,2,0,32,136,2,0,0,7,0.876917586982017,0,2,2,2,1,27,34,239,3,1,1,196,138,13,14.9769211029297,0,10,3,2,0,0,33,7,13,7,31,0,5,34,11,2,3,5,0,0,0,0,0,0,0,0,0,0,0,0,0,0,8,86,3,1,0,0,1,1,2,12,2,48,1,1,0,0,41,1,0,0,0,1,0,0,0,0,0,0,0,0,41,,,41,0,0,5,5,0,0,1,0,0,0,0,0,2,0,44,83,1,0,0,0,1,1,1,0,82
2020,5,SEA,REG,2020_05_MIN_SEA,MIN,20,32,217,3,1,4,-27,0,0,391,74,12,0.851049173434265,9.36142091949781,0,10,5,2,0,16,124,1,0,0,6,2.74585700911121,0,4,4,1,0,20,30,217,3,0,0,391,74,12,7.10532629401144,0,10,5,2,0,0,52,1,39,4,10,2,3,1,4,1,7,6,0,0,0,0,0,0,0,0,0,0,0,1,0,0,3,25,4,0,0,0,0,0,1,15,0,0,0,0,0,0,,,0,0,0,0,0,0,0,0,0,0,0,0,,,,0,0,0,3,3,0,0,1,0,0,0,0,0,5,0,60,226,4,0,2,0,0,3,7,0,219
2020,5,SF,REG,2020_05_MIA_SF,MIA,16,35,171,1,2,5,-43,2,1,329,93,8,-20.5344602807603,-20.3473310811179,0,9,2,1,0,19,131,1,0,0,7,2.60290887206793,0,2,1,1,0,16,35,171,1,0,0,329,93,8,-9.8196114764727,0,9,2,1,0,0,45,4,18,5,23,0,2,8,6,0,0,0,0,0,0,0,0,0,0,0,0,1,0,0,0,0,7,75,3,2,0,0,2,1,1,17,1,20,1,1,0,0,37,1,0,0,1,0,0,0,0,0,0,0,0,0,37,,,37,0,0,2,2,0,0,1,0,0,0,0,0,3,0,58,133,1,0,0,0,0,3,9,0,124
2020,5,TB,REG,2020_05_TB_CHI,CHI,25,41,253,1,0,3,-20,0,0,383,100,11,0.327567805451834,-3.41900863298556,0,11,5,3,0,20,106,0,1,0,4,1.79247847670922,0,3,1,1,0,25,41,253,1,1,1,383,100,11,2.11927081240297,0,11,5,3,0,0,37,1,17,3,24,1,3,35,7,1,34,8,0,0,0,0,0,0,0,0,0,1,-2,0,0,0,11,109,5,1,1,0,2,1,2,20,1,25,4,4,0,0,46,1,0,1,2,1,0,0,0,0,0,0,0,0,39;35;46;25,,,145,0,0,1,1,0,0,1,0,0,0,0,0,3,0,56,140,1,0,1,0,1,1,6,0,134
2020,5,TEN,REG,2020_05_BUF_TEN,BUF,21,28,195,3,0,0,0,0,0,181,69,14,13.888818386069,8.38533767632076,0,9,3,1,0,34,139,3,0,0,9,3.91828499370604,0,3,2,1,0,21,28,195,3,0,0,181,69,14,13.888818386069,0,9,3,1,0,0,45,5,13,3,19,2,1,10,3,2,97,7,0,0,0,0,0,0,0,0,0,0,0,1,8,0,6,46,3,0,0,0,0,0,2,40,2,35,0,0,0,0,,,0,0,0,0,0,0,0,0,0,0,0,0,,,,0,0,0,6,6,0,0,1,0,0,0,0,0,3,0,55,128,3,0,1,0,1,1,-1,0,129
2020,5,WAS,REG,2020_05_LA_WAS,LA,18,30,111,0,0,8,-41,1,0,139,102,5,-23.2942186907691,-8.73860770038196,0,4,1,0,0,14,38,1,0,0,2,0.401645298232324,0,0,0,0,0,18,28,111,0,0,0,139,102,5,-10.5942543776998,0,4,1,0,0,0,45,0,26,4,15,1,1,9,1,1,0,4,0,1,0,0,0,0,0,0,0,2,0,0,0,0,3,40,3,1,1,0,2,0,2,13,2,48,1,1,0,0,48,1,0,0,0,1,0,0,0,0,0,0,0,0,48,,,48,0,0,1,1,0,0,1,0,0,0,0,0,10,0,61,511,1,0,0,1,2,7,31,0,460
2020,6,ARI,REG,2020_06_ARI_DAL,DAL,9,24,188,2,0,1,-11,0,0,240,117,7,1.42700720844505,-24.4873894886537,0,4,2,2,2,35,261,3,0,0,13,17.7098728677665,0,8,5,3,1,9,22,188,2,0,0,240,117,7,5.83559501658374,0,4,2,2,2,0,57,0,16,7,26,2,3,19,8,2,0,7,0,0,0,0,0,0,0,0,0,0,0,2,3,0,7,43,0,0,0,0,0,0,1,-1,0,0,1,1,0,0,26,1,0,1,0,0,0,0,0,0,0,0,0,0,26,,,26,0,0,5,5,0,0,1,0,0,0,0,0,4,0,49,151,2,0,2,0,0,2,1,0,150
2020,6,ATL,REG,2020_06_ATL_MIN,MIN,30,40,371,4,0,2,-8,0,0,270,171,17,30.4415847081377,10.0441083714769,0,12,10,6,1,37,99,0,1,1,5,-17.8762491517447,0,0,0,0,0,30,37,371,4,0,0,270,171,17,35.6315084323555,0,12,10,6,1,0,29,1,19,5,17,0,1,10,8,3,31,8,0,0,0,0,0,0,0,0,0,1,0,0,0,0,5,25,4,2,0,0,2,1,3,36,2,48,4,4,0,0,50,1,0,1,0,2,1,0,0,0,0,0,0,0,50;21;47;43,,,161,0,0,4,4,0,0,1,0,0,0,0,0,2,0,43,68,1,0,1,0,1,0,0,0,68
2020,6,BAL,REG,2020_06_BAL_PHI,PHI,16,27,186,1,0,3,-13,0,0,186,88,10,1.91893977164554,-4.67782413959503,0,9,5,2,0,37,182,2,0,0,7,0.183699118439108,0,6,4,3,0,16,25,186,1,1,0,186,88,10,9.03742424878323,0,9,5,2,0,0,40,1,11,7,49,4,6,43,17,0,0,4,0,1,0,0,0,0,0,0,0,1,4,1,1,0,12,132,2,2,0,1,2,0,5,43,1,37,3,3,0,0,55,1,0,0,0,2,1,0,0,0,0,0,0,0,46;55;46,,,147,0,0,3,3,0,0,1,0,0,0,0,0,7,0,59,325,3,2,0,0,2,3,20,0,305
2020,6,BUF,REG,2020_06_KC_BUF,KC,14,27,122,2,1,0,0,0,0,272,46,7,-3.11077193410865,-6.5247288942337,0,5,1,1,0,23,84,0,0,0,8,1.74196707812371,0,2,1,0,0,14,25,122,2,0,0,272,46,7,-2.03644354753459,0,5,1,1,0,0,49,12,22,3,11,1,1,4,4,0,0,1,0,0,0,0,0,0,0,0,0,0,0,1,0,0,4,39,5,0,0,0,0,0,1,24,1,29,1,2,1,0,48,0.5,0,0,0,1,0,0,0,0,0,0,1,0,48,52,,48,52,0,2,2,0,0,1,0,0,0,0,0,4,0,59,213,4,0,1,0,1,2,2,0,211
2020,6,CAR,REG,2020_06_CHI_CAR,CHI,16,29,216,0,2,4,-25,0,0,260,75,8,-9.11354617056148,-6.58505426512824,0,9,6,4,0,29,112,1,1,1,8,-8.35510845696269,0,6,1,0,0,16,27,216,0,0,0,260,75,8,-2.08059776039496,0,9,6,4,0,0,35,1,21,1,3,0,0,0,9,1,0,8,0,0,0,0,0,0,0,0,0,0,0,0,0,0,8,69,4,1,0,0,1,1,1,9,3,72,3,4,1,0,48,0.75,0,2,0,1,0,0,0,0,0,0,1,0,21;20;48,54,,89,54,0,1,1,0,0,1,0,0,0,0,0,1,0,49,49,0,0,0,0,0,1,0,0,49
2020,6,CHI,REG,2020_06_CHI_CAR,CAR,23,39,198,1,1,0,0,0,0,240,88,14,0.819565431692197,-3.24580073356628,0,8,3,1,0,25,63,1,0,0,5,-3.41585305228364,0,2,1,0,0,23,36,198,1,0,0,240,88,14,2.46746293636973,0,8,3,1,0,0,35,2,34,5,21,1,4,25,6,2,9,5,0,1,0,0,0,0,0,0,0,1,0,1,4,0,10,92,5,0,1,0,1,0,1,0,0,0,3,3,0,0,55,1,0,0,2,0,1,0,0,0,0,0,0,0,31;55;31,,,117,0,0,2,2,0,0,1,0,0,0,0,0,4,0,54,177,3,0,1,1,1,1,9,0,148
2020,6,CIN,REG,2020_06_CIN_IND,IND,25,39,313,0,1,2,-13,0,0,344,130,14,14.3935065553622,-4.57057440892244,0,13,6,4,1,32,98,3,0,0,6,0.163155196376684,0,1,1,1,0,25,39,313,0,1,0,344,130,14,17.5871378239343,0,13,6,4,1,0,38,4,4,2,3,0,1,0,3,1,0,3,0,0,0,0,0,0,0,0,0,1,0,1,0,0,6,20,2,1,0,0,1,0,2,12,2,40,2,3,1,0,55,0.666666666666667,0,0,0,1,1,0,0,0,0,1,0,0,47;55,48,,102,48,0,3,3,0,0,1,0,0,0,0,0,3,0,53,131,0,0,1,0,0,2,17,0,114
2020,6,CLE,REG,2020_06_CLE_PIT,PIT,15,28,165,1,2,4,-20,0,0,144,86,8,-17.6379082054482,-12.7743201760145,0,8,2,2,0,22,75,0,1,0,2,-10.1676521492773,0,2,1,0,0,15,26,165,1,0,0,144,86,8,-10.9390507000498,0,8,2,2,0,0,35,8,24,3,15,0,2,20,3,0,0,5,0,0,0,0,0,0,0,0,0,1,0,0,0,0,7,55,2,1,0,0,1,0,2,6,5,102,0,0,0,0,,,0,0,0,0,0,0,0,0,0,0,0,0,,,,0,0,0,1,1,0,0,1,0,0,0,0,0,6,0,59,242,2,1,0,0,2,3,37,0,205
2020,6,DAL,REG,2020_06_ARI_DAL,ARI,34,54,266,1,2,3,-19,0,0,312,153,15,-4.74103565701929,-4.61544434611614,0,10,3,2,0,27,97,0,1,1,8,-6.09081877916469,0,3,1,0,0,34,52,266,1,1,1,312,153,15,-3.28193333333305,0,10,3,2,0,0,31,1,21,2,12,0,1,11,1,0,0,2,0,1,0,0,0,0,0,0,0,1,0,0,0,0,6,36,5,2,1,0,3,2,2,1,1,28,1,2,1,0,34,0.5,0,0,1,0,0,0,0,0,0,0,1,0,34,58,,34,58,0,1,1,0,0,1,0,0,0,0,0,3,0,45,130,0,0,0,1,1,1,-1,0,111
2020,6,DEN,REG,2020_06_DEN_NE,NE,10,24,189,0,2,2,-25,0,0,391,50,7,-4.98868055236901,-10.8675130953391,0,7,7,3,1,37,135,0,1,0,7,-3.0931263804987,0,3,2,1,0,10,24,189,0,0,0,391,50,7,-1.57304421512319,0,7,7,3,1,0,38,4,22,7,41,3,4,24,8,2,1,6,0,0,0,0,0,0,0,0,0,1,0,1,18,0,2,20,2,0,1,0,1,0,0,0,2,28,6,6,0,0,54,1,0,2,0,2,2,0,0,0,0,0,0,0,45;44;27;52;20;54,,,242,0,0,0,0,0,0,,0,0,0,0,0,2,0,46,77,1,0,1,0,1,0,0,0,77
2020,6,DET,REG,2020_06_DET_JAX,JAX,19,31,223,1,1,0,0,0,0,269,94,9,4.1488750210962,-0.378321832226169,0,9,6,2,1,39,180,3,0,0,12,4.1638747335528,0,3,3,1,1,19,31,223,1,0,0,269,94,9,4.1488750210962,0,9,6,2,1,0,33,1,21,1,2,2,1,12,4,1,1,6,0,0,0,0,0,0,0,0,0,0,0,1,0,0,7,60,3,0,0,0,0,0,0,0,0,0,2,3,1,0,41,0.666666666666667,0,0,1,1,0,0,0,0,0,0,1,0,31;41,57,,72,57,0,4,4,0,0,1,0,0,0,0,0,2,0,50,90,0,0,0,2,0,0,0,0,50
2020,6,GB,REG,2020_06_GB_TB,TB,16,35,160,0,2,5,-53,1,0,298,81,9,-17.3511597691915,-11.8845054218846,0,8,3,1,0,21,94,1,0,0,4,-0.897626274439972,0,2,2,2,0,16,31,160,0,0,0,298,81,9,-6.77525674687894,0,8,3,1,0,0,35,3,31,0,0,0,0,0,4,0,0,0,0,0,0,0,0,0,0,0,0,1,0,0,0,0,6,76,3,1,0,0,1,0,0,0,0,0,1,1,0,0,39,1,0,0,1,0,0,0,0,0,0,0,0,0,39,,,39,0,0,1,1,0,0,1,0,0,0,0,0,7,0,55,325,2,2,0,0,1,4,30,0,295
2020,6,HOU,REG,2020_06_HOU_TEN,TEN,28,38,335,4,0,2,-15,0,0,334,112,17,20.3627388503714,11.2264358514064,0,12,9,4,1,27,92,1,0,0,6,-1.36198789108312,0,4,0,0,0,28,37,335,4,0,0,334,112,17,23.4952316481941,0,12,9,4,1,0,44,12,16,3,11,1,2,22,6,1,0,6,0,0,0,0,0,1,0,0,0,0,0,1,0,0,4,46,5,0,0,0,0,0,1,0,2,39,1,1,0,0,38,1,0,0,1,0,0,0,0,0,0,0,0,0,38,,,38,0,0,3,4,1,0,0.75,0,0,0,0,0,4,0,56,209,1,0,0,1,0,3,20,0,169
2020,6,IND,REG,2020_06_CIN_IND,CIN,29,44,371,3,1,1,0,0,0,340,174,18,18.386179116535,1.13588330291566,0,18,9,7,1,15,59,1,0,0,5,-0.593081865546992,0,2,2,1,0,29,42,371,3,1,1,340,174,18,15.9505521353371,0,18,9,7,1,0,48,10,12,3,15,1,2,13,6,1,4,11,0,0,0,0,0,0,0,0,0,0,0,0,0,0,6,55,2,0,1,0,1,1,2,17,1,25,1,1,0,0,40,1,0,0,0,1,0,0,0,0,0,0,0,0,40,,,40,0,0,4,4,0,0,1,0,0,0,0,0,3,0,51,137,1,0,1,0,0,2,12,0,125
2020,6,JAX,REG,2020_06_DET_JAX,DET,25,44,243,1,1,1,-12,1,1,417,112,11,-6.63632576550912,-5.09002283215523,0,7,4,3,1,16,44,1,0,0,3,-1.1246205169009,0,0,0,0,0,25,44,243,1,1,0,417,112,11,-3.64695868558805,0,7,4,3,1,0,44,1,15,2,3,0,0,0,4,1,2,6,0,0,0,0,0,0,0,0,0,0,0,0,0,0,5,56,5,2,0,1,2,1,0,0,4,59,1,2,1,0,31,0.5,0,0,1,0,0,0,0,0,1,0,0,0,31,32,,31,32,0,1,1,0,0,1,0,0,0,0,0,2,0,47,76,0,1,0,0,1,0,0,0,76
2020,6,KC,REG,2020_06_KC_BUF,BUF,21,26,225,2,0,1,-4,0,0,161,104,10,16.1477185598924,13.0705346281712,0,9,5,4,0,46,245,1,1,0,15,6.82051908635905,0,7,5,1,0,21,26,225,2,1,1,161,104,10,15.3622795837582,0,9,5,4,0,0,26,6,14,2,9,0,0,0,5,1,4,4,0,0,0,0,0,0,0,0,0,1,-1,0,0,0,8,68,2,1,1,0,2,1,2,2,2,33,2,2,0,0,37,1,0,0,2,0,0,0,0,0,0,0,0,0,37;30,,,67,0,0,2,3,1,0,0.666666666666667,0,0,0,0,0,2,0,42,80,1,0,0,0,1,1,24,0,56
2020,6,LA,REG,2020_06_LA_SF,SF,19,38,198,2,1,0,0,0,0,455,55,9,-3.34685115866463,-9.55265768476435,0,6,4,2,1,19,113,0,0,0,7,4.41117755929008,0,5,2,0,0,19,37,198,2,0,0,455,55,9,-2.81654444268073,0,6,4,2,1,0,43,0,30,2,8,0,0,0,3,0,0,3,0,0,0,0,0,0,0,0,0,0,0,0,0,0,6,34,4,0,0,0,0,0,3,29,3,69,1,1,0,0,42,1,0,0,0,1,0,0,0,0,0,0,0,0,42,,,42,0,0,1,2,0,1,0.5,0,0,0,0,0,6,0,63,291,4,1,1,0,2,2,20,0,271
2020,6,MIA,REG,2020_06_NYJ_MIA,NYJ,20,29,200,3,2,2,-8,0,0,220,115,12,-4.48149058372058,2.68813906044796,0,7,4,2,1,25,110,0,0,0,4,0.333840061270166,0,3,1,0,0,20,29,200,3,0,0,220,115,12,-1.55902126604035,0,7,4,2,1,0,39,0,20,7,50,0,3,38,10,1,0,9,0,0,0,0,0,0,0,0,0,0,0,0,0,0,5,25,4,0,0,0,0,0,6,83,1,23,1,1,0,0,24,1,0,1,0,0,0,0,0,0,0,0,0,0,24,,,24,0,0,3,3,0,0,1,0,0,0,0,0,7,0,46,282,5,0,1,0,6,0,0,0,282
2020,6,MIN,REG,2020_06_ATL_MIN,ATL,24,36,343,3,3,1,-10,0,0,330,137,14,1.3308751235602,3.08795120034899,2,13,9,4,1,13,32,0,0,0,3,-7.03321473579854,0,1,1,0,0,24,35,343,3,0,0,330,137,14,3.74758425232745,2,13,9,4,1,0,56,1,25,7,21,2,2,8,6,0,0,2,0,0,0,0,0,0,0,0,0,0,0,1,3,0,3,30,1,0,0,0,0,0,0,0,3,73,0,0,0,0,,,0,0,0,0,0,0,0,0,0,0,0,0,,,,0,0,0,1,1,0,0,1,0,0,0,0,0,4,0,53,198,1,0,0,0,1,3,36,0,162
2020,6,NE,REG,2020_06_DEN_NE,DEN,19,27,195,0,2,4,-24,1,0,147,136,9,-9.31185787307058,0.802833504147,0,11,5,1,0,25,117,1,1,0,5,0.140109179896832,0,3,3,1,0,19,27,195,0,2,1,147,136,9,-9.51664923622466,0,11,5,1,0,0,34,6,26,4,19,0,2,25,5,2,30,5,0,0,0,0,0,0,0,0,0,2,-15,0,0,0,1,4,4,3,1,1,4,1,0,0,3,77,2,2,0,0,41,1,0,0,1,1,0,0,0,0,0,0,0,0,41;38,,,79,0,0,0,0,0,0,,0,0,0,0,0,3,0,60,145,2,0,1,0,2,0,0,0,145
2020,6,NYG,REG,2020_06_WAS_NYG,WAS,12,19,112,1,1,1,-4,0,0,151,38,8,-0.307515521330065,-0.686491860283746,0,5,3,2,0,26,132,0,0,0,5,-2.80633148058953,0,2,2,1,1,12,18,112,1,0,0,151,38,8,2.23806315159891,0,5,3,2,0,0,41,3,37,2,21,1,3,29,9,1,19,4,0,0,0,0,0,0,0,0,0,0,0,1,43,1,4,30,3,0,0,0,0,0,0,0,1,12,2,2,0,0,33,1,0,1,1,0,0,0,0,0,0,0,0,0,33;20,,,53,0,0,2,2,0,0,1,0,0,0,0,0,2,0,46,70,1,0,1,0,0,1,2,0,68
2020,6,NYJ,REG,2020_06_NYJ_MIA,MIA,21,44,186,0,1,3,-38,0,0,396,98,7,-18.1574911565992,-9.85111441367712,0,6,4,2,0,22,115,0,1,0,5,-4.35634004650638,0,4,4,1,0,21,39,186,0,0,0,396,98,7,-4.20336266991217,0,6,4,2,0,0,42,1,19,5,14,0,2,8,3,2,13,4,0,0,0,0,0,0,0,0,0,1,-6,0,0,0,7,80,1,0,1,0,1,0,0,0,1,7,0,1,1,0,,0,0,0,0,0,0,0,0,0,0,0,1,0,,55,,0,55,0,0,0,0,0,,0,0,0,0,0,10,0,54,462,0,1,1,1,1,6,83,0,359
2020,6,PHI,REG,2020_06_BAL_PHI,BAL,21,40,213,2,0,6,-43,0,0,369,61,10,-5.37427797939722,-2.86878653061696,2,9,4,1,1,18,194,1,2,1,6,-1.30257025230071,0,4,4,4,2,21,39,213,2,1,0,369,61,10,5.63774077335279,2,9,4,1,1,0,47,1,23,8,25,2,3,13,3,0,0,4,0,1,0,0,0,0,0,0,0,1,0,0,0,1,3,20,5,4,0,2,4,1,3,20,2,43,0,1,1,0,,0,0,0,0,0,0,0,0,0,0,0,1,0,,52,,0,52,0,0,0,0,0,,0,0,0,0,0,6,0,66,295,1,1,0,0,0,5,43,0,252
2020,6,PIT,REG,2020_06_CLE_PIT,CLE,15,23,168,1,0,2,-20,0,0,172,71,5,0.493682717738845,-1.34392886058144,0,4,4,4,0,37,129,3,0,0,12,4.61696061256225,0,3,3,0,0,15,23,168,1,0,0,172,71,5,3.48190249008796,0,4,4,4,0,0,34,8,18,4,20,1,4,20,8,2,33,7,1,0,0,0,0,0,0,0,0,0,0,0,0,0,6,45,2,0,0,0,0,0,3,37,1,28,1,1,0,0,35,1,0,0,1,0,0,0,0,0,0,0,0,0,35,,,35,0,0,5,5,0,0,1,0,0,0,0,0,5,0,44,209,1,0,1,1,1,2,6,0,183
2020,6,SF,REG,2020_06_LA_SF,LA,23,33,268,3,0,0,0,0,0,145,223,16,12.8065794444119,1.11937047913671,0,10,6,3,1,37,122,0,0,0,6,-5.0389919967495,0,2,1,0,0,23,32,268,3,0,0,145,223,16,13.4938894834777,0,10,6,3,1,0,38,1,7,1,1,0,0,0,2,1,0,9,0,0,0,0,1,0,0,0,0,0,0,0,0,0,7,63,4,0,0,0,0,0,2,20,1,21,1,1,0,0,49,1,0,0,0,1,0,0,0,0,0,0,0,0,49,,,49,0,0,3,3,0,0,1,0,0,0,0,0,5,0,51,235,2,0,1,0,1,3,29,0,206
2020,6,TB,REG,2020_06_GB_TB,GB,17,28,166,2,0,0,0,0,0,231,72,9,6.00413405026058,0.125060920362119,0,6,3,2,0,35,158,2,0,0,9,-2.71254277290427,0,5,4,1,0,17,27,166,2,0,0,231,72,9,6.86201349428604,0,6,3,2,0,0,33,0,16,6,40,1,5,53,13,2,69,6,1,0,0,0,0,0,0,0,0,0,0,0,0,0,0,0,0,0,0,0,0,0,4,30,1,20,1,1,0,0,50,1,0,0,0,0,1,0,0,0,0,0,0,0,50,,,50,0,0,5,5,0,0,1,0,0,0,0,0,5,0,47,192,1,2,1,0,2,0,0,0,192
2020,6,TEN,REG,2020_06_HOU_TEN,HOU,30,41,366,4,1,2,-22,1,1,309,158,20,17.3985024733879,5.2725605121473,1,13,6,5,2,27,263,2,0,0,9,11.8564151929367,0,7,6,3,1,30,41,366,4,0,0,309,158,20,24.9065919279997,1,13,6,5,2,0,37,14,22,4,17,0,2,15,6,0,0,2,0,0,0,0,0,0,0,0,0,0,0,0,0,0,7,73,4,1,0,0,1,1,3,20,3,63,0,2,1,1,,0,0,0,0,0,0,0,0,0,1,0,0,0,,37,27,0,37,27,4,4,0,0,1,0,0,0,0,0,1,0,54,54,0,0,0,0,0,1,0,0,54
2020,6,WAS,REG,2020_06_WAS_NYG,NYG,31,42,280,2,1,3,-29,1,1,244,149,16,-0.779244626692297,9.68242764472961,0,12,4,3,0,24,86,0,0,0,6,0.389198443444911,0,2,1,0,0,31,40,280,2,0,0,244,149,16,12.2468676350598,0,12,4,3,0,0,30,2,12,5,15,0,1,4,5,1,0,4,0,0,0,0,0,0,0,0,0,0,0,0,0,0,8,50,3,1,0,0,1,1,1,2,4,70,2,3,1,0,35,0.666666666666667,0,1,1,0,0,0,0,0,0,1,0,0,35;28,47,,63,47,0,1,1,0,0,1,0,0,0,0,0,1,0,55,55,0,0,0,0,1,0,0,0,55
2020,7,ARI,REG,2020_07_SEA_ARI,SEA,34,48,360,3,1,0,0,0,0,387,175,17,12.2580239258836,6.73010261221366,0,15,8,3,1,33,159,1,2,0,11,-1.76305733090402,0,4,4,1,0,34,44,360,3,1,1,387,175,17,7.30624729969261,0,15,8,3,1,0,50,2,22,5,27,0,2,16,9,3,102,5,0,0,0,0,0,0,0,0,0,1,-2,0,0,0,6,40,8,2,1,1,3,1,1,10,1,21,3,4,1,0,49,0.75,0,0,0,3,0,0,0,0,0,1,0,0,49;44;48,41,,141,41,0,4,4,0,0,1,1,1,0,0,48,2,0,48,95,0,0,0,1,1,0,0,0,75
2020,7,ATL,REG,2020_07_DET_ATL,DET,31,42,338,1,0,2,-16,1,1,283,103,19,10.7349208240486,8.10075238347054,1,14,8,2,0,26,66,2,1,0,5,-5.13363390357699,0,2,1,0,0,31,40,338,1,0,0,283,103,19,19.3478227950838,1,14,8,2,0,0,38,2,24,4,25,0,2,18,6,0,0,1,0,0,0,0,0,0,0,0,0,1,0,0,0,0,8,53,4,2,0,0,2,1,0,0,4,78,0,0,0,0,,,0,0,0,0,0,0,0,0,0,0,0,0,,,,0,0,0,2,2,0,0,1,0,0,0,0,0,4,0,47,180,0,0,0,0,2,2,6,0,174
2020,7,BUF,REG,2020_07_BUF_NYJ,NYJ,30,43,307,0,0,2,-11,1,1,308,172,16,6.26283800773662,2.54548897103565,0,11,4,2,0,27,126,0,0,0,9,-0.958753908447224,0,5,4,1,0,30,41,307,0,0,0,308,172,16,13.4953959099221,0,11,4,2,0,0,30,2,20,4,15,1,6,29,9,2,3,6,0,0,0,0,0,0,0,0,0,0,0,0,0,0,11,106,5,1,0,0,1,1,3,23,2,80,6,8,2,0,53,0.75,0,1,1,3,1,0,0,0,1,1,0,0,53;48;46;37;29;40,45;37,,253,82,0,0,0,0,0,,0,0,0,0,0,0,0,,0,0,0,0,0,0,0,0,0,0
2020,7,CAR,REG,2020_07_CAR_NO,NO,23,28,254,2,0,1,-8,0,0,186,158,11,14.069193280564,10.9366235909639,0,7,4,3,1,14,37,1,0,0,4,-1.28366811185694,0,0,0,0,0,23,27,254,2,0,0,186,158,11,17.6989969593124,0,7,4,3,1,0,42,1,29,2,6,1,1,10,3,0,0,2,0,0,0,0,0,0,0,0,0,0,0,1,0,0,1,5,4,0,0,0,0,0,0,0,2,22,1,2,1,0,43,0.5,0,0,0,1,0,0,0,0,0,0,0,1,43,65,,43,65,0,3,3,0,0,1,0,0,0,0,0,1,0,51,51,1,0,0,0,0,1,4,0,47
2020,7,CHI,REG,2020_07_CHI_LA,LA,28,40,261,0,2,4,-31,0,0,449,112,9,-17.9263268008973,7.02249372476026,0,6,4,2,1,17,49,0,0,0,4,-5.56656415661564,0,1,0,0,0,28,38,261,0,0,0,449,112,9,-9.10444935463886,0,6,4,2,1,0,44,3,19,7,18,2,1,9,5,0,0,2,0,0,0,0,0,1,0,0,0,0,0,1,8,1,6,46,5,0,0,0,0,0,0,0,4,94,1,1,0,0,42,1,0,0,0,1,0,0,0,0,0,0,0,0,42,,,42,0,0,1,1,0,0,1,0,0,0,0,0,5,0,55,238,2,0,1,0,2,2,14,0,224
2020,7,CIN,REG,2020_07_CLE_CIN,CLE,36,48,422,3,1,4,-35,1,1,441,219,24,18.3914829883473,11.8139307549659,0,21,10,5,0,21,81,1,1,0,5,0.339699356147321,0,2,2,0,0,36,47,422,3,0,0,441,219,24,28.4183469632308,0,21,10,5,0,0,29,0,20,3,8,0,0,0,6,1,21,2,0,0,0,0,0,0,0,0,0,2,0,0,0,0,7,45,6,1,2,0,3,1,1,11,4,75,2,2,0,0,37,1,0,1,1,0,0,0,0,0,0,0,0,0,37;23,,,60,0,0,4,4,0,0,1,0,0,0,0,0,0,0,,0,0,0,0,0,0,0,0,0,0
2020,7,CLE,REG,2020_07_CLE_CIN,CIN,23,29,316,5,1,0,0,0,0,286,114,16,22.7233351437476,22.4667147866317,0,14,9,7,0,22,82,0,0,0,5,-1.48252609721385,0,4,2,0,0,23,28,316,5,0,0,286,114,16,23.2619861229773,0,14,9,7,0,0,49,3,23,3,10,1,4,35,7,1,7,9,0,0,0,0,0,0,0,0,0,0,0,1,0,0,5,40,4,0,0,0,0,0,0,0,2,43,1,1,0,0,43,1,0,0,0,1,0,0,0,0,0,0,0,0,43,,,43,0,0,4,5,1,0,0.8,0,0,0,0,0,1,0,50,50,0,0,0,0,0,1,11,0,39
2020,7,DAL,REG,2020_07_DAL_WAS,WAS,11,22,114,0,1,6,-55,2,0,160,52,7,-12.2093589516589,-15.7607930047171,0,4,2,1,0,26,83,0,1,0,4,-3.91109985644944,0,1,1,0,0,11,21,114,0,0,0,160,52,7,-3.24711065681186,0,4,2,1,0,0,42,0,26,4,9,0,2,5,4,0,0,2,0,0,0,0,0,0,0,0,0,3,-9,0,0,0,6,49,2,2,1,0,3,0,1,0,2,97,1,1,0,0,45,1,0,0,0,1,0,0,0,0,0,0,0,0,45,,,45,0,0,0,0,0,0,,0,0,0,0,0,5,0,49,217,1,0,0,0,4,1,3,0,214
2020,7,DEN,REG,2020_07_KC_DEN,KC,24,40,254,0,2,3,-20,0,0,265,164,11,-16.4446098371054,-5.95311608753706,0,12,5,3,0,33,177,2,1,1,12,-0.684839677705895,0,6,3,1,0,24,38,254,0,2,1,265,164,11,-13.7060905390763,0,12,5,3,0,0,35,0,16,4,28,2,4,28,7,0,0,0,0,1,0,0,0,0,0,0,0,1,-15,1,0,0,5,34,3,2,2,1,4,2,1,0,0,0,1,1,0,0,43,1,0,0,0,1,0,0,0,0,0,0,0,0,43,,,43,0,0,1,2,1,0,0.5,0,0,0,0,0,3,0,60,161,1,0,0,0,1,2,21,0,140
2020,7,DET,REG,2020_07_DET_ATL,ATL,25,36,340,1,0,2,-18,0,0,337,80,15,12.4110254906454,13.2933684624732,0,16,10,6,0,21,64,1,0,0,3,-5.89572052110504,0,1,1,0,0,25,32,340,1,0,0,337,80,15,16.3119722521188,0,16,10,6,0,0,43,0,26,4,15,2,2,16,6,0,0,2,0,0,0,0,0,0,0,0,0,0,0,1,4,0,5,50,6,0,0,0,0,0,2,6,2,40,3,4,1,0,51,0.75,0,0,0,1,2,0,0,0,0,1,0,0,50;51;49,46,,150,46,0,2,2,0,0,1,0,0,0,0,0,3,0,67,177,2,0,1,1,1,0,0,0,157
2020,7,GB,REG,2020_07_GB_HOU,HOU,23,34,283,4,0,0,0,0,0,233,167,15,17.9923554424022,-2.49264327918782,0,9,7,4,1,27,96,1,0,0,5,-0.678516210551607,0,1,1,0,0,23,34,283,4,0,0,233,167,15,17.9923554424022,0,9,7,4,1,0,40,3,21,6,28,2,3,23,4,0,0,4,0,0,0,0,0,0,0,0,0,0,0,1,0,0,5,40,2,0,0,0,0,0,1,6,2,36,0,0,0,0,,,0,0,0,0,0,0,0,0,0,0,0,0,,,,0,0,0,5,5,0,0,1,0,0,0,0,0,4,1,62,207,1,0,1,0,1,2,19,0,188
2020,7,HOU,REG,2020_07_GB_HOU,GB,29,39,309,2,0,3,-23,0,0,248,133,15,7.80131826914132,4.91494850108498,0,12,6,3,0,22,79,0,0,0,4,-6.2458241590648,0,2,2,0,0,29,38,309,2,2,1,248,133,15,10.5411000626934,0,12,6,3,0,0,31,4,28,3,6,0,0,0,1,0,0,0,0,0,0,1,0,0,0,0,0,1,0,0,0,0,6,55,3,2,0,0,2,1,2,19,0,0,2,3,1,0,38,0.666666666666667,0,1,1,0,0,0,0,0,0,1,0,0,38;29,41,,67,41,0,2,2,0,0,1,0,0,0,0,0,4,0,67,205,2,0,0,1,2,1,6,0,179
2020,7,JAX,REG,2020_07_JAX_LAC,LAC,14,27,173,2,0,5,-19,0,0,252,68,7,-0.442789535765536,-8.33383798599243,1,6,4,4,0,27,140,1,0,0,6,-4.24241065538069,1,5,3,1,0,14,24,173,2,0,0,252,68,7,9.09516136851767,1,6,4,4,0,1,38,2,36,4,11,0,1,2,6,0,0,2,0,0,0,1,0,0,0,0,16,0,0,0,0,0,6,55,4,1,0,0,1,1,3,36,4,89,0,0,0,0,,,0,0,0,0,0,0,0,0,0,0,0,0,,,,0,0,0,1,1,0,0,1,0,0,0,0,0,5,0,58,227,2,1,0,0,1,3,7,0,220
2020,7,KC,REG,2020_07_KC_DEN,DEN,17,25,213,1,0,4,-28,0,0,166,131,9,4.93993638860149,6.56843098501364,0,10,5,2,0,22,101,2,0,0,7,3.27284256074927,0,5,4,1,0,17,24,213,1,1,1,166,131,9,7.02109426025187,0,10,5,2,0,1,48,1,17,4,21,2,3,20,6,2,68,5,1,1,0,0,0,0,0,0,0,1,-2,2,11,0,1,15,1,2,0,0,2,1,2,21,2,123,3,3,0,0,40,1,0,1,1,1,0,0,0,0,0,0,0,0,40;31;26,,,97,0,0,4,5,1,0,0.8,0,0,0,0,0,3,0,57,133,2,0,1,0,1,1,0,0,133
2020,7,LA,REG,2020_07_CHI_LA,CHI,23,33,220,2,0,1,-9,1,0,268,120,12,3.50323736623397,3.44286051488692,0,11,4,2,0,34,160,1,1,1,9,-12.2405417156221,0,7,4,1,0,23,31,220,2,0,0,268,120,12,8.3243268361781,0,11,4,2,0,0,37,1,29,4,29,0,4,31,8,2,2,5,0,0,0,0,0,0,0,0,0,1,0,0,0,0,4,46,5,2,0,0,2,1,2,14,2,41,1,2,0,1,22,0.5,0,1,0,0,0,0,0,0,0,0,0,0,22,,48,22,0,48,3,3,0,0,1,0,0,0,0,0,5,0,63,221,5,1,4,0,0,0,0,0,221
2020,7,LAC,REG,2020_07_JAX_LAC,JAX,28,44,351,3,0,1,-2,0,0,383,199,16,14.4048421145306,-2.95289343311673,0,13,5,5,1,32,135,2,0,0,9,-3.97769472248899,0,4,3,1,0,28,42,351,3,0,0,383,199,16,16.4828821504378,0,13,5,5,1,0,38,0,22,4,9,1,5,19,9,0,0,1,0,0,0,0,0,0,0,0,0,0,0,1,0,0,3,35,0,0,0,0,0,0,3,7,2,29,2,3,1,0,35,0.666666666666667,0,0,2,0,0,0,0,0,0,1,0,0,35;35,48,,70,48,0,3,4,1,0,0.75,0,0,0,0,0,3,1,56,138,0,0,0,0,0,3,36,0,102
2020,7,LV,REG,2020_07_TB_LV,TB,24,36,284,2,1,3,-13,1,0,315,137,12,-6.10617767447238,-4.6473348306285,0,11,5,5,1,24,76,0,0,0,5,-0.658029052661732,0,2,0,0,0,24,36,284,2,0,0,315,137,12,-0.11142782626539,0,11,5,5,1,0,41,6,24,3,5,1,0,0,1,0,0,3,0,0,0,0,0,0,0,0,0,0,0,0,0,0,4,35,0,1,0,1,1,0,0,0,1,4,2,2,0,0,42,1,0,0,1,1,0,0,0,0,0,0,0,0,42;36,,,78,0,0,2,2,0,0,1,0,0,0,0,0,3,0,48,121,2,0,0,0,3,0,0,0,121
2020,7,NE,REG,2020_07_SF_NE,SF,15,25,162,0,4,2,-15,0,0,203,72,10,-15.2917986382449,-2.2176397795027,0,8,4,2,0,22,94,0,0,0,5,-0.978838315223989,0,2,1,0,0,15,22,162,0,1,0,203,72,10,-9.98324599676514,0,8,4,2,0,0,45,7,21,4,11,0,1,7,2,2,19,2,0,0,0,0,1,0,0,0,0,2,0,0,0,0,3,30,3,2,0,0,2,0,0,0,6,155,2,2,0,0,41,1,0,0,0,2,0,0,0,0,0,0,0,0,40;41,,,81,0,0,0,0,0,0,,0,0,0,0,0,2,0,46,90,2,0,0,0,2,0,0,0,90
2020,7,NO,REG,2020_07_CAR_NO,CAR,30,37,287,2,0,1,-10,1,1,177,138,16,14.1895365307067,10.7888357979911,0,11,7,3,0,29,138,1,0,0,9,-0.277096435136627,0,3,3,2,0,30,35,287,2,0,0,177,138,16,21.141957919994,0,11,7,3,0,0,30,1,13,2,9,0,1,8,2,0,0,1,0,0,0,0,0,0,0,0,0,0,0,0,0,0,6,50,4,1,0,0,1,1,1,4,2,47,2,2,0,0,43,1,0,0,0,2,0,0,0,0,0,0,0,0,41;43,,,84,0,0,3,3,0,0,1,0,0,0,0,0,0,0,,0,0,0,0,0,0,0,0,0,0
2020,7,NYG,REG,2020_07_NYG_PHI,PHI,20,30,187,2,1,3,-22,1,1,180,97,8,-3.49076046160189,6.33563218372209,0,6,3,2,0,22,160,1,1,1,6,0.574443949735723,0,5,3,1,1,20,28,187,2,0,0,180,97,8,4.16675084587769,0,6,3,2,0,0,48,0,14,2,13,0,3,13,10,1,0,7,0,0,0,0,0,0,0,0,0,0,0,0,0,0,9,62,6,2,0,0,2,2,2,19,3,66,0,0,0,0,,,0,0,0,0,0,0,0,0,0,0,0,0,,,,0,0,0,3,3,0,0,1,0,0,0,0,0,6,0,56,265,3,0,1,0,3,2,13,0,252
2020,7,NYJ,REG,2020_07_BUF_NYJ,BUF,12,23,120,0,2,6,-29,1,0,149,39,5,-12.3616853625545,-10.2467633429028,0,5,3,1,0,22,100,1,0,0,9,-0.831205692549702,0,3,2,1,0,12,21,120,0,0,0,149,39,5,-3.88668567154407,0,5,3,1,0,0,45,2,32,3,18,1,2,11,3,0,0,5,0,0,0,0,0,0,0,0,0,1,0,1,0,0,6,49,3,1,0,0,1,0,0,0,3,66,1,1,0,0,29,1,0,1,0,0,0,0,0,0,0,0,0,0,29,,,29,0,0,1,1,0,0,1,0,0,0,0,0,4,0,47,168,1,0,0,0,1,3,23,0,145
2020,7,PHI,REG,2020_07_NYG_PHI,NYG,25,43,359,2,1,3,-13,0,0,374,115,16,5.40345731070558,2.22875570378652,0,16,7,3,2,26,96,1,0,0,8,-5.75407111512311,0,3,2,0,0,25,41,359,2,0,0,374,115,16,11.9119966005819,0,16,7,3,2,0,34,2,20,5,23,2,3,22,8,1,5,3,0,0,0,0,0,0,0,0,0,0,0,2,-3,0,7,75,3,0,0,0,0,0,2,13,2,38,1,2,1,0,31,0.5,0,0,1,0,0,0,0,1,0,0,0,0,31,29,,31,29,0,1,1,0,0,1,0,0,0,0,0,5,0,57,255,1,0,0,0,3,2,19,0,236
2020,7,PIT,REG,2020_07_PIT_TEN,TEN,32,49,268,2,3,0,0,0,0,266,158,15,6.07013584394625,-1.69062024476577,0,7,4,3,0,25,94,1,1,0,6,2.78619134947076,0,1,1,1,0,32,49,268,2,1,0,266,158,15,6.07013584394625,0,7,4,3,0,0,34,7,17,6,19,0,2,10,7,0,0,6,0,0,0,0,0,0,0,0,0,2,0,0,0,0,8,69,4,2,0,0,2,0,3,83,1,17,2,2,0,0,38,1,0,0,2,0,0,0,0,0,0,0,0,0,38;30,,,68,0,0,3,3,0,0,1,0,0,0,0,0,2,0,51,100,2,0,0,0,1,1,5,0,95
2020,7,SEA,REG,2020_07_SEA_ARI,ARI,33,50,388,3,3,2,-16,0,0,451,158,21,0.158355956588437,4.71927368392547,0,17,11,3,1,30,200,1,0,0,11,9.16459178982768,0,6,5,3,0,33,48,388,3,0,0,451,158,21,6.50433427884535,0,17,11,3,1,0,55,0,18,5,13,2,0,0,0,1,0,1,0,0,0,0,0,0,0,0,0,0,0,1,0,0,8,78,4,0,0,0,0,0,0,0,2,29,2,2,0,0,44,1,0,0,0,2,0,0,0,0,0,0,0,0,41;44,,,85,0,0,4,4,0,0,1,0,0,0,0,0,3,0,66,153,1,0,1,1,0,1,10,0,123
2020,7,SF,REG,2020_07_SF_NE,NE,20,25,277,0,2,1,-7,0,0,160,184,13,15.6796545100658,8.23023450374603,0,13,7,4,0,37,197,4,0,0,13,8.98108972906674,0,5,4,1,0,20,25,277,0,0,0,160,184,13,17.1967333264908,0,13,7,4,0,0,35,5,19,3,18,2,2,15,2,4,62,6,0,0,0,0,0,0,0,0,0,0,0,0,0,0,6,65,2,0,0,0,0,0,0,0,2,39,2,2,0,0,41,1,0,0,1,1,0,0,0,0,0,0,0,0,41;32,,,73,0,0,3,4,0,1,0.75,0,0,0,0,0,1,0,45,45,1,0,0,0,1,0,0,0,45
2020,7,TB,REG,2020_07_TB_LV,LV,33,45,369,4,0,0,0,0,0,399,134,22,26.7000997781823,14.6575529400895,0,15,8,6,0,25,85,2,0,0,5,-2.88966551315389,0,2,2,1,0,33,41,369,4,1,0,399,134,22,28.6078369870619,0,15,8,6,0,0,43,2,10,2,12,1,3,13,5,1,16,4,0,0,0,0,0,0,0,0,0,0,0,0,0,0,4,20,5,1,0,1,1,0,0,0,4,98,1,1,0,0,29,1,0,1,0,0,0,0,0,0,0,0,0,0,29,,,29,0,0,6,6,0,0,1,0,0,0,0,0,3,0,49,128,1,2,0,0,1,0,0,0,128
2020,7,TEN,REG,2020_07_PIT_TEN,PIT,18,31,220,2,0,2,-10,0,0,265,108,8,4.91270860130766,-4.90881224473317,0,6,5,3,1,23,82,1,0,0,5,-2.69664555683266,0,2,2,0,0,18,30,220,2,0,0,265,108,8,8.94951721068804,0,6,5,3,1,0,45,8,16,3,6,2,0,0,5,3,18,11,0,0,0,0,0,0,0,0,0,1,0,0,0,0,7,73,3,0,1,0,1,0,1,5,3,43,1,2,1,0,51,0.5,0,0,0,0,1,0,0,0,0,1,0,0,51,45,,51,45,0,3,3,0,0,1,0,0,0,0,0,4,0,63,242,1,0,0,0,1,3,83,0,159
2020,7,WAS,REG,2020_07_DAL_WAS,DAL,15,25,194,2,0,2,-5,0,0,197,70,8,7.37166089528149,6.46982803231194,0,6,3,3,1,39,208,1,0,0,10,-0.0639219664878588,0,6,4,1,1,15,21,194,2,0,0,197,70,8,12.3772660701503,0,6,3,3,1,0,41,0,10,6,50,2,6,55,8,1,0,4,0,0,1,0,0,0,0,0,0,0,0,0,0,0,4,30,1,0,0,0,0,0,1,3,2,39,1,2,1,0,30,0.5,0,0,1,0,0,0,0,0,0,1,0,0,30,44,,30,44,0,2,2,0,0,1,0,0,0,0,0,2,0,38,76,2,0,1,0,0,1,0,0,76
2020,8,ATL,REG,2020_08_ATL_CAR,CAR,21,30,281,0,1,2,-11,0,0,258,90,14,9.87413132277463,4.754805068175,0,12,9,5,0,36,131,2,0,0,10,3.5641729429782,0,5,3,0,0,21,30,281,0,0,0,258,90,14,11.6282202785535,0,12,9,5,0,0,33,1,13,3,21,0,3,22,6,1,3,3,0,0,0,0,0,0,0,0,0,0,0,0,0,0,6,63,4,0,0,0,0,0,0,0,0,0,4,4,0,0,37,1,0,2,2,0,0,0,0,0,0,0,0,0,20;37;36;29,,,122,0,0,1,2,1,0,0.5,0,0,0,0,0,1,0,39,39,1,0,0,0,1,0,0,0,39
2020,8,BAL,REG,2020_08_PIT_BAL,PIT,13,28,208,2,2,4,-16,1,1,232,77,11,-9.20806107435868,-13.0856845241327,0,8,5,4,0,47,265,1,2,1,13,3.33673901692964,0,6,6,3,0,13,26,208,2,1,0,232,77,11,-0.591298223531339,0,8,5,4,0,0,33,0,14,3,11,2,2,9,5,0,0,3,0,0,0,0,0,0,0,0,0,1,0,1,0,0,9,110,6,3,1,1,4,2,1,15,1,20,1,1,0,0,51,1,0,0,0,0,1,0,0,0,0,0,0,0,51,,,51,0,0,3,3,0,0,1,0,0,0,0,0,3,0,44,119,2,0,0,0,2,1,5,0,114
2020,8,BUF,REG,2020_08_NE_BUF,NE,11,18,154,0,1,1,-5,0,0,179,83,7,-1.13088133876461,-1.83812396393882,0,7,3,3,1,38,190,3,0,0,14,10.2247850410058,0,6,6,1,0,11,18,154,0,0,0,179,83,7,0.414758592925341,0,7,3,3,1,0,47,5,7,3,15,1,2,13,5,0,0,0,0,0,0,0,0,0,0,0,0,0,0,1,0,0,5,30,3,0,0,0,0,0,0,0,2,48,1,1,0,0,28,1,0,1,0,0,0,0,0,0,0,0,0,0,28,,,28,0,0,3,3,0,0,1,0,0,0,0,0,3,0,46,122,0,1,0,0,1,1,15,0,107
2020,8,CAR,REG,2020_08_ATL_CAR,ATL,16,27,179,1,1,3,-22,0,0,221,75,9,-3.96732944558133,-3.64242505568724,0,6,4,4,1,22,147,1,0,0,6,1.35493338416563,0,5,5,1,0,16,26,179,1,0,0,221,75,9,-2.24404583271351,0,6,4,4,1,0,42,0,26,4,19,0,2,11,5,1,0,5,0,0,0,0,0,0,0,0,0,0,0,0,0,0,6,30,5,0,0,0,0,0,0,0,2,46,1,1,0,0,39,1,0,0,1,0,0,0,0,0,0,0,0,0,39,,,39,0,0,2,2,0,0,1,0,0,0,0,0,2,0,45,78,2,1,0,0,1,0,0,0,78
2020,8,CHI,REG,2020_08_NO_CHI,NO,28,41,272,2,1,5,-39,0,0,326,64,12,-1.91718700081,-0.77961901339089,0,9,5,3,1,23,96,0,0,0,5,-3.6403548020462,0,1,1,1,0,28,41,272,2,0,0,326,64,12,6.02065718816121,0,9,5,3,1,0,57,1,21,3,7,3,1,8,2,0,0,3,0,0,0,0,0,0,0,0,0,0,0,0,0,0,7,53,7,0,0,0,0,0,3,17,4,61,3,3,0,0,51,1,0,1,0,1,1,0,0,0,0,0,0,0,44;29;51,,,124,0,0,2,2,0,0,1,0,0,0,0,0,4,0,55,200,1,0,1,0,0,3,67,0,133
2020,8,CIN,REG,2020_08_TEN_CIN,TEN,26,37,249,2,0,0,0,0,0,245,73,16,18.2253549392105,4.33044212205069,0,11,3,2,0,32,118,2,0,0,7,0.205880392226391,0,3,3,0,0,26,35,249,2,0,0,245,73,16,19.2455781681699,0,11,3,2,0,0,37,1,19,1,10,0,1,10,5,1,0,5,0,0,0,0,0,0,1,0,0,1,0,0,0,0,7,45,5,0,1,0,1,0,0,0,4,97,1,1,0,0,33,1,0,0,1,0,0,0,0,0,0,0,0,0,33,,,33,0,0,4,4,0,0,1,0,0,0,0,0,3,0,47,130,2,1,1,0,0,1,3,0,127
2020,8,CLE,REG,2020_08_LV_CLE,LV,12,25,122,0,0,0,0,0,0,193,74,5,-1.66637776582672,-18.0793137550354,0,5,3,1,0,22,101,0,0,0,8,4.54457701591309,0,4,2,0,0,12,25,122,0,1,1,193,74,5,-5.91022481094285,0,5,3,1,0,0,43,3,37,2,11,1,2,11,2,0,0,2,0,0,0,0,0,0,0,0,0,0,0,0,0,0,7,59,3,1,0,0,1,1,0,0,1,33,2,3,1,0,41,0.666666666666667,0,0,1,1,0,0,0,0,1,0,0,0,41;38,37,,79,37,0,0,0,0,0,,0,0,0,0,0,2,0,59,109,0,0,0,1,0,1,13,0,76
2020,8,DAL,REG,2020_08_DAL_PHI,PHI,21,40,180,0,0,4,-48,2,2,313,120,10,-25.073359329695,-11.1767044192866,0,9,0,0,0,35,133,0,0,0,10,-1.94641913694795,0,4,2,0,0,21,38,180,0,0,0,313,120,10,-4.75293542168723,0,9,0,0,0,0,38,1,15,3,15,3,4,29,6,2,33,5,0,0,0,0,0,0,0,0,0,0,-11,2,0,0,7,68,6,2,1,1,3,2,1,4,3,49,3,4,1,0,59,0.75,0,0,0,2,1,0,0,0,0,0,1,0,49;49;59,52,,157,52,0,0,0,0,0,,0,0,0,0,0,3,0,44,117,0,1,0,0,0,2,22,0,95
2020,8,DEN,REG,2020_08_LAC_DEN,LAC,26,41,248,3,1,2,-5,0,0,308,115,11,3.18281201951483,2.18918966619592,0,8,3,2,2,16,108,1,0,0,3,1.25825753505342,0,3,2,2,1,26,38,248,3,0,0,308,115,11,6.50324038337727,0,8,3,2,2,0,57,2,26,3,14,0,2,3,4,2,46,5,0,0,0,0,0,0,0,0,0,0,0,0,0,0,8,70,6,0,0,0,0,0,1,8,1,23,1,1,0,0,35,1,0,0,1,0,0,0,0,0,0,0,0,0,35,,,35,0,0,4,4,0,0,1,0,0,0,0,0,6,0,69,325,1,1,0,2,0,3,38,0,247
2020,8,DET,REG,2020_08_IND_DET,IND,24,42,336,3,1,5,-39,1,1,398,142,17,-6.96545618865289,-9.79488864541054,0,15,7,4,1,13,29,0,0,0,2,-5.65466779679991,0,2,0,0,0,24,40,336,3,0,0,398,142,17,4.83690582530107,0,15,7,4,1,0,46,5,29,6,19,1,2,15,4,0,0,0,0,1,0,1,0,0,0,0,4,2,0,0,0,0,4,76,6,2,1,0,3,1,1,2,2,62,0,1,1,0,,0,0,0,0,0,0,0,0,0,0,1,0,0,,48,,0,48,0,3,3,0,0,1,0,0,0,0,0,5,0,59,262,0,0,1,1,2,1,12,0,230
2020,8,GB,REG,2020_08_MIN_GB,MIN,27,41,291,3,0,1,0,1,1,334,125,17,10.2455546491547,5.62385144202333,0,10,6,3,1,24,109,0,0,0,5,2.30793716553319,1,1,0,0,0,27,38,291,3,0,0,334,125,17,12.0869222702459,0,10,6,3,1,0,40,1,13,3,12,0,1,9,1,0,0,0,0,0,0,0,0,0,0,0,0,0,0,0,0,0,9,85,6,1,0,0,1,1,1,9,2,53,0,0,0,0,,,0,0,0,0,0,0,0,0,0,0,0,0,,,,0,0,0,2,2,0,0,1,0,0,0,0,0,1,0,38,38,1,1,0,0,0,0,0,0,38
2020,8,IND,REG,2020_08_IND_DET,DET,23,34,262,3,0,2,-15,0,0,224,143,15,17.122141783766,-3.05095820715933,0,11,7,5,0,39,119,2,0,0,9,-4.43169212453347,1,3,3,0,0,23,33,262,3,1,0,224,143,15,17.9142853062949,0,11,7,5,0,0,36,4,10,9,37,2,5,39,8,1,29,5,1,0,0,0,0,0,0,0,0,0,0,1,0,0,3,19,1,1,0,1,1,0,1,12,4,101,0,0,0,0,,,0,0,0,0,0,0,0,0,0,0,0,0,,,,0,0,0,3,5,2,0,0.6,0,0,0,0,0,4,1,51,184,3,0,0,0,3,1,2,0,182
2020,8,KC,REG,2020_08_NYJ_KC,NYJ,35,47,446,5,0,0,0,0,0,410,213,21,30.0141000400763,8.470123245361,0,19,11,6,1,20,50,0,1,0,3,-10.1451205317862,0,1,0,0,0,35,47,446,5,1,0,410,213,21,30.0141000400763,0,19,11,6,1,0,36,0,16,3,13,1,1,5,5,0,0,2,0,0,0,0,0,1,0,0,27,1,-4,1,0,0,7,61,0,1,1,1,2,0,2,14,3,78,0,0,0,0,,,0,0,0,0,0,0,0,0,0,0,0,0,,,,0,0,0,5,5,0,0,1,0,0,0,0,0,3,0,44,122,1,0,0,1,2,0,0,0,102
2020,8,LA,REG,2020_08_LA_MIA,MIA,35,61,355,1,2,2,-15,2,2,365,200,19,-25.5332031754669,-6.50390339525122,0,15,4,2,0,29,131,1,0,0,11,2.251535754418,0,4,2,0,0,35,57,355,1,0,0,365,200,19,-5.55267160583844,0,15,4,2,0,0,29,0,20,1,5,2,1,3,2,0,0,3,0,1,0,0,0,0,0,0,0,1,0,2,0,0,5,45,6,2,1,0,3,2,3,7,2,29,1,2,1,0,23,0.5,0,1,0,0,0,0,0,0,0,1,0,0,23,48,,23,48,0,2,2,0,0,1,0,0,0,0,0,6,0,62,284,2,1,1,1,2,1,88,1,176
2020,8,LAC,REG,2020_08_LAC_DEN,DEN,29,44,278,3,2,2,-3,0,0,296,140,15,4.51408249047254,4.26901394412631,0,9,6,4,0,38,210,0,0,0,10,-1.45771815284388,0,6,5,3,0,29,42,278,3,0,0,296,140,15,7.40449230012619,0,9,6,4,0,0,33,1,15,3,7,0,2,5,5,1,23,6,0,0,0,0,0,0,0,0,0,0,0,0,0,0,6,67,3,0,0,0,0,0,3,38,1,26,3,3,0,0,52,1,0,0,1,1,1,0,0,0,0,0,0,0,52;47;33,,,132,0,0,3,3,0,0,1,0,0,0,0,0,3,0,43,117,1,0,0,1,1,1,8,0,89
2020,8,LV,REG,2020_08_LV_CLE,CLE,15,24,111,1,0,2,-11,0,0,140,60,7,1.14817909653958,1.09999098561027,0,4,1,0,0,45,209,0,1,0,15,8.76975965924794,0,5,3,0,0,15,22,111,1,0,0,140,60,7,4.86029621025261,0,4,1,0,0,0,30,2,8,1,2,1,0,0,1,0,0,2,0,0,0,0,0,0,0,0,0,1,0,1,0,0,5,25,4,1,0,0,1,0,1,13,2,33,3,4,1,0,33,0.75,0,2,1,0,0,0,0,0,0,1,0,0,29;33;24,41,,86,41,0,1,1,0,0,1,0,0,0,0,0,1,0,56,56,1,1,0,0,0,0,0,0,56
2020,8,MIA,REG,2020_08_LA_MIA,LA,12,22,93,1,0,1,-3,1,1,118,47,5,-10.163362624764,-16.6520893573761,0,3,0,0,0,25,55,1,1,1,3,-13.0221870433015,0,0,0,0,0,12,22,93,1,0,0,118,47,5,-4.58096761879278,0,3,0,0,0,1,45,3,39,2,5,2,2,15,9,2,12,14,0,0,0,0,0,0,0,0,0,0,0,2,106,1,3,30,5,2,0,0,2,2,1,88,1,45,0,0,0,0,,,0,0,0,0,0,0,0,0,0,0,0,0,,,,0,0,0,4,4,0,0,1,0,0,0,0,0,9,0,63,385,5,0,3,0,3,3,7,0,378
2020,8,MIN,REG,2020_08_MIN_GB,GB,11,14,160,1,0,1,-9,0,0,25,131,6,12.0135421975283,-0.430987136704581,0,7,3,1,1,34,173,3,0,0,11,6.86520249274327,0,4,4,2,0,11,14,160,1,0,0,25,131,6,13.5262436016346,0,7,3,1,1,0,37,9,21,0,0,1,1,0,2,0,0,2,0,0,0,0,0,0,0,0,0,0,0,1,4,0,7,36,3,0,0,0,0,0,0,0,4,66,0,0,0,0,,,0,0,0,0,0,0,0,0,0,0,0,0,,,,0,0,0,4,4,0,0,1,0,0,0,0,0,3,0,43,113,0,0,2,0,0,1,9,0,104
2020,8,NE,REG,2020_08_NE_BUF,BUF,15,25,174,0,0,2,-13,0,0,143,92,8,3.29138291341338,-5.67788170731586,1,6,3,2,0,34,188,2,1,1,11,2.76905084594736,0,5,4,1,0,15,23,174,0,0,0,143,92,8,7.32895724428205,1,6,3,2,0,0,29,10,20,2,7,0,1,5,4,1,25,3,0,0,0,0,0,0,0,0,0,0,0,0,0,0,5,35,6,1,0,0,1,1,1,15,3,53,2,2,0,0,43,1,0,0,1,1,0,0,0,0,0,0,0,0,43;33,,,76,0,0,1,1,0,0,1,0,0,0,0,0,4,0,64,173,1,1,1,1,1,0,0,0,153
2020,8,NO,REG,2020_08_NO_CHI,CHI,31,41,280,2,0,1,-8,1,0,190,169,11,8.23890328901356,4.2395599004699,0,12,3,2,1,30,122,0,1,0,10,-3.60968328843592,0,4,3,2,0,31,41,280,2,1,0,190,169,11,9.47589677332902,0,12,3,2,1,0,47,2,24,8,39,0,5,39,8,1,0,3,0,0,0,0,0,0,0,0,0,3,0,0,0,0,5,45,5,3,0,0,3,0,3,67,5,94,4,5,1,0,39,0.8,0,1,3,0,0,0,0,1,0,0,0,0,38;27;39;35,27,,139,27,0,2,2,0,0,1,1,1,0,0,35,4,0,48,153,1,1,0,0,0,3,17,0,136
2020,8,NYG,REG,2020_08_TB_NYG,TB,26,42,274,2,2,3,-18,0,0,320,140,17,2.12380850082079,-1.30761621928797,0,15,4,2,0,24,101,1,0,0,6,0.255989925994072,0,3,2,0,0,26,41,274,2,0,0,320,140,17,7.09163625660401,0,15,4,2,0,0,40,4,24,3,18,1,2,16,4,0,0,6,0,0,0,0,0,0,0,0,0,0,0,1,0,0,7,73,5,0,0,0,0,0,1,11,3,98,1,1,0,0,33,1,0,0,1,0,0,0,0,0,0,0,0,0,33,,,33,0,0,2,2,0,0,1,0,0,0,0,0,4,0,38,144,2,0,2,0,2,0,0,0,144
2020,8,NYJ,REG,2020_08_NYJ_KC,KC,18,30,133,0,0,1,-5,0,0,193,74,8,-4.52543928709769,-3.56650767581803,0,6,1,1,0,25,93,0,0,0,4,-4.23804921016563,0,0,0,0,0,18,28,133,0,1,1,193,74,8,-6.43232113585664,0,6,1,1,0,0,42,0,26,5,16,1,0,0,3,0,0,2,0,0,0,0,0,0,0,0,0,0,0,0,0,0,3,25,4,1,0,0,1,1,0,0,1,17,3,4,0,1,55,0.75,0,0,1,1,1,0,0,0,0,0,0,0,39;55;48,,47,142,0,47,0,0,0,0,,0,0,0,0,0,5,0,60,227,1,1,0,0,2,2,14,0,213
2020,8,PHI,REG,2020_08_DAL_PHI,DAL,16,28,132,2,2,4,-29,2,2,304,32,8,-14.8294129870627,-1.42614325651756,1,3,2,1,0,26,119,0,1,0,6,-3.34986900877254,0,3,2,0,0,16,26,132,2,0,0,304,32,8,-1.81597453846177,1,3,2,1,0,0,53,0,22,8,48,2,4,48,7,0,0,5,0,0,1,0,0,0,0,0,0,0,0,2,53,1,4,28,1,3,0,1,3,2,2,22,1,20,0,0,0,0,,,0,0,0,0,0,0,0,0,0,0,0,0,,,,0,0,0,1,1,0,0,1,0,0,0,0,0,2,0,43,83,0,0,0,1,0,1,4,0,59
2020,8,PIT,REG,2020_08_PIT_BAL,BAL,21,32,182,2,0,2,-9,1,0,232,93,11,5.37806054862449,-2.59836250916123,0,7,2,1,0,16,48,1,0,0,3,-1.04821324744262,0,1,1,0,0,21,32,182,2,1,1,232,93,11,3.31070194841595,0,7,2,1,0,0,54,2,16,3,16,3,4,16,9,2,35,4,1,0,0,0,0,0,0,0,0,2,0,2,0,0,3,30,4,2,1,0,3,1,1,5,2,48,0,0,0,0,,,0,0,0,0,0,0,0,0,0,0,0,0,,,,0,0,0,4,4,0,0,1,0,0,0,0,0,6,0,56,253,2,2,0,0,3,1,15,0,238
2020,8,SEA,REG,2020_08_SF_SEA,SF,27,37,261,4,0,2,-12,0,0,260,128,16,16.4509963374234,7.67332952883509,0,8,3,2,1,28,101,1,0,0,7,-0.377843477472197,0,3,3,1,0,27,36,261,4,0,0,260,128,16,19.4448990847099,0,8,3,2,1,0,39,3,23,5,30,2,3,23,8,1,1,5,0,0,0,0,0,0,0,0,0,0,0,1,0,0,6,30,3,0,0,0,0,0,2,24,2,38,1,1,0,0,48,1,0,0,0,1,0,0,0,0,0,0,0,0,48,,,48,0,0,4,5,1,0,0.8,0,0,0,0,0,4,0,65,216,1,0,1,1,1,1,20,0,176
2020,8,SF,REG,2020_08_SF_SEA,SEA,29,41,322,2,1,3,-23,0,0,291,114,16,11.6186843198813,6.47855795919895,0,14,7,4,0,22,52,2,2,0,6,1.30382881476544,0,1,1,0,0,29,40,322,2,0,0,291,114,16,17.5444752800833,0,14,7,4,0,0,43,3,19,4,18,0,2,12,3,0,0,2,0,0,0,0,0,0,0,0,0,1,5,0,0,0,6,36,4,2,1,1,3,1,1,20,4,74,0,0,0,0,,,0,0,0,0,0,0,0,0,0,0,0,0,,,,0,0,0,3,3,0,0,1,0,0,0,0,0,4,0,56,202,1,0,1,0,1,2,24,0,178
2020,8,TB,REG,2020_08_TB_NYG,NYG,28,40,279,2,0,2,-16,0,0,364,94,18,9.73383204514086,4.56748455762863,0,10,6,3,0,24,81,0,0,0,3,-5.03622068795665,0,1,1,0,0,28,40,279,2,1,1,364,94,18,9.35478471781518,0,10,6,3,0,0,37,5,23,5,21,0,3,18,11,2,3,6,0,0,0,0,0,0,0,0,0,1,0,0,0,0,3,20,5,1,1,0,2,1,0,0,4,92,4,4,0,0,43,1,0,0,2,2,0,0,0,0,0,0,0,0,37;40;43;38,,,158,0,0,1,1,0,0,1,0,0,0,0,0,3,0,49,126,1,0,2,0,0,1,11,0,115
2020,8,TEN,REG,2020_08_TEN_CIN,CIN,18,30,233,2,1,1,-10,0,0,271,74,13,-0.733327382727187,0.453655370350542,0,12,5,4,0,29,218,1,0,0,12,15.1133907076437,0,7,6,1,0,18,29,233,2,0,0,271,74,13,2.11256322117417,0,12,5,4,0,0,41,2,32,1,3,0,0,0,2,0,0,4,0,0,0,0,0,0,0,0,0,0,0,0,0,0,7,68,6,0,0,0,0,0,1,3,2,30,0,1,1,0,,0,0,0,0,0,0,0,0,0,0,0,1,0,,53,,0,53,0,2,2,0,0,1,0,0,0,0,0,2,0,36,72,1,0,0,1,1,0,0,0,52
2020,9,ARI,REG,2020_09_MIA_ARI,MIA,21,26,283,3,0,1,-19,1,1,250,52,17,9.64766873025651,12.9066782502028,0,12,7,3,1,37,178,1,0,0,6,0.0434473014320247,0,5,4,1,0,21,26,283,3,0,0,250,52,17,18.9795007459106,0,12,7,3,1,0,38,2,14,6,32,0,3,27,3,0,0,2,0,0,0,0,0,0,0,0,0,1,0,0,0,0,7,71,5,2,0,0,2,1,1,-4,2,30,1,2,1,0,37,0.5,0,0,1,0,0,0,0,0,0,1,0,0,37,49,,37,49,0,4,4,0,0,1,0,0,0,0,0,1,0,42,42,0,0,0,0,0,1,10,0,32
2020,9,ATL,REG,2020_09_DEN_ATL,DEN,25,35,284,3,1,2,-13,0,0,336,89,15,10.9758252014882,5.75976073741913,0,10,5,5,2,32,92,1,0,0,5,-9.52670499501983,0,2,2,0,0,25,35,284,3,0,0,336,89,15,13.5041598826116,0,10,5,5,2,0,42,0,20,2,16,1,1,11,10,1,19,6,0,0,0,0,0,0,0,0,0,0,0,0,0,0,5,61,0,0,0,0,0,0,1,13,0,0,2,2,0,0,52,1,0,0,1,0,1,0,0,0,0,0,0,0,52;35,,,87,0,0,4,4,0,0,1,0,0,0,0,0,5,0,46,183,2,0,1,1,2,1,8,0,155
2020,9,BAL,REG,2020_09_BAL_IND,IND,19,23,170,0,0,2,-14,0,0,96,94,9,7.42934009910096,3.96646002064581,0,7,2,2,0,38,110,2,2,1,9,-7.44880197799325,0,0,0,0,0,19,23,170,0,0,0,96,94,9,9.36920725833625,0,7,2,2,0,0,37,16,20,0,0,2,0,0,2,1,-4,4,0,1,0,0,0,0,0,0,0,2,1,1,65,1,5,55,3,2,1,0,3,1,2,13,1,23,1,1,0,0,48,1,0,0,0,1,0,0,0,0,0,0,0,0,48,,,48,0,0,3,3,0,0,1,0,0,0,0,0,6,0,50,268,1,1,1,0,0,4,21,0,247
2020,9,BUF,REG,2020_09_SEA_BUF,SEA,31,38,415,3,0,7,-29,0,0,341,194,19,16.4707288941216,16.168785644205,0,18,11,9,0,19,34,2,0,0,5,-2.49583758831895,0,0,0,0,0,31,38,415,3,0,0,341,194,19,24.6224209952994,0,18,11,9,0,0,38,8,12,5,21,2,5,28,11,2,28,6,0,0,0,0,0,0,0,0,0,0,0,2,0,0,6,70,5,0,0,0,0,0,1,11,2,80,3,4,1,0,44,0.75,0,1,1,1,0,0,0,0,0,0,0,1,44;22;31,61,,97,61,0,5,5,0,0,1,0,0,0,0,0,2,0,54,107,0,0,0,1,0,1,6,0,81
2020,9,CAR,REG,2020_09_CAR_KC,KC,37,50,338,2,0,2,-7,0,0,280,199,18,18.3103690309333,15.4581387611953,0,12,5,5,0,24,104,2,0,0,7,5.81450469216302,0,3,2,0,0,37,44,338,2,1,0,280,199,18,24.3699675173382,0,12,5,5,0,0,32,0,14,2,11,1,2,11,8,0,0,1,0,0,0,0,0,0,0,0,0,0,0,1,0,0,12,82,6,1,0,1,1,0,0,0,2,46,1,3,2,0,47,0.333333333333333,0,0,0,1,0,0,0,0,0,0,1,1,47,51;67,,47,118,0,4,4,0,0,1,0,1,1,0,67,2,0,44,65,0,1,0,0,0,1,6,0,59
2020,9,CHI,REG,2020_09_CHI_TEN,TEN,36,52,335,2,0,3,-16,0,0,320,134,17,4.87829104745049,10.4834933230217,0,12,7,5,0,20,56,0,0,0,2,-6.1856010495103,0,1,0,0,0,36,47,335,2,2,2,320,137,17,3.36495715680519,0,12,7,5,0,0,32,6,20,4,24,0,3,22,6,0,0,5,0,0,0,0,0,0,0,0,0,1,-3,0,0,0,5,35,6,2,1,0,3,2,6,64,3,53,1,1,0,0,22,1,0,1,0,0,0,0,0,0,0,0,0,0,22,,,22,0,0,2,2,0,0,1,0,0,0,0,0,6,0,64,298,2,0,0,1,2,3,49,0,229
2020,9,DAL,REG,2020_09_PIT_DAL,PIT,21,38,243,1,1,2,-23,0,0,348,52,10,-5.15978855496801,-6.42581171280629,0,11,6,4,0,31,144,0,0,0,9,0.0213483493203652,0,6,4,2,0,21,37,243,1,1,1,348,52,10,-3.64048993347424,0,11,6,4,0,0,42,1,13,2,8,0,0,0,2,0,0,2,0,0,0,0,1,0,0,0,0,0,0,0,0,0,7,70,6,1,0,0,1,1,3,82,2,87,4,4,0,0,45,1,0,0,2,2,0,0,0,0,0,0,0,0,38;44;45;39,,,166,0,0,1,1,0,0,1,0,0,0,0,0,2,0,40,79,0,0,0,0,1,1,0,0,79
2020,9,DEN,REG,2020_09_DEN_ATL,ATL,25,48,313,2,1,1,-11,0,0,440,127,17,1.35419577666525,-7.48776197433472,0,10,6,5,1,22,103,1,0,0,3,-3.71686560387025,0,3,2,0,0,25,45,313,2,1,0,440,127,17,6.15981912372135,0,10,6,5,1,0,48,1,13,5,24,0,2,13,9,1,0,5,0,0,0,0,0,0,0,0,0,1,-1,0,0,0,5,65,6,1,1,1,2,0,1,8,6,145,2,2,0,0,43,1,0,0,0,2,0,0,0,0,0,0,0,0,43;41,,,84,0,0,3,3,0,0,1,0,0,0,0,0,5,0,64,225,4,0,0,0,4,1,13,0,212
2020,9,DET,REG,2020_09_DET_MIN,MIN,31,45,305,2,3,2,-13,0,0,273,167,19,-6.08330979685421,-2.27033238519322,0,15,4,2,0,27,129,0,0,0,9,-0.921651475071091,0,3,3,0,0,31,44,305,2,1,0,273,167,19,-2.95287597164472,0,15,4,2,0,0,32,1,37,1,8,0,1,8,2,0,0,3,0,0,0,2,0,0,0,0,15,0,0,0,0,0,3,37,3,1,0,1,1,0,2,33,3,24,2,3,1,0,45,0.666666666666667,0,1,0,1,0,0,0,0,0,1,0,0,23;45,46,,68,46,0,2,2,0,0,1,0,0,0,0,0,2,0,56,93,0,1,0,0,0,1,-3,0,96
2020,9,GB,REG,2020_09_GB_SF,SF,25,31,305,4,0,1,-11,0,0,229,131,13,19.7490295656205,15.8742669224739,0,9,5,5,2,31,111,0,0,0,6,-2.07508729446352,0,2,0,0,0,25,30,305,4,0,0,229,131,13,22.7180279430468,0,9,5,5,2,0,37,0,16,2,2,1,1,9,5,1,17,4,0,0,0,0,0,0,0,0,0,0,0,1,0,0,5,45,5,0,0,0,0,0,0,0,1,5,2,2,0,0,53,1,1,0,0,0,1,0,0,0,0,0,0,0,19;53,,,72,0,0,4,4,0,0,1,0,0,0,0,0,3,0,57,154,0,0,0,1,1,1,13,0,121
2020,9,HOU,REG,2020_09_HOU_JAX,JAX,19,32,281,2,0,2,-14,0,0,291,194,10,7.12231682850585,-1.75749320408394,0,8,4,2,2,28,107,1,2,1,7,-2.65276419511065,0,4,2,0,0,19,29,281,2,0,0,291,194,10,14.5174828491134,0,8,4,2,2,0,42,0,28,2,8,1,2,16,4,1,0,3,0,0,0,0,0,0,0,0,0,1,-4,0,0,0,3,18,2,1,1,0,2,1,0,0,1,20,2,2,0,0,54,1,0,0,1,0,1,0,0,0,0,0,0,0,54;30,,,84,0,0,3,3,0,0,1,0,0,0,0,0,5,0,61,223,3,0,1,1,1,2,3,0,200
2020,9,IND,REG,2020_09_BAL_IND,BAL,25,44,227,0,1,0,0,0,0,270,169,11,-14.0680192615958,-10.428459867835,0,11,5,2,0,21,112,1,1,1,7,-9.3446880952979,0,5,3,0,0,25,40,227,0,0,0,270,169,11,-13.1834299023443,0,11,5,2,0,0,46,13,15,7,21,2,2,14,2,0,0,3,0,1,0,0,0,0,0,0,0,1,11,1,3,0,4,30,6,2,0,0,2,1,4,21,4,103,1,1,0,0,43,1,0,0,0,1,0,0,0,0,0,0,0,0,43,,,43,0,0,1,1,0,0,1,0,0,0,0,0,4,0,59,204,0,0,0,2,0,2,13,0,151
2020,9,JAX,REG,2020_09_HOU_JAX,HOU,26,38,304,1,1,2,-16,1,0,334,124,13,2.27815411279073,0.558457327516455,0,11,6,4,1,27,115,2,0,0,8,-1.695750478626,0,5,3,0,0,26,38,304,1,0,0,334,124,13,5.31327013128532,0,11,6,4,1,0,33,0,20,4,14,1,2,14,5,0,0,3,0,0,0,0,0,0,0,0,0,1,0,1,0,0,4,78,6,1,0,0,1,0,2,3,4,94,2,2,0,0,59,1,0,0,1,0,1,0,0,0,0,0,0,0,59;30,,,89,0,0,1,2,1,0,0.5,0,0,0,0,0,5,0,56,234,3,0,5,0,0,0,0,0,234
2020,9,KC,REG,2020_09_CAR_KC,CAR,30,45,372,4,0,2,-11,0,0,407,137,18,15.3649805087105,5.58186254718087,0,15,7,7,1,11,36,0,0,0,3,1.0319386968622,0,0,0,0,0,30,44,372,4,1,1,407,137,18,16.4575472383445,0,15,7,7,1,0,52,0,18,2,11,1,2,7,9,0,0,3,0,0,0,0,0,0,0,0,0,0,0,0,0,0,8,75,4,1,0,0,1,1,1,6,0,0,2,3,1,0,55,0.666666666666667,0,0,1,0,1,0,0,0,0,1,0,0,39;55,48,,94,48,0,3,4,1,0,0.75,0,0,0,0,0,1,0,36,36,1,0,0,0,1,0,0,0,36
2020,9,LAC,REG,2020_09_LV_LAC,LV,28,42,326,2,0,2,-14,0,0,309,131,18,10.1492694785052,1.52314428876086,0,14,8,4,1,31,128,1,1,0,6,-1.28336309429671,0,2,1,0,0,28,41,326,2,0,0,309,131,18,13.8738252778936,0,14,8,4,1,0,30,2,18,0,0,1,1,5,3,0,0,4,0,1,0,0,0,0,0,0,0,0,0,1,0,0,5,45,4,1,1,1,2,1,2,0,3,70,2,3,1,0,45,0.666666666666667,0,1,0,1,0,0,0,0,0,1,0,0,45;29,48,,74,48,0,2,2,0,0,1,0,0,0,0,0,3,0,58,146,1,0,1,0,0,2,25,0,121
2020,9,LV,REG,2020_09_LV_LAC,LAC,13,23,165,2,0,1,-5,1,1,281,56,6,1.26964619752765,-7.40058007447616,0,4,3,2,2,26,160,2,0,0,10,7.73033337912057,0,7,4,1,0,13,23,165,2,0,0,281,56,6,3.844125940053,0,4,3,2,2,0,38,10,36,3,15,1,2,14,7,0,0,5,0,0,0,0,0,0,0,0,0,0,0,1,0,0,2,10,5,1,0,0,1,1,2,25,2,76,1,1,0,0,31,1,0,0,1,0,0,0,0,0,0,0,0,0,31,,,31,0,0,4,4,0,0,1,0,0,0,0,0,4,0,45,150,2,0,1,0,1,2,0,0,150
2020,9,MIA,REG,2020_09_MIA_ARI,ARI,20,28,248,2,0,3,-27,0,0,229,68,12,10.7597100773184,8.20081520539064,0,11,8,1,0,25,91,1,0,0,8,-2.42930072540185,0,2,2,0,0,20,26,248,2,0,0,229,68,12,16.3346838995758,0,11,8,1,0,0,53,1,9,3,10,2,1,19,4,0,0,2,0,0,0,0,0,0,0,0,0,0,0,1,36,1,7,75,6,0,0,0,0,0,1,10,3,51,2,2,0,0,56,1,0,0,0,0,2,0,0,0,0,0,0,0,56;50,,,106,0,0,4,4,0,0,1,0,0,0,0,0,3,0,44,125,1,0,1,0,1,1,-4,0,129
2020,9,MIN,REG,2020_09_DET_MIN,DET,13,20,220,3,0,1,-8,0,0,217,114,11,6.3355093486025,-1.45535752177238,0,8,7,6,0,34,275,2,0,0,10,8.88636215549195,0,9,8,1,1,13,20,220,3,0,0,217,114,11,8.01694928243524,0,8,7,6,0,0,46,1,35,2,2,1,2,13,7,3,16,4,0,0,0,0,0,0,0,0,8,0,0,0,0,0,9,69,2,0,0,0,0,0,1,-3,5,98,0,0,0,0,,,0,0,0,0,0,0,0,0,0,0,0,0,,,,0,0,0,4,5,1,0,0.8,0,0,0,0,0,3,2,54,157,1,0,0,0,1,2,33,0,124
2020,9,NE,REG,2020_09_NE_NYJ,NYJ,27,35,274,0,0,0,0,0,0,281,106,13,13.972489409448,14.2352269852863,0,11,5,4,0,41,159,3,1,0,14,2.74383194682055,0,5,3,1,0,27,34,274,0,0,0,281,106,13,14.0105685655226,0,11,5,4,0,0,27,1,23,1,5,0,1,5,4,1,0,3,0,0,0,0,0,0,0,0,0,1,0,0,0,0,6,81,3,1,0,0,1,0,0,0,4,100,3,3,0,0,51,1,0,1,0,1,1,0,0,0,0,0,0,0,45;29;51,,,125,0,0,3,3,0,0,1,1,1,0,0,51,1,0,59,59,1,0,0,0,0,1,0,0,59
2020,9,NO,REG,2020_09_NO_TB,TB,29,35,282,4,0,1,0,1,1,179,123,15,18.6108152069384,20.1888609458418,0,12,5,4,1,37,138,1,0,0,11,-0.190074049518444,0,6,4,1,0,29,34,282,4,1,1,179,123,15,18.7891248490661,0,12,5,4,1,0,28,0,8,3,23,0,3,23,9,3,4,8,0,0,0,0,0,0,0,0,0,1,0,0,0,0,3,28,4,2,1,0,3,2,3,30,0,0,1,1,0,0,36,1,0,0,1,0,0,0,0,0,0,0,0,0,36,,,36,0,0,5,5,0,0,1,0,0,0,0,0,1,0,51,51,1,0,0,0,0,1,1,0,50
2020,9,NYG,REG,2020_09_NYG_WAS,WAS,23,34,212,1,0,5,-28,1,0,181,90,9,2.60409680699602,-0.658556728652029,0,5,3,2,1,35,166,1,1,0,12,-2.60121848451672,0,5,4,1,0,23,33,212,1,0,0,181,90,9,9.28138103051587,0,5,3,2,1,0,32,1,21,1,7,2,2,22,7,3,23,8,0,0,0,0,0,0,0,0,0,1,0,2,0,0,4,40,1,1,1,1,2,0,1,6,1,26,3,3,0,0,48,1,0,0,1,2,0,0,0,0,0,0,0,0,38;48;42,,,128,0,0,2,2,0,0,1,0,0,0,0,0,4,0,49,158,3,0,1,0,1,2,12,0,146
2020,9,NYJ,REG,2020_09_NE_NYJ,NE,18,25,262,3,1,1,-5,0,0,315,97,12,14.2374132506675,16.1132312069337,0,11,6,4,1,18,65,0,0,0,4,-0.900607965362724,0,1,1,0,0,18,24,262,3,0,0,315,97,12,15.9986288583031,0,11,6,4,1,0,53,4,26,2,2,1,0,0,4,0,0,3,0,0,0,0,0,0,0,0,0,0,0,0,0,0,4,32,5,0,0,0,0,0,1,0,4,88,2,2,0,0,50,1,0,0,1,0,1,0,0,0,0,0,0,0,35;50,,,85,0,0,3,3,0,0,1,0,0,0,0,0,2,0,49,83,1,1,1,0,0,0,0,0,83
2020,9,PIT,REG,2020_09_PIT_DAL,DAL,31,45,309,3,0,0,0,0,0,328,185,15,9.72728204723188,-2.84873697492811,0,9,5,4,1,18,46,0,0,0,2,-8.16901485278504,0,0,0,0,0,31,45,309,3,0,0,328,185,15,9.72728204723188,0,9,5,4,1,0,50,1,9,7,17,1,2,23,9,1,7,5,0,0,0,0,0,0,0,0,0,0,0,1,-1,0,3,16,4,0,0,0,0,0,1,0,1,29,2,2,0,0,59,1,0,0,0,1,1,0,0,0,0,0,0,0,59;43,,,102,0,0,0,2,1,1,0,0,0,0,0,0,4,0,62,203,1,0,0,0,1,3,82,0,121
2020,9,SEA,REG,2020_09_SEA_BUF,BUF,28,41,390,2,2,5,-28,2,2,380,145,15,2.27587594676863,7.13582169264555,0,14,7,5,3,17,57,2,0,0,5,-0.750161068164744,0,2,0,0,0,28,40,390,2,0,0,380,145,15,15.4342685648297,0,14,7,5,3,0,42,4,12,7,32,0,7,29,11,0,0,0,0,0,0,0,0,0,0,0,0,0,0,0,0,0,4,13,6,2,0,0,2,2,1,6,1,17,2,2,0,0,45,1,0,0,0,2,0,0,0,0,0,0,0,0,45;44,,,89,0,0,4,4,0,0,1,0,0,0,0,0,1,0,53,53,0,0,0,0,0,1,11,0,42
2020,9,SF,REG,2020_09_GB_SF,GB,22,35,291,1,1,1,-9,1,1,224,197,8,-2.95358034286751,-4.74080943009433,0,7,5,4,3,17,55,1,0,0,6,-0.913850273005664,0,1,0,0,0,22,34,291,1,0,0,224,197,8,3.65713831678163,0,7,5,4,3,0,37,1,27,1,11,0,1,11,1,0,0,2,0,0,0,0,0,0,0,0,0,0,0,0,0,0,4,33,4,1,0,0,1,1,1,13,6,135,1,1,0,0,22,1,0,1,0,0,0,0,0,0,0,0,0,0,22,,,22,0,0,2,2,0,0,1,0,0,0,0,0,4,0,60,219,1,0,0,2,2,0,0,0,179
2020,9,TB,REG,2020_09_NO_TB,NO,22,38,209,0,3,3,-23,0,0,365,80,10,-23.3233474628768,-3.9144091509484,0,11,4,3,0,5,8,0,0,0,0,-1.24580795364454,0,0,0,0,0,22,37,209,0,0,0,365,80,10,-17.6891206235859,0,11,4,3,0,0,44,1,37,6,17,2,1,0,3,0,0,2,0,0,0,0,0,0,0,0,0,0,0,2,31,0,5,39,2,0,0,0,0,0,1,1,2,46,1,1,0,0,48,1,0,0,0,1,0,0,0,0,0,0,0,0,48,,,48,0,0,0,0,0,0,,0,0,0,0,0,4,0,49,161,0,1,0,0,0,3,30,0,131
2020,9,TEN,REG,2020_09_CHI_TEN,CHI,10,21,158,2,0,3,-22,0,0,215,78,7,-1.04808722292302,-16.9206878968648,0,5,4,3,1,31,92,0,0,0,4,-5.3510337555781,0,1,1,1,0,10,21,158,2,0,0,215,78,7,3.35794035937641,0,5,4,3,1,0,48,2,30,4,18,2,3,16,10,0,0,7,0,0,0,0,0,0,0,0,0,0,0,2,63,1,6,57,1,0,0,0,0,0,3,49,2,37,1,1,0,0,40,1,0,0,0,1,0,0,0,0,0,0,0,0,40,,,40,0,0,3,3,0,0,1,0,0,0,0,0,8,0,65,404,0,1,0,1,0,6,64,0,320
2020,9,WAS,REG,2020_09_NYG_WAS,NYG,29,39,387,1,3,2,-22,0,0,147,277,15,4.19187201571429,1.96890876843379,0,12,5,5,2,9,37,1,0,0,3,-0.946299867006019,0,2,0,0,0,29,39,387,1,1,1,147,277,15,4.33237067610269,0,12,5,5,2,0,51,0,22,4,15,1,4,17,9,0,0,1,0,2,0,0,0,0,0,0,0,1,0,0,0,0,6,45,5,2,1,0,3,2,2,12,3,65,2,2,0,0,48,1,0,0,0,2,0,0,0,0,0,0,0,0,48;44,,,92,0,0,2,2,0,0,1,0,0,0,0,0,2,0,56,110,0,0,1,0,0,1,6,0,104
2020,10,ARI,REG,2020_10_BUF_ARI,BUF,22,32,245,1,1,3,-9,0,0,231,96,11,2.92880197701941,-1.4528401196003,0,6,3,3,1,35,217,2,1,1,14,0.977509891337948,0,8,8,3,0,22,32,245,1,0,0,231,96,11,6.76614286777053,0,6,3,3,1,0,45,2,18,5,13,0,0,0,4,2,7,4,0,0,0,0,0,0,0,0,0,0,0,0,0,0,7,40,5,1,0,0,1,1,2,15,2,39,4,4,0,0,45,1,0,2,0,2,0,0,0,0,0,0,0,0,23;42;21;45,,,131,0,0,2,2,0,0,1,0,0,0,0,0,3,0,47,132,0,0,0,0,1,2,10,0,122
2020,10,BAL,REG,2020_10_BAL_NE,NE,24,34,249,2,1,2,-7,0,0,259,145,11,4.27485937377841,2.45703888290069,0,11,5,2,0,28,115,0,0,0,7,-1.24510198255302,0,2,0,0,0,24,34,249,2,0,0,259,145,11,5.50627058072186,0,11,5,2,0,0,36,6,22,5,13,0,1,7,3,0,0,0,0,0,0,0,0,0,0,0,0,3,-27,0,0,0,8,64,5,0,3,0,3,0,0,0,1,24,1,1,0,0,24,1,0,1,0,0,0,0,0,0,0,0,0,0,24,,,24,0,0,2,2,0,0,1,0,0,0,0,0,3,0,58,151,3,0,1,0,2,0,0,0,151
2020,10,BUF,REG,2020_10_BUF_ARI,ARI,33,50,296,3,2,0,0,0,0,343,166,15,1.74046410112047,1.26905666457282,0,13,5,4,0,18,73,0,0,0,5,-2.37856033546902,0,4,4,0,0,33,45,296,3,0,0,343,166,15,5.90743691280356,0,13,5,4,0,0,55,3,13,5,26,1,3,9,4,1,14,6,0,0,0,0,0,0,0,0,0,0,0,1,0,0,9,69,5,0,1,1,1,0,2,10,5,105,3,3,0,0,58,1,0,0,0,0,3,0,0,0,0,0,0,0,54;55;58,,,167,0,0,3,3,0,0,1,0,0,0,0,0,4,0,61,186,1,1,0,1,0,2,15,0,151
2020,10,CAR,REG,2020_10_TB_CAR,TB,20,28,148,2,1,3,-26,0,0,191,83,7,-11.4950385947585,6.37432592255729,0,4,4,2,0,16,65,1,0,0,5,0.11181643710006,0,1,0,0,0,20,28,148,2,0,0,191,83,7,-5.26345639588442,0,4,4,2,0,0,38,2,38,4,14,1,1,7,7,0,0,1,0,0,0,0,1,0,0,0,0,0,0,1,0,0,5,40,6,0,0,0,0,0,0,0,3,151,1,1,0,0,46,1,0,0,0,1,0,0,0,0,0,0,0,0,46,,,46,0,0,2,2,0,0,1,0,0,0,0,0,4,0,67,217,2,0,2,0,2,0,0,0,217
2020,10,CHI,REG,2020_10_MIN_CHI,MIN,16,31,124,0,1,2,-16,0,0,231,59,9,-15.7895480088176,-5.06562503247426,0,4,3,2,0,17,41,0,0,0,1,-5.65491476486204,0,0,0,0,0,16,29,124,0,0,0,231,59,9,-10.8218117415075,0,4,3,2,0,1,46,0,22,3,10,2,1,6,5,1,33,3,0,1,0,0,0,0,0,0,0,2,0,1,0,0,1,5,4,0,3,0,3,1,3,44,3,142,2,2,0,0,42,1,0,1,0,1,0,0,0,0,0,0,0,0,23;42,,,65,0,0,1,1,0,0,1,0,0,0,0,0,5,0,54,221,2,0,1,1,2,1,0,0,201
2020,10,CIN,REG,2020_10_CIN_PIT,PIT,21,40,213,1,0,4,-28,0,0,343,107,9,-10.9336318653305,-10.2290790331991,0,7,4,2,1,21,139,0,0,0,7,2.82467372732935,0,5,4,1,0,21,38,213,1,1,1,343,107,9,-9.22981347012052,0,7,4,2,1,0,33,5,29,4,15,0,0,0,8,0,0,6,0,1,0,0,0,0,0,0,0,0,0,0,0,0,6,65,4,2,0,0,2,2,2,13,3,63,1,1,0,0,37,1,0,0,1,0,0,0,0,0,0,0,0,0,37,,,37,0,0,1,1,0,0,1,0,0,0,0,0,9,0,50,401,1,1,3,0,1,4,60,0,341
2020,10,CLE,REG,2020_10_HOU_CLE,HOU,12,20,132,0,0,1,-7,0,0,165,55,5,-3.26906378867671,-2.2320073686148,0,7,3,1,0,41,231,1,0,0,13,0.471271552436519,0,7,3,1,1,12,19,132,0,0,0,165,55,5,1.56292108353227,0,7,3,1,0,0,37,2,16,2,3,0,2,10,5,0,0,2,0,0,0,0,0,0,0,0,0,1,0,0,0,0,6,63,4,0,1,0,1,0,2,11,1,1,1,1,0,0,41,1,0,0,0,1,0,0,0,0,0,0,0,0,41,,,41,0,0,1,1,0,0,1,0,0,0,0,0,4,0,45,174,1,0,1,0,1,2,22,0,152
2020,10,DEN,REG,2020_10_DEN_LV,LV,23,47,257,1,4,2,-10,1,0,397,64,14,-12.9515134331993,-16.7748997608821,0,11,5,3,0,19,66,0,0,0,4,-2.99692716248683,0,1,0,0,0,23,45,257,1,1,1,397,64,14,-14.0531839909487,0,11,5,3,0,0,45,1,25,1,5,0,0,0,0,0,0,1,0,0,0,0,0,0,0,0,0,1,0,0,0,0,7,37,3,2,0,0,2,1,0,0,3,57,2,2,0,0,50,1,0,0,1,0,1,0,0,0,0,0,0,0,50;33,,,83,0,0,0,0,0,0,,0,0,0,0,0,4,0,58,201,0,1,0,0,0,3,20,0,181
2020,10,DET,REG,2020_10_WAS_DET,WAS,24,33,276,3,0,1,-9,0,0,218,149,12,11.1711797457817,0.998292956501245,0,9,5,3,1,21,105,0,0,0,7,-0.730871446896344,0,4,3,0,0,24,32,276,3,0,0,218,146,12,13.6419975650781,0,9,5,3,1,0,58,3,17,5,29,2,2,15,8,0,0,1,0,0,0,0,0,0,0,0,0,0,0,1,0,0,9,55,4,0,0,0,0,0,1,6,0,0,3,3,0,0,59,1,0,0,1,0,2,0,0,0,0,0,0,0,53;37;59,,,149,0,0,3,3,0,0,1,1,1,0,0,59,4,0,51,191,3,0,0,0,3,1,0,0,191
2020,10,GB,REG,2020_10_JAX_GB,JAX,24,34,325,2,1,1,-10,0,0,212,237,11,6.35833626674945,1.8090725848169,0,13,7,5,1,25,80,1,0,0,3,-4.3858038643084,0,1,1,1,0,24,33,325,2,2,1,212,237,11,3.70304743460371,0,13,7,5,1,0,41,4,12,3,18,0,3,18,4,1,23,6,0,0,0,0,0,0,0,0,0,0,0,0,0,0,4,35,4,2,0,1,2,1,1,7,2,13,1,1,0,0,39,1,0,0,1,0,0,0,0,0,0,0,0,0,39,,,39,0,0,3,3,0,0,1,0,0,0,0,0,5,0,59,215,1,1,1,0,0,3,113,1,102
2020,10,HOU,REG,2020_10_HOU_CLE,CLE,20,30,163,1,0,2,-10,0,0,185,87,7,0.6792835710737,3.44282814434596,0,7,2,1,0,22,90,0,0,0,8,0.0133114359341562,0,2,2,1,0,20,28,163,1,0,0,185,87,7,5.10339889319652,0,7,2,1,0,0,40,0,24,3,14,0,1,7,2,0,0,1,0,0,0,0,0,0,0,0,0,0,0,0,0,0,6,49,3,0,0,0,0,0,2,22,2,39,0,1,1,0,,0,0,0,0,0,0,0,0,0,0,1,0,0,,46,,0,46,0,1,1,0,0,1,0,0,0,0,0,4,0,64,194,1,0,1,1,0,2,11,0,163
2020,10,IND,REG,2020_10_IND_TEN,TEN,29,39,308,1,0,1,-11,0,0,192,205,14,14.9832968813476,9.96210591660606,0,13,4,3,1,29,133,2,0,0,11,-1.01719739387045,0,5,5,1,0,29,36,308,1,0,0,192,205,14,17.2452519164413,0,13,4,3,1,1,31,7,25,5,17,0,1,10,5,0,0,4,0,0,0,1,0,0,0,0,6,0,0,0,0,0,9,73,4,0,0,0,0,0,0,0,3,67,2,2,0,0,43,1,0,1,0,1,0,0,0,0,0,0,0,0,24;43,,,67,0,0,4,4,0,0,1,0,0,0,0,0,1,0,46,46,1,0,0,0,0,1,2,0,44
2020,10,JAX,REG,2020_10_JAX_GB,GB,18,35,169,1,1,3,-18,0,0,207,92,10,-12.1481081763682,-19.4044396281242,0,7,3,1,0,23,109,0,0,0,5,0.251871739514172,0,3,1,1,0,18,34,169,1,0,0,207,92,10,-7.44608356815801,0,7,3,1,0,1,32,8,26,3,16,2,1,10,3,1,1,4,0,0,0,0,0,0,0,0,0,0,0,1,16,0,7,86,5,0,0,0,0,0,3,113,2,31,2,2,0,0,52,1,0,0,1,0,1,0,0,0,0,0,0,0,52;31,,,83,0,0,2,2,0,0,1,0,0,0,0,0,6,0,59,275,4,1,3,1,0,1,7,0,248
2020,10,LA,REG,2020_10_SEA_LA,SEA,27,37,302,0,0,3,-19,1,1,277,162,15,5.25751366691888,3.74522705872854,0,11,5,3,0,29,106,3,0,0,8,-0.999364961346146,0,3,3,0,0,27,36,302,0,0,0,277,162,15,13.6650376257462,0,11,5,3,0,0,45,5,9,4,28,0,6,28,13,2,19,4,0,0,0,0,0,0,0,0,0,0,0,1,0,0,4,49,6,1,0,0,1,1,1,15,2,37,1,1,0,0,23,1,0,1,0,0,0,0,0,0,0,0,0,0,23,,,23,0,0,2,3,1,0,0.666666666666667,0,0,0,0,0,4,0,50,158,3,1,0,0,3,0,0,0,158
2020,10,LAC,REG,2020_10_LAC_MIA,MIA,20,32,187,2,1,2,-13,0,0,229,132,10,-5.41323015082162,0.815585535019636,0,8,3,1,0,29,99,1,0,0,9,3.06197214080021,0,2,0,0,0,20,32,187,2,0,0,229,132,10,-2.37317124602851,0,8,3,1,0,0,36,2,14,4,6,0,0,0,1,0,0,2,0,0,0,0,0,0,0,0,0,0,0,1,44,0,5,31,5,0,0,0,0,0,0,0,4,80,0,0,0,0,,,0,0,0,0,0,0,0,0,0,0,0,0,,,,0,0,0,3,3,0,0,1,0,0,0,0,0,4,1,57,171,1,0,0,0,1,3,57,0,114
2020,10,LV,REG,2020_10_DEN_LV,DEN,16,25,154,0,0,0,0,0,0,219,64,8,3.01907188579796,4.14350940422578,0,5,4,3,0,41,203,4,0,0,11,3.34126813017065,0,5,3,2,0,16,22,154,0,0,0,219,64,8,6.61896256958084,0,5,4,3,0,0,38,1,13,3,8,2,2,10,7,4,74,10,0,0,0,0,0,0,0,0,0,0,0,1,0,0,8,82,3,0,0,0,0,0,3,20,2,35,3,3,0,0,52,1,0,2,0,0,1,0,0,0,0,0,0,0,24;52;22,,,98,0,0,4,4,0,0,1,0,0,0,0,0,4,0,61,174,3,1,2,0,1,0,0,0,174
2020,10,MIA,REG,2020_10_LAC_MIA,LAC,15,25,169,2,0,0,0,0,0,266,44,10,7.96146748444351,2.56899942954381,0,8,4,2,0,32,111,1,0,0,6,-11.5463756509128,0,4,3,0,0,15,24,169,2,0,0,266,44,10,9.00964055055572,0,8,4,2,0,0,35,4,30,4,19,0,2,13,8,1,28,6,0,0,0,1,0,0,0,0,0,1,0,0,0,0,3,15,5,0,2,0,2,1,3,57,0,0,3,4,1,0,50,0.75,0,0,1,1,1,0,0,0,0,1,0,0,50;35;49,47,,134,47,0,2,2,0,0,1,0,0,0,0,0,2,0,62,104,1,0,1,0,1,0,0,0,104
2020,10,MIN,REG,2020_10_MIN_CHI,CHI,25,36,292,2,1,1,-6,0,0,296,147,14,10.4742387291375,10.488579235971,0,11,5,4,1,33,99,0,1,0,4,-8.18515366257634,0,2,2,0,0,25,32,292,2,1,1,296,147,14,8.66371036754969,0,11,5,4,1,0,32,0,14,5,17,0,2,16,12,1,8,5,0,0,0,0,0,0,0,0,0,1,0,1,0,0,4,35,2,2,0,0,2,1,1,0,0,0,2,2,0,0,43,1,0,0,1,1,0,0,0,0,0,0,0,0,37;43,,,80,0,0,1,1,0,0,1,0,0,0,0,0,5,0,48,208,1,0,0,2,0,3,44,0,124
2020,10,NE,REG,2020_10_BAL_NE,BAL,14,18,142,2,0,1,-7,0,0,106,66,10,6.77848715660142,14.6830758627723,0,5,4,3,0,39,173,1,0,0,11,2.02839782822412,0,5,5,1,0,14,17,142,2,0,0,106,66,10,10.0275066770751,0,5,4,3,0,0,35,12,20,2,9,0,2,7,2,1,0,4,0,0,0,0,0,0,0,0,0,0,0,0,0,0,3,18,4,0,0,0,0,0,0,0,0,0,1,1,0,0,20,1,0,1,0,0,0,0,0,0,0,0,0,0,20,,,20,0,0,2,3,1,0,0.666666666666667,0,0,0,0,0,4,0,52,173,2,1,0,0,3,0,0,0,173
2020,10,NO,REG,2020_10_SF_NO,SF,14,23,139,1,0,3,-16,0,0,103,116,8,-3.0408631473373,-11.669538979945,0,6,2,1,0,30,114,2,2,1,7,-2.95312273112359,0,3,1,0,0,14,23,139,1,0,0,103,116,8,1.69439652424182,0,6,2,1,0,0,38,4,22,7,30,0,2,15,8,2,9,9,0,2,0,0,0,0,0,0,0,3,0,2,0,0,5,61,5,2,3,0,5,2,2,-2,3,122,2,2,0,0,49,1,0,1,0,1,0,0,0,0,0,0,0,0,49;23,,,72,0,0,3,3,0,0,1,0,0,0,0,0,5,0,48,205,1,0,1,0,2,2,0,0,205
2020,10,NYG,REG,2020_10_PHI_NYG,PHI,21,28,244,0,0,3,-13,0,0,237,59,12,7.19926829794498,10.526245193822,0,9,6,4,1,36,151,3,0,0,7,3.51771293506446,0,4,2,1,0,21,28,244,0,0,0,237,59,12,10.298625083769,0,9,6,4,1,0,38,3,11,5,14,0,3,18,13,0,0,5,0,0,0,0,0,0,0,0,0,0,0,0,0,0,7,64,1,0,0,0,0,0,4,47,2,35,2,2,0,0,44,1,0,0,1,1,0,0,0,0,0,0,0,0,35;44,,,79,0,0,3,3,0,0,1,0,0,0,0,0,4,0,71,213,4,0,3,0,1,0,0,0,213
2020,10,PHI,REG,2020_10_PHI_NYG,NYG,21,37,208,0,0,3,-18,1,0,338,79,11,-5.0184845110285,-6.46228599879477,0,9,4,1,0,23,156,2,2,0,9,9.48123590850458,1,5,4,1,1,21,36,208,0,0,0,338,79,11,1.47867343282841,0,9,4,1,0,0,36,10,34,3,11,0,3,13,8,0,0,1,0,0,0,0,0,0,0,0,0,3,7,0,0,0,11,74,5,0,3,0,3,0,0,0,2,35,1,1,0,0,40,1,0,0,0,1,0,0,0,0,0,0,0,0,40,,,40,0,0,0,0,0,0,,0,0,0,0,0,5,0,56,236,2,0,1,0,0,4,47,0,189
2020,10,PIT,REG,2020_10_CIN_PIT,CIN,27,46,333,4,0,0,0,0,0,431,152,17,10.6106934172931,-3.011078549468,0,16,6,3,1,20,44,0,0,0,2,-7.23063251830172,0,2,1,0,0,27,46,333,4,0,0,431,152,17,10.6106934172931,0,16,6,3,1,0,38,7,17,6,33,2,4,28,9,0,0,4,0,0,0,0,0,0,0,0,0,0,0,2,0,0,6,45,3,0,0,0,0,0,4,60,3,49,3,3,0,0,45,1,0,0,1,2,0,0,0,0,0,0,0,0,41;30;45,,,116,0,0,3,3,0,0,1,0,0,0,0,0,7,0,62,345,4,0,3,1,1,2,13,0,312
2020,10,SEA,REG,2020_10_SEA_LA,LA,22,37,248,0,2,6,-28,0,0,367,143,13,-7.2751391387097,-2.3828056028911,0,10,5,3,0,22,113,1,1,1,6,-4.69268538127653,0,4,3,0,0,22,35,248,0,0,0,367,143,13,1.57062597834949,0,10,5,3,0,0,51,3,11,7,23,1,3,19,4,0,0,2,0,0,0,0,0,0,0,0,0,0,-4,1,0,0,4,23,5,0,1,0,1,1,0,0,4,136,3,3,0,0,61,1,0,0,2,0,0,1,0,0,0,0,0,0,37;61;39,,,137,0,0,1,1,0,0,1,0,0,0,0,0,3,0,57,147,2,0,0,0,2,1,15,0,132
2020,10,SF,REG,2020_10_SF_NO,NO,24,39,247,1,2,2,-15,0,0,264,121,14,-0.833071613669072,-6.18549379018637,0,12,4,4,0,25,49,0,0,0,3,-11.8827811204828,0,0,0,0,0,24,39,247,1,0,0,264,121,14,2.26616832462059,0,12,4,4,0,0,34,1,23,3,17,2,3,16,6,0,0,3,0,2,0,0,0,0,0,0,0,0,0,2,0,0,6,51,5,0,2,0,2,2,2,0,1,14,2,2,0,0,40,1,0,0,1,1,0,0,0,0,0,0,0,0,32;40,,,72,0,0,1,1,0,0,1,0,0,0,0,0,5,0,53,239,0,0,0,1,2,2,-2,0,221
2020,10,TB,REG,2020_10_TB_CAR,CAR,28,39,341,3,0,1,-7,0,0,324,168,18,28.0415778204074,12.9852556084332,0,12,8,5,1,37,210,2,0,0,9,3.96875707448968,0,4,3,1,1,28,38,341,3,1,1,324,168,18,25.044648483693,0,12,8,5,1,0,29,1,15,7,38,0,3,26,8,1,0,4,0,0,0,0,0,0,0,0,0,0,0,0,0,0,3,30,1,1,0,0,1,1,0,0,0,0,4,4,0,0,40,1,0,3,0,1,0,0,0,0,0,0,0,0,23;24;21;40,,,108,0,0,4,5,0,1,0.8,0,0,0,0,0,0,0,,0,0,0,0,0,0,0,0,0,0
2020,10,TEN,REG,2020_10_IND_TEN,IND,15,27,147,1,0,1,-10,0,0,197,76,9,-4.44284485365089,-10.7873661650552,0,5,4,2,0,32,157,1,0,0,9,0.534004975896096,0,4,4,1,0,15,27,147,1,0,0,197,76,9,-1.53985963357437,0,5,4,2,0,0,42,7,27,3,16,0,1,11,2,0,0,4,0,0,0,0,0,0,0,0,0,0,0,0,0,0,3,30,0,0,0,0,0,0,1,2,2,60,1,2,1,0,50,0.5,0,0,0,0,1,0,0,0,0,1,0,0,50,44,,50,44,0,2,2,0,0,1,0,0,0,0,0,2,1,47,64,0,1,0,0,1,0,0,0,64
2020,10,WAS,REG,2020_10_WAS_DET,DET,38,55,390,0,0,2,-15,0,0,324,197,22,16.1341733012045,1.8105671955989,0,18,7,5,0,26,89,3,0,0,8,1.31775834801374,0,2,2,1,0,38,52,390,0,2,1,324,197,22,16.9959439629269,0,18,7,5,0,0,33,1,17,2,10,0,1,9,1,0,0,0,0,0,0,0,0,0,0,0,0,1,0,0,0,0,6,58,3,2,0,0,2,1,1,0,5,127,2,3,1,0,41,0.666666666666667,0,0,1,1,0,0,0,0,0,1,0,0,38;41,43,,79,43,0,3,3,0,0,1,0,0,0,0,0,2,0,47,77,1,0,0,0,1,1,6,0,71
2020,11,ARI,REG,2020_11_ARI_SEA,SEA,29,42,269,2,0,3,-12,0,0,284,136,17,10.6401481594949,7.49634496676616,0,12,5,2,0,18,57,1,0,0,5,-2.23697863952839,0,2,1,0,0,29,39,269,2,0,0,284,136,17,17.9324390539841,0,12,5,2,0,0,44,1,19,4,16,0,3,15,8,0,0,0,0,0,0,0,0,0,0,0,0,0,0,0,0,0,10,115,4,0,0,0,0,0,2,8,5,100,0,0,0,0,,,0,0,0,0,0,0,0,0,0,0,0,0,,,,0,0,0,3,3,0,0,1,0,0,0,0,0,4,0,54,182,2,0,0,0,3,1,11,0,171
2020,11,ATL,REG,2020_11_ATL_NO,NO,19,37,232,0,2,8,-36,0,0,401,52,10,-15.5922768397945,-10.1805239039309,0,9,6,3,1,14,52,0,0,0,1,-2.82266093004728,0,0,0,0,0,19,34,232,0,0,0,401,52,10,-1.28926257612728,0,9,6,3,1,0,51,0,24,3,19,1,3,23,6,0,0,2,0,0,0,0,0,0,0,0,0,0,0,1,0,0,7,53,5,0,0,0,0,0,1,0,1,18,3,3,0,0,52,1,0,1,0,0,2,0,0,0,0,0,0,0,28;51;52,,,131,0,0,0,0,0,0,,0,0,0,0,0,5,0,56,250,0,0,0,1,0,4,20,0,210
2020,11,BAL,REG,2020_11_TEN_BAL,TEN,17,29,186,1,1,1,-9,0,0,288,104,9,6.5806207304297,-4.78972249797412,1,6,3,2,0,33,129,1,0,0,9,0.745038179175545,0,3,1,0,0,17,28,186,1,0,0,288,104,9,8.96809742964615,1,6,3,2,0,0,45,0,26,4,16,1,2,16,7,1,25,2,0,0,0,0,0,0,0,0,0,0,0,0,0,0,6,81,4,0,0,0,0,0,1,7,2,54,3,3,0,0,30,1,0,2,1,0,0,0,0,0,0,0,0,0,30;27;29,,,86,0,0,1,1,0,0,1,0,0,0,0,0,3,0,46,126,1,0,1,0,2,0,0,0,126
2020,11,CAR,REG,2020_11_DET_CAR,DET,24,35,258,1,2,1,0,0,0,235,123,12,-0.953491449251379,-0.311192870140076,0,12,4,2,1,34,116,1,2,0,7,-3.99086178618018,0,1,1,1,0,24,35,258,1,0,0,235,123,12,-0.49710711500382,0,12,4,2,1,0,28,0,24,3,17,0,5,33,11,0,0,6,0,0,0,0,0,0,0,0,0,2,-1,1,1,0,7,45,3,1,1,0,2,0,3,21,0,0,2,2,0,0,56,1,0,0,1,0,1,0,0,0,0,0,0,0,56;37,,,93,0,0,2,2,0,0,1,0,0,0,0,0,4,0,53,189,0,0,0,1,1,2,16,0,153
2020,11,CIN,REG,2020_11_CIN_WAS,WAS,25,44,233,1,1,4,-31,0,0,421,89,12,-8.0340493273405,-7.05948546528816,0,11,3,1,0,18,70,0,1,1,4,-4.16510719468351,0,2,1,0,0,25,44,233,1,0,0,421,89,12,-0.740392051259575,0,11,3,1,0,0,39,0,26,3,11,1,2,5,5,1,12,5,0,0,0,0,0,0,0,0,0,0,0,0,0,0,3,31,5,1,0,0,1,1,2,19,0,0,1,3,2,0,53,0.333333333333333,0,0,0,0,1,0,0,0,1,0,1,0,53,34;58,,53,92,0,0,1,1,0,0,0,0,0,0,0,5,0,59,243,1,0,2,0,1,2,13,0,230
2020,11,CLE,REG,2020_11_PHI_CLE,PHI,12,22,204,0,0,3,-17,1,1,259,43,9,0.101051020742692,7.82588058047825,0,9,4,3,2,40,137,1,1,0,7,-13.2293389024495,0,3,1,1,1,12,18,204,0,0,0,259,43,9,9.58485708551598,0,9,4,3,2,0,44,4,12,4,7,2,5,26,11,2,50,8,1,0,1,0,0,0,0,0,0,1,-6,1,0,0,3,53,5,1,1,0,2,1,4,22,3,70,2,3,0,1,46,0.666666666666667,0,1,0,1,0,0,0,0,0,0,0,0,46;28,,47,74,0,47,2,2,0,0,1,0,0,0,0,0,5,0,50,225,1,0,1,0,2,2,16,0,209
2020,11,DAL,REG,2020_11_DAL_MIN,MIN,22,32,203,3,1,1,-7,0,0,206,80,13,-0.164175664489509,1.93263609563151,0,10,3,2,0,31,180,1,0,0,9,6.74150568239577,1,3,3,1,1,22,31,203,3,0,0,206,80,13,2.15644227206206,0,10,3,2,0,0,33,0,38,1,1,3,2,9,7,0,0,0,0,0,0,0,0,0,0,0,0,0,0,2,21,0,4,30,3,0,0,0,0,0,3,48,1,16,1,1,0,0,19,1,1,0,0,0,0,0,0,0,0,0,0,0,19,,,19,0,0,2,3,0,1,0.666666666666667,0,0,0,0,0,3,0,52,142,2,0,0,0,2,1,3,0,139
2020,11,DEN,REG,2020_11_MIA_DEN,MIA,18,30,270,0,1,0,0,0,0,341,140,9,1.51329411044602,-2.69456217686335,0,8,5,4,2,33,189,2,1,1,8,-4.14725187814219,0,6,6,4,0,18,30,270,0,0,0,341,140,9,1.51329411044602,0,8,5,4,2,0,39,0,16,5,27,0,6,33,8,1,0,5,0,0,0,0,0,0,0,0,0,0,0,0,0,0,8,70,3,1,0,0,1,1,3,10,1,22,2,2,0,0,47,1,0,1,0,1,0,0,0,0,0,0,0,0,29;47,,,76,0,0,2,2,0,0,1,0,0,0,0,0,3,0,56,156,1,2,0,0,0,1,6,0,150
2020,11,DET,REG,2020_11_DET_CAR,CAR,18,33,178,0,0,5,-33,0,0,192,93,9,-11.0728669542076,-12.2136329300702,0,6,4,2,0,17,40,0,0,0,0,-9.39899817173136,0,0,0,0,0,18,32,178,0,0,0,192,93,9,-2.85448325495236,0,6,4,2,0,0,40,2,32,1,3,1,1,0,1,2,0,6,0,0,0,0,0,0,0,0,0,0,-5,0,0,0,4,20,4,0,1,0,1,1,2,16,0,0,0,1,1,0,,0,0,0,0,0,0,0,0,0,0,0,1,0,,51,,0,51,0,0,0,0,0,,0,0,0,0,0,6,0,56,253,4,0,0,0,3,3,21,0,232
2020,11,GB,REG,2020_11_GB_IND,IND,27,38,311,3,1,1,-10,0,0,297,134,13,5.67847313142951,6.00023090839386,0,11,6,5,1,18,66,1,1,1,7,-4.21491120109567,0,1,1,0,0,27,35,311,3,1,1,297,134,13,4.02760124915616,0,11,6,5,1,0,39,19,29,2,10,1,1,8,5,1,8,10,0,0,0,0,0,0,0,0,0,0,-1,1,0,0,7,45,7,2,1,0,3,3,0,0,7,138,1,1,0,0,26,1,0,1,0,0,0,0,0,0,0,0,0,0,26,,,26,0,0,4,4,0,0,1,0,0,0,0,0,3,0,40,117,0,0,1,0,0,2,9,0,108
2020,11,HOU,REG,2020_11_NE_HOU,NE,28,37,344,2,0,0,0,0,0,314,167,17,20.1244893598025,7.75575508942475,0,13,9,7,1,19,55,1,0,0,2,-4.18958369389293,0,1,0,0,0,28,37,344,2,0,0,314,167,17,20.1244893598025,0,13,9,7,1,0,41,7,11,5,23,0,2,16,8,0,0,5,0,0,0,0,0,0,0,0,0,0,0,0,0,0,5,35,4,0,0,0,0,0,2,14,1,22,2,2,0,0,46,1,0,0,1,1,0,0,0,0,0,0,0,0,36;46,,,82,0,0,3,3,0,0,1,0,0,0,0,0,4,0,44,161,1,0,0,0,2,2,3,0,158
2020,11,IND,REG,2020_11_GB_IND,GB,24,36,288,3,1,1,-8,0,0,263,164,12,9.02496611295568,-2.90423146315983,0,11,6,4,1,37,140,0,0,0,10,-1.59777819235206,1,3,3,0,0,24,35,288,3,1,1,263,164,12,6.2237433942035,0,11,6,4,1,0,39,6,10,1,10,2,1,10,1,1,0,2,0,0,0,0,0,0,0,0,0,0,0,3,0,0,8,116,1,1,0,0,1,1,2,9,3,73,4,5,1,0,43,0.8,0,0,3,1,0,0,0,0,0,0,1,0,37;32;43;39,50,,151,50,0,2,2,0,0,1,1,1,0,0,39,2,0,38,71,2,1,1,0,0,0,0,0,71
2020,11,JAX,REG,2020_11_PIT_JAX,PIT,16,37,151,0,4,2,-18,1,0,335,59,8,-26.2581310234742,-13.9328288309502,0,8,4,0,0,17,73,0,0,0,4,1.57862590570585,0,3,2,0,0,16,33,151,0,0,0,335,59,8,-19.625683491096,0,8,4,0,0,0,48,1,21,3,5,0,0,0,3,1,53,6,0,0,0,0,0,0,0,0,0,1,0,0,0,0,8,105,3,1,0,0,1,0,2,10,0,0,1,1,0,0,41,1,0,0,0,1,0,0,0,0,0,0,0,0,41,,,41,0,0,0,0,0,0,,0,0,0,0,0,6,0,67,324,1,0,0,1,2,3,19,0,285
2020,11,KC,REG,2020_11_KC_LV,LV,35,46,352,2,1,0,0,0,0,349,138,22,21.8285521809594,9.09710228443146,0,16,6,2,0,27,108,3,0,0,10,1.97025413223309,0,4,1,0,0,35,44,352,2,0,0,349,138,22,22.5682194199762,0,16,6,2,0,0,37,0,20,1,3,0,0,0,1,1,13,2,0,0,0,0,0,0,0,0,0,0,0,0,0,0,10,89,5,0,0,0,0,0,1,0,3,67,0,0,0,0,,,0,0,0,0,0,0,0,0,0,0,0,0,,,,0,0,0,5,5,0,0,1,0,0,0,0,0,2,0,55,107,0,0,0,0,0,2,11,0,96
2020,11,LA,REG,2020_11_LA_TB,TB,39,51,376,3,2,0,0,0,0,265,200,19,10.4678138094945,8.91193479907756,0,11,10,4,0,20,37,0,1,0,1,-8.97252633042272,0,2,1,0,0,39,49,376,3,0,0,265,200,19,10.1537085319869,0,11,10,4,0,0,32,5,23,1,7,0,1,7,5,2,43,6,0,0,0,0,0,0,0,0,0,1,-1,0,0,0,5,65,6,0,1,0,1,0,2,4,0,0,2,3,1,0,40,0.666666666666667,0,0,1,1,0,0,0,0,0,1,0,0,38;40,44,,78,44,0,3,3,0,0,1,0,0,0,0,0,5,0,47,217,1,1,1,0,0,3,19,0,198
2020,11,LAC,REG,2020_11_NYJ_LAC,NYJ,37,49,366,3,0,3,-19,0,0,328,170,18,17.6939300019209,4.19921949505806,0,14,7,4,1,26,29,0,0,0,5,-8.02137347287498,0,1,1,0,0,37,48,366,3,1,1,328,170,18,14.2943757427643,0,14,7,4,1,0,31,1,17,1,9,0,1,9,8,1,6,4,1,0,0,0,0,0,0,0,0,0,0,0,0,0,9,78,6,1,0,0,1,1,1,5,1,17,2,2,0,0,44,1,0,1,0,1,0,0,0,0,0,0,0,0,44;23,,,67,0,0,4,4,0,0,1,0,0,0,0,0,2,1,56,110,0,0,0,1,0,1,16,0,74
2020,11,LV,REG,2020_11_KC_LV,KC,23,31,275,3,1,0,0,0,0,237,155,17,16.2514597371491,11.0911844105556,0,13,9,4,0,26,89,1,0,0,5,-2.7543824716995,0,3,2,0,0,23,29,275,3,0,0,237,155,17,18.1269175741044,0,13,9,4,0,0,48,1,17,3,11,0,0,0,5,1,0,5,0,0,0,0,0,0,0,0,0,0,0,0,0,0,8,72,5,0,0,0,0,0,2,11,0,0,1,1,0,0,35,1,0,0,1,0,0,0,0,0,0,0,0,0,35,,,35,0,0,4,4,0,0,1,0,0,0,0,0,2,0,42,73,1,0,0,0,1,1,0,0,73
2020,11,MIA,REG,2020_11_MIA_DEN,DEN,23,38,200,1,1,6,-33,0,0,304,79,11,-8.34917016854548,-2.77709421273824,0,8,2,2,0,17,56,0,0,0,3,-1.62576504647687,0,1,1,0,0,23,37,200,1,0,0,304,79,11,0.265515578852501,0,8,2,2,0,0,38,1,25,4,8,1,0,0,4,1,10,4,0,0,0,0,0,0,0,0,0,0,0,1,0,0,5,50,4,0,0,0,0,0,1,6,0,0,2,2,0,0,53,1,0,0,0,1,1,0,0,0,0,0,0,0,41;53,,,94,0,0,1,1,0,0,1,0,0,0,0,0,6,0,54,284,1,2,0,0,1,3,10,0,274
2020,11,MIN,REG,2020_11_DAL_MIN,DAL,22,30,314,3,0,2,-9,1,1,262,136,14,7.68087954539806,13.1484647946698,0,12,6,6,1,29,125,1,0,0,9,2.71977651427733,0,3,2,0,0,22,28,314,3,1,1,262,136,14,10.6520534050651,0,12,6,6,1,0,34,0,40,2,10,0,1,7,2,1,0,3,0,1,0,0,1,0,0,0,0,1,0,0,0,0,8,80,3,3,0,0,3,2,1,3,1,20,0,0,0,0,,,0,0,0,0,0,0,0,0,0,0,0,0,,,,0,0,0,4,4,0,0,1,0,0,0,0,0,3,0,59,154,0,0,0,0,0,3,48,0,106
2020,11,NE,REG,2020_11_NE_HOU,HOU,26,40,365,1,0,2,-16,0,0,239,193,16,11.0213420389205,-3.48518231981679,0,14,8,5,2,24,86,1,0,0,6,-0.377098754688632,0,1,0,0,0,26,38,365,1,0,0,239,193,16,17.9721046692444,0,14,8,5,2,0,34,2,24,2,3,0,0,0,2,0,0,2,0,0,0,0,0,0,0,0,0,0,0,0,0,0,7,55,3,0,0,0,0,0,2,3,1,12,2,2,0,0,45,1,0,0,1,1,0,0,0,0,0,0,0,0,45;36,,,81,0,0,2,2,0,0,1,0,0,0,0,0,3,0,59,151,0,0,0,0,1,2,14,0,137
2020,11,NO,REG,2020_11_ATL_NO,ATL,18,23,233,0,0,3,-23,0,0,142,103,9,1.76523139177977,7.48687192149784,0,8,6,3,1,36,166,3,1,1,12,0.574712229747092,0,5,3,1,0,18,23,233,0,0,0,142,103,9,8.72842106422564,0,8,6,3,1,0,37,1,11,7,36,0,8,36,12,2,23,10,0,0,0,0,0,0,0,0,0,0,0,0,0,0,5,35,5,1,0,0,1,1,4,20,3,61,1,2,1,0,22,0.5,0,1,0,0,0,0,0,0,0,0,1,0,22,53,,22,53,0,3,3,0,0,1,0,0,0,0,0,4,0,46,159,2,0,1,0,2,1,0,0,159
2020,11,NYJ,REG,2020_11_NYJ_LAC,LAC,15,30,205,2,1,1,-9,0,0,384,44,9,-1.61094213754404,-5.64970821142197,0,7,6,4,1,24,96,2,0,0,6,-0.686598683067132,0,2,1,0,0,15,28,205,2,0,0,384,44,9,1.33474691986339,0,7,6,4,1,0,45,3,37,6,45,1,3,19,9,0,0,2,0,0,1,1,0,0,0,0,0,0,0,1,0,0,8,88,5,0,0,0,0,0,1,16,3,60,0,0,0,0,,,0,0,0,0,0,0,0,0,0,0,0,0,,,,0,0,0,2,4,2,0,0.5,0,0,0,0,0,4,0,50,164,2,1,2,0,0,1,5,0,159
2020,11,PHI,REG,2020_11_PHI_CLE,CLE,21,35,235,2,2,5,-26,1,0,282,83,11,-9.59229892804091,0.757178225938012,0,9,6,3,0,25,106,0,1,1,6,-5.92742704076227,0,3,0,0,0,21,34,235,2,0,0,282,83,11,-2.52086824333332,0,9,6,3,0,0,47,3,19,7,29,1,3,17,2,0,0,0,0,0,0,0,0,1,0,0,0,1,0,1,1,0,5,33,4,2,0,0,2,1,2,16,1,25,1,1,0,0,43,1,0,0,0,1,0,0,0,0,0,0,0,0,43,,,43,0,0,2,2,0,0,1,0,0,0,0,0,6,0,52,249,1,0,1,1,0,4,22,0,207
2020,11,PIT,REG,2020_11_PIT_JAX,JAX,32,46,267,2,1,0,0,0,0,372,111,12,6.68169018627755,5.86523206337639,0,10,5,5,0,27,106,1,0,0,7,-4.23330574372085,0,4,4,1,0,32,46,267,2,0,0,372,111,12,6.68169018627755,0,10,5,5,0,0,31,1,13,2,10,1,2,18,7,4,48,8,0,0,0,0,0,0,0,0,0,0,0,0,0,0,6,42,2,0,0,0,0,0,3,19,0,0,2,3,1,0,47,0.666666666666667,0,0,0,2,0,0,0,0,0,1,0,0,44;47,45,,91,45,0,3,3,0,0,1,0,0,0,0,0,5,0,55,216,2,1,0,1,1,2,10,0,186
2020,11,SEA,REG,2020_11_ARI_SEA,ARI,23,28,197,2,0,3,-15,0,0,188,101,12,10.0199400257015,17.5939689631815,0,10,2,2,0,31,165,1,2,0,8,2.51066762686241,0,6,5,0,0,23,27,197,2,0,0,188,101,12,15.6933779558673,0,10,2,2,0,0,40,1,19,4,17,0,3,12,7,0,0,4,0,0,1,0,0,0,0,0,0,2,-12,0,0,0,8,79,4,0,2,0,2,0,1,11,2,45,2,2,0,0,41,1,0,1,0,1,0,0,0,0,0,0,0,0,27;41,,,68,0,0,2,3,1,0,0.666666666666667,0,0,0,0,0,4,0,49,174,1,0,0,0,2,2,8,0,166
2020,11,TB,REG,2020_11_LA_TB,LA,26,48,216,2,2,1,-7,0,0,420,83,14,-9.6281502451011,-9.59518608894754,0,8,2,0,0,18,42,1,0,0,4,-3.87534099182813,0,0,0,0,0,26,47,216,2,0,0,420,83,14,-7.77064256502399,0,8,2,0,0,0,43,5,25,8,17,0,0,0,3,2,17,4,0,0,0,0,0,0,0,0,0,0,0,0,0,0,2,7,3,0,0,0,0,0,3,19,1,24,1,1,0,0,38,1,0,0,1,0,0,0,0,0,0,0,0,0,38,,,38,0,0,3,3,0,0,1,0,0,0,0,0,5,0,59,245,2,0,0,1,2,2,4,0,221
2020,11,TEN,REG,2020_11_TEN_BAL,BAL,23,32,266,2,1,2,-16,2,0,200,139,16,11.4841021820883,8.03442364558578,0,11,4,3,1,34,173,1,0,0,8,-0.447664024002617,1,5,4,3,0,23,32,266,2,0,0,200,139,16,14.7819292480979,0,11,4,3,1,0,41,0,24,2,12,0,1,9,2,1,6,6,0,0,0,0,0,0,0,0,0,2,-20,0,0,0,4,44,2,1,2,1,3,0,0,0,3,47,3,3,0,0,40,1,0,1,0,2,0,0,0,0,0,0,0,0,40;40;22,,,102,0,0,1,1,0,0,1,0,0,0,0,0,2,0,52,93,0,0,0,0,1,1,7,0,86
2020,11,WAS,REG,2020_11_CIN_WAS,CIN,17,25,166,1,1,2,-5,0,0,143,97,9,-3.53453735395194,-0.213625282049179,0,7,2,2,1,34,164,1,0,0,10,-0.0651636969312546,0,7,5,0,0,17,24,166,1,1,0,143,97,9,0.555284715128386,0,7,2,2,1,0,37,0,20,5,36,1,4,31,12,1,0,8,0,0,0,0,0,0,0,0,0,0,0,1,0,0,6,49,3,1,0,1,1,0,2,13,1,25,2,3,1,0,50,0.666666666666667,0,0,1,0,1,0,0,0,1,0,0,0,32;50,38,,82,38,0,2,2,0,0,1,0,0,0,0,0,5,0,55,252,3,0,1,0,2,2,19,0,233
2020,12,ARI,REG,2020_12_ARI_NE,NE,23,34,170,0,1,2,-10,0,0,229,75,12,-1.98035682513873,1.42025640782188,0,4,3,0,0,34,138,2,0,0,9,-2.43634223868305,0,3,3,0,0,23,34,170,0,0,0,229,75,12,0.957129792221539,0,4,3,0,0,0,31,8,16,4,23,0,3,15,4,2,14,4,0,0,0,0,0,0,0,0,0,0,0,0,0,0,6,50,6,0,0,0,0,0,1,7,1,18,1,2,1,0,47,0.5,0,0,0,1,0,0,0,0,0,1,0,0,47,45,,47,45,0,2,2,0,0,1,0,0,0,0,0,3,0,46,126,1,0,0,0,1,2,67,0,59
2020,12,ATL,REG,2020_12_LV_ATL,LV,22,39,185,2,1,1,-6,0,0,221,100,13,-3.42531827072405,-6.09157383441925,0,11,2,0,0,32,125,1,0,0,5,-2.40290733311657,0,3,2,2,0,22,37,185,2,0,0,221,100,13,0.611080547526691,0,11,2,0,0,0,34,1,23,3,6,4,5,37,7,1,67,5,1,0,0,0,0,0,0,0,0,0,0,4,1,0,6,49,6,0,0,0,0,0,1,4,1,16,5,5,0,0,54,1,0,1,3,0,1,0,0,0,0,0,0,0,38;39;30;29;54,,,190,0,0,4,4,0,0,1,0,0,0,0,0,3,0,44,99,0,1,0,0,1,1,6,0,93
2020,12,BAL,REG,2020_12_BAL_PIT,PIT,9,18,110,1,1,3,-20,0,0,136,83,1,-14.902751118876,-19.2088026967314,0,1,1,1,1,28,129,1,1,1,8,-3.73217112419661,0,3,2,1,0,9,18,110,1,0,0,136,83,1,-10.6964765151497,0,1,1,1,1,0,41,5,29,1,1,3,0,0,6,1,11,7,0,0,0,0,0,0,0,0,0,0,0,1,0,0,7,86,6,0,1,0,1,1,2,9,2,44,0,0,0,0,,,0,0,0,0,0,0,0,0,0,0,0,0,,,,0,0,0,2,2,0,0,1,0,0,0,0,0,7,0,58,321,3,1,1,0,3,2,6,0,315
2020,12,BUF,REG,2020_12_LAC_BUF,LAC,19,25,177,2,1,3,-17,0,0,106,74,8,2.35927639275771,11.4327115317186,0,6,2,2,1,30,172,1,2,2,11,-4.45481409371132,0,5,3,3,0,19,24,177,2,0,0,106,74,8,7.97051200453872,0,6,2,2,1,0,39,13,35,5,17,1,3,25,8,1,0,8,0,0,0,0,0,0,0,0,0,0,-2,0,0,0,9,85,2,1,1,0,2,2,3,26,4,111,2,2,0,0,45,1,0,0,0,2,0,0,0,0,0,0,0,0,45;43,,,88,0,0,3,3,0,0,1,0,0,0,0,0,3,0,65,168,1,1,0,2,0,0,0,0,128
2020,12,CAR,REG,2020_12_CAR_MIN,MIN,19,36,267,1,1,0,0,0,0,303,135,10,3.68947469171517,-9.49674798175693,0,11,6,4,1,28,107,0,0,0,10,-1.2615603394122,0,4,2,0,0,19,32,267,1,0,0,303,135,10,6.01096087441473,0,11,6,4,1,0,40,2,32,2,9,2,2,16,9,0,0,2,0,0,0,0,0,0,0,0,0,0,0,3,45,2,7,58,5,0,0,0,0,0,2,20,1,9,2,4,1,1,40,0.5,0,1,0,1,0,0,0,0,0,0,1,0,40;21,54,28,61,54,28,3,3,0,0,1,0,1,1,0,54,3,0,44,116,3,0,0,0,1,2,0,0,116
2020,12,CHI,REG,2020_12_CHI_GB,GB,26,46,242,3,2,3,-13,1,1,400,94,19,-2.33766230792795,-5.11176010424441,1,12,3,1,0,16,121,0,1,0,6,4.87069345155032,0,3,1,1,1,26,44,242,3,0,0,400,94,19,8.94735152794923,1,12,3,1,0,0,38,2,32,1,4,0,0,0,0,0,0,3,0,0,0,0,0,0,0,0,0,2,0,0,0,0,5,45,6,1,2,0,3,1,0,0,4,74,1,1,0,0,27,1,0,1,0,0,0,0,0,0,0,0,0,0,27,,,27,0,0,2,2,0,0,1,0,0,0,0,0,2,0,47,88,1,0,0,0,2,0,0,0,88
2020,12,CIN,REG,2020_12_NYG_CIN,NYG,17,29,136,1,1,2,-21,1,1,202,78,5,-12.4576351331624,-5.74116221180669,0,7,3,0,0,15,40,0,0,0,4,0.221236924349796,0,1,1,0,0,17,27,136,1,1,1,202,78,5,-10.9954758120428,0,7,3,0,0,1,53,1,25,6,15,1,0,0,3,0,0,7,0,0,0,0,0,0,0,0,0,0,0,1,28,0,3,27,4,2,0,0,2,2,2,44,5,164,1,1,0,0,44,1,0,0,0,1,0,0,0,0,0,0,0,0,44,,,44,0,0,2,2,0,0,1,0,0,0,0,0,5,0,57,243,3,0,2,0,2,1,8,0,235
2020,12,CLE,REG,2020_12_CLE_JAX,JAX,19,29,258,2,0,2,-6,0,0,235,117,15,13.2885083240389,7.07927147547404,0,14,6,3,0,33,207,1,0,0,10,5.29652302974137,0,6,6,3,0,19,27,258,2,1,1,235,117,15,11.9245665644693,0,14,6,3,0,0,43,0,6,1,2,1,0,0,2,0,0,5,0,0,0,0,0,0,0,0,0,0,0,0,0,0,6,47,2,1,0,0,1,1,1,4,3,93,2,2,0,0,45,1,0,1,0,1,0,0,0,0,0,0,0,0,24;45,,,69,0,0,3,3,0,0,1,0,0,0,0,0,1,0,47,47,0,0,0,0,0,1,6,0,41
2020,12,DAL,REG,2020_12_WAS_DAL,WAS,25,35,215,1,1,4,-28,0,0,209,72,6,-22.9351762986421,2.45591770200168,0,4,3,2,1,18,60,0,1,1,6,-5.22869635454845,0,1,0,0,0,25,34,215,1,0,0,209,72,6,-14.3930344576161,0,4,3,2,1,0,44,0,24,5,23,0,3,21,6,1,43,3,0,0,0,0,0,0,0,0,0,0,0,0,0,0,5,45,4,1,0,0,1,1,1,9,0,0,3,3,0,0,33,1,0,1,2,0,0,0,0,0,0,0,0,0,33;32;28,,,93,0,0,1,1,0,0,1,0,0,0,0,0,2,0,58,110,1,0,0,0,0,2,15,0,95
2020,12,DEN,REG,2020_12_NO_DEN,NO,1,9,13,0,2,1,-1,0,0,134,16,1,-11.9305392210954,-36.1724626272917,0,1,0,0,0,33,100,0,0,0,5,-19.0485629176234,0,4,2,1,0,1,8,13,0,0,0,134,16,1,-9.00488617952215,0,1,0,0,0,0,45,1,23,4,16,2,3,15,3,1,26,3,0,0,0,0,0,0,0,0,0,0,-6,0,0,0,2,10,2,0,1,0,1,1,0,0,0,0,1,1,0,0,58,1,0,0,0,0,1,0,0,0,0,0,0,0,58,,,58,0,0,0,0,0,0,,0,0,0,0,0,7,0,55,332,0,1,1,1,3,1,19,0,293
2020,12,DET,REG,2020_12_HOU_DET,HOU,28,43,295,1,1,4,-16,1,0,348,162,17,-0.981713909943029,-3.48689194236483,1,13,5,2,1,29,109,2,2,2,8,-12.7603572094231,0,2,1,0,0,28,42,295,1,0,0,348,162,17,4.57345054543493,1,13,5,2,1,0,31,1,11,3,14,1,2,11,4,0,0,3,0,0,0,0,0,0,0,0,0,1,0,1,0,0,4,44,3,3,0,0,3,2,0,0,4,90,1,1,0,0,29,1,0,1,0,0,0,0,0,0,0,0,0,0,29,,,29,0,0,2,2,0,0,1,0,0,0,0,0,3,0,50,138,2,0,0,1,2,0,0,0,118
2020,12,GB,REG,2020_12_CHI_GB,CHI,21,29,211,4,0,0,0,0,0,244,122,13,15.3471270976006,5.52717991944017,0,8,2,2,0,39,182,1,0,0,14,3.89623687893618,0,7,4,0,0,21,29,211,4,0,0,244,122,13,15.3471270976006,0,8,2,2,0,0,31,1,21,2,9,1,3,13,6,2,0,7,0,0,0,0,0,0,0,0,0,0,0,1,14,1,3,17,3,0,0,0,0,0,0,0,1,8,0,0,0,0,,,0,0,0,0,0,0,0,0,0,0,0,0,,,,0,0,0,5,6,1,0,0.833333333333333,0,0,0,0,0,2,0,50,92,1,0,0,0,2,0,0,0,92
2020,12,HOU,REG,2020_12_HOU_DET,DET,17,25,318,4,0,2,-11,0,0,319,115,15,18.9096948204242,11.0035688980766,1,13,8,6,1,23,77,0,1,1,4,-7.17388083500555,0,2,1,0,0,17,23,318,4,0,0,319,115,15,23.7806463631132,1,13,8,6,1,0,47,4,26,4,17,3,4,16,8,1,19,7,1,0,0,0,0,0,0,0,0,0,0,2,0,0,10,74,2,1,0,0,1,1,0,0,2,34,2,2,0,0,42,1,0,1,0,1,0,0,0,0,0,0,0,0,42;26,,,68,0,0,3,4,1,0,0.75,0,0,0,0,0,3,0,41,117,1,0,1,0,2,0,0,0,117
2020,12,IND,REG,2020_12_TEN_IND,TEN,24,44,295,2,1,2,-15,0,0,339,164,17,-0.277188161635306,-12.758228679498,0,14,5,3,1,21,56,2,0,0,6,-0.634727413460379,0,2,0,0,0,24,42,295,2,0,0,339,164,17,6.96509629829973,0,14,5,3,1,0,42,11,17,1,1,0,1,1,2,0,0,3,0,0,0,0,0,0,0,0,0,0,0,0,0,0,6,50,3,0,0,0,0,0,0,0,2,49,0,0,0,0,,,0,0,0,0,0,0,0,0,0,0,0,0,,,,0,0,0,2,2,0,0,1,0,0,0,0,0,5,0,58,254,1,0,0,0,1,4,52,0,202
2020,12,JAX,REG,2020_12_CLE_JAX,CLE,20,35,235,2,0,0,0,0,0,354,117,12,3.56737271556762,-1.95265060121363,0,10,5,3,1,25,140,1,1,0,8,5.55657628446352,0,4,3,1,0,20,33,235,2,0,0,354,117,12,3.7805306151411,0,10,5,3,1,0,38,0,26,3,8,1,2,6,1,0,0,1,0,0,0,0,0,0,0,0,0,1,0,1,17,0,5,24,6,1,0,0,1,0,1,6,2,34,2,3,1,0,54,0.666666666666667,0,1,0,0,1,0,0,0,0,0,1,0,54;24,54,,78,54,0,1,1,0,0,1,0,0,0,0,0,3,0,51,137,3,0,1,0,1,1,4,0,133
2020,12,KC,REG,2020_12_KC_TB,TB,37,50,462,3,0,2,-6,1,1,486,156,19,20.9129798863343,16.3153477337049,0,15,8,7,2,20,87,0,0,0,5,-3.40837228199234,0,3,1,0,0,37,46,462,3,0,0,486,156,19,31.9544699241524,0,15,8,7,2,0,28,0,24,1,4,0,1,3,8,2,22,3,0,0,0,0,0,0,0,0,0,0,0,0,0,0,10,82,2,1,0,0,1,1,4,20,0,0,2,2,0,0,29,1,1,1,0,0,0,0,0,0,0,0,0,0,19;29,,,48,0,0,3,3,0,0,1,0,0,0,0,0,4,0,54,159,1,3,0,0,0,1,2,0,157
2020,12,LA,REG,2020_12_SF_LA,SF,19,31,198,0,2,2,-16,0,0,256,125,8,-16.0052986298543,-4.84236111243566,0,7,2,2,0,28,126,1,1,1,5,-7.41734407207696,0,1,1,1,1,19,30,198,0,1,1,256,125,8,-15.5084382535279,0,7,2,2,0,0,46,5,27,5,30,3,2,19,7,1,2,6,0,0,0,0,0,0,0,0,0,0,0,2,20,1,3,27,5,2,0,0,2,2,3,9,0,0,2,2,0,0,48,1,0,0,0,2,0,0,0,0,0,0,0,0,48;41,,,89,0,0,2,2,0,0,1,0,0,0,0,0,7,0,62,343,3,0,0,1,4,2,27,0,296
2020,12,LAC,REG,2020_12_LAC_BUF,BUF,31,52,316,1,1,3,-25,1,0,312,150,16,6.18207609660761,-9.18384737828199,1,14,1,1,1,24,76,1,0,0,5,-11.4666737059935,0,3,3,1,0,31,51,316,1,0,0,312,150,16,11.3505452617684,1,14,1,1,1,0,43,5,19,6,24,1,3,17,8,1,0,3,0,0,0,0,0,0,0,0,0,2,0,2,1,0,5,91,5,1,1,0,2,0,0,0,5,73,1,1,0,0,27,1,0,1,0,0,0,0,0,0,0,0,0,0,27,,,27,0,0,0,1,1,0,0,0,0,0,0,0,6,0,56,286,1,1,0,1,1,3,26,0,240
2020,12,LV,REG,2020_12_LV_ATL,ATL,25,39,240,0,1,5,-37,3,3,253,141,11,-29.8002736059693,-5.27562128530966,0,13,4,1,0,14,40,0,1,1,1,-12.1342642296222,0,1,1,0,0,25,37,240,0,0,0,253,141,11,-7.98449970618596,0,13,4,1,0,0,45,1,13,3,11,0,1,6,8,1,5,7,0,0,0,0,0,0,0,0,0,1,0,0,0,0,11,141,1,4,1,0,5,4,1,6,3,39,2,2,0,0,29,1,0,2,0,0,0,0,0,0,0,0,0,0,29;24,,,53,0,0,0,0,0,0,,0,0,0,0,0,5,0,63,243,3,1,1,0,2,1,4,0,239
2020,12,MIA,REG,2020_12_MIA_NYJ,NYJ,24,39,257,2,0,4,-16,1,0,275,104,14,6.07691216873626,-6.19968840709099,0,12,5,2,0,25,104,0,2,2,5,-13.9943999614334,0,3,3,0,0,24,39,257,2,1,0,275,104,14,12.1314958436111,0,12,5,2,0,0,31,5,23,3,18,0,3,24,6,2,4,4,0,0,0,0,0,0,0,0,0,1,0,0,0,0,3,20,2,4,0,1,4,2,2,19,0,0,2,2,0,0,54,1,0,0,0,0,2,0,0,0,0,0,0,0,54;51,,,105,0,0,2,2,0,0,1,0,0,0,0,0,4,0,43,142,1,1,1,0,1,1,0,0,142
2020,12,MIN,REG,2020_12_CAR_MIN,CAR,34,45,307,3,0,2,-16,1,1,366,78,18,6.51537230444663,11.8324299884397,1,13,6,1,0,24,96,0,1,1,7,-6.96279819286048,0,3,1,0,0,34,43,307,3,0,0,366,78,18,15.9741895140294,1,13,6,1,0,0,28,2,40,3,7,0,0,0,3,1,0,4,0,1,0,0,0,1,0,0,2,0,0,0,0,0,8,52,7,2,1,0,3,3,2,0,0,0,2,2,0,0,53,1,0,1,0,0,1,0,0,0,0,0,0,0,53;25,,,78,0,0,2,2,0,0,1,0,0,0,0,0,3,0,54,153,0,0,0,0,1,2,20,0,133
2020,12,NE,REG,2020_12_ARI_NE,ARI,9,18,84,0,2,3,-15,0,0,105,49,4,-11.4852030860518,-16.9346795362585,0,4,2,0,0,30,110,2,0,0,8,0.404279965965543,0,3,3,0,0,9,17,84,0,0,0,105,49,4,-8.09201634318742,0,4,2,0,0,0,40,16,24,4,13,0,2,10,4,1,0,2,0,0,0,0,0,0,0,0,0,0,0,0,0,0,6,42,5,0,0,0,0,0,2,67,2,75,2,2,0,0,50,1,0,1,0,0,1,0,0,0,0,0,0,0,22;50,,,72,0,0,2,2,0,0,1,1,1,0,0,50,3,0,60,169,1,0,1,1,0,1,7,0,142
2020,12,NO,REG,2020_12_NO_DEN,DEN,9,16,78,0,1,3,-15,1,0,105,46,4,-8.22068860390756,-3.32441819565637,0,3,3,2,0,44,229,4,1,0,14,11.2535219700076,0,6,4,1,0,9,14,78,0,0,0,105,46,4,-2.35674022004424,0,3,3,2,0,0,30,1,9,6,14,0,1,1,5,2,17,4,0,0,0,0,0,0,0,0,0,2,0,1,20,0,5,35,3,2,0,0,2,0,1,19,1,17,1,1,0,0,40,1,0,0,0,1,0,0,0,0,0,0,0,0,40,,,40,0,0,4,4,0,0,1,0,0,0,0,0,6,0,57,274,1,0,1,0,5,0,0,0,274
2020,12,NYG,REG,2020_12_NYG_CIN,CIN,22,38,244,0,0,0,0,0,0,323,57,11,8.68399447311456,-6.75532121110607,0,9,4,2,2,42,142,1,0,0,8,-1.08076398803709,0,2,2,0,0,22,37,244,0,1,1,323,57,11,2.48066160767847,0,9,4,2,2,0,28,0,22,3,14,2,2,21,8,1,0,7,0,0,0,0,0,0,0,0,0,0,0,2,0,0,5,51,2,1,0,0,1,1,1,8,2,25,4,4,0,0,49,1,0,0,2,2,0,0,0,0,0,0,0,0,49;40;39;32,,,160,0,0,1,1,0,0,1,0,0,0,0,0,5,0,61,233,2,0,1,0,2,2,44,0,189
2020,12,NYJ,REG,2020_12_MIA_NYJ,MIA,16,27,197,0,2,3,-24,0,0,317,79,6,-11.9076784053659,-3.79126778355351,0,7,5,3,0,23,87,0,0,0,4,-6.2467722116271,0,3,2,0,0,16,27,197,0,0,0,317,79,6,-6.59799437931491,0,7,5,3,0,0,37,5,27,2,10,4,4,16,9,0,0,6,0,0,0,0,0,0,0,0,0,0,0,2,17,0,6,74,3,0,0,0,0,0,1,0,3,56,1,2,1,0,38,0.5,0,0,1,0,0,0,0,1,0,0,0,0,38,29,,38,29,0,0,0,0,0,,0,0,0,0,0,6,0,58,286,2,1,0,2,1,2,19,0,227
2020,12,PHI,REG,2020_12_SEA_PHI,SEA,26,46,221,2,1,6,-41,0,0,330,110,11,-13.158927917931,-3.19561639002391,0,8,5,2,0,14,70,0,0,0,4,2.26436387440492,1,2,2,1,0,26,42,221,2,0,0,330,110,11,-3.08131224420504,0,8,5,2,0,0,44,2,16,8,19,0,2,5,7,0,0,0,0,0,0,0,0,0,0,0,0,1,0,0,0,0,9,79,5,0,1,0,1,0,2,19,4,95,1,1,0,0,42,1,0,0,0,1,0,0,0,0,0,0,0,0,42,,,42,0,0,0,1,1,0,0,0,0,0,0,0,5,0,63,245,1,0,0,0,1,4,27,0,218
2020,12,PIT,REG,2020_12_BAL_PIT,BAL,36,51,266,1,1,0,0,0,0,249,135,16,-4.71956412522439,2.70964205265045,0,9,4,2,0,20,68,0,0,0,5,-3.69500169015373,0,2,1,0,0,36,51,266,1,2,0,249,135,16,-4.71956412522439,0,9,4,2,0,0,33,5,13,6,24,0,3,20,5,1,14,3,1,1,0,0,0,0,0,0,0,0,0,1,0,0,5,40,0,3,0,2,3,1,2,6,3,52,2,2,0,0,27,1,0,2,0,0,0,0,0,0,0,0,0,0,25;27,,,52,0,0,1,2,1,0,0.5,0,0,0,0,0,4,0,56,177,2,0,0,0,2,2,9,0,168
2020,12,SEA,REG,2020_12_SEA_PHI,PHI,22,31,230,1,0,2,-5,0,0,247,89,11,-1.12470427875064,9.10454124212265,0,9,5,2,1,30,76,1,0,0,4,-2.53242946441957,0,2,1,0,0,22,30,230,1,0,0,247,89,11,5.00363396052148,0,9,5,2,1,0,41,1,17,6,36,0,6,41,13,1,0,5,0,0,0,0,0,0,0,0,0,0,0,0,0,0,8,83,4,0,0,0,0,0,4,27,1,21,3,3,0,0,44,1,0,0,2,1,0,0,0,0,0,0,0,0,44;33;39,,,116,0,0,2,2,0,0,1,0,0,0,0,0,3,0,57,156,1,0,0,0,1,2,19,0,137
2020,12,SF,REG,2020_12_SF_LA,LA,24,35,252,0,1,2,-19,0,0,172,175,10,-4.87818450104315,-3.78048805629506,0,9,7,6,0,33,112,1,2,2,6,-17.2095802147524,0,3,1,0,0,24,34,252,0,1,0,172,175,10,-0.685032279890588,0,9,7,6,0,0,35,6,22,5,19,2,2,16,7,2,45,3,1,0,0,0,0,0,0,0,0,0,0,2,14,0,5,40,6,3,0,1,3,2,2,27,0,0,3,4,1,0,46,0.75,0,0,0,3,0,0,0,0,0,0,1,0,46;44;42,50,,132,50,0,2,2,0,0,1,1,1,0,0,42,7,0,60,357,2,0,0,2,2,3,9,0,308
2020,12,TB,REG,2020_12_KC_TB,KC,27,41,345,3,2,1,-3,0,0,392,141,14,7.23110387487452,1.70781721429127,0,9,5,5,2,13,75,0,0,0,3,0.771658924757503,0,2,1,1,0,27,41,345,3,0,0,392,141,14,8.33345477569731,0,9,5,5,2,0,50,2,12,2,3,1,2,6,7,0,0,2,0,0,0,0,0,0,0,0,0,0,0,1,1,0,8,57,3,0,0,0,0,0,1,2,1,6,1,1,0,0,26,1,0,1,0,0,0,0,0,0,0,0,0,0,26,,,26,0,0,3,3,0,0,1,0,0,0,0,0,4,0,62,208,1,0,0,0,0,4,20,0,188
2020,12,TEN,REG,2020_12_TEN_IND,IND,13,22,221,1,0,1,-1,0,0,153,118,9,10.5591706815758,-7.50979498028755,0,9,4,3,1,45,229,4,0,0,16,7.18010598889669,0,9,6,1,0,13,20,221,1,0,0,153,118,9,12.7155396112939,0,9,4,3,1,1,33,7,11,2,15,0,2,15,6,1,0,5,0,0,0,0,0,0,0,0,0,0,0,0,0,0,9,63,3,0,0,0,0,0,4,52,2,60,1,1,0,0,49,1,0,0,0,1,0,0,0,0,0,0,0,0,49,,,49,0,0,6,6,0,0,1,0,0,0,0,0,4,0,48,160,4,2,0,0,2,0,0,0,160
2020,12,WAS,REG,2020_12_WAS_DAL,DAL,20,27,177,1,1,3,-21,0,0,120,82,6,-5.20205154231989,10.4482947538296,0,5,2,2,0,36,182,3,0,0,14,7.48339555514394,0,5,4,2,0,20,24,177,1,0,0,120,82,6,3.42115004462539,0,5,2,2,0,0,33,3,21,4,21,1,4,28,7,1,15,3,1,0,0,0,0,0,0,0,0,0,0,1,0,0,5,53,2,0,0,0,0,0,2,15,2,41,2,2,0,0,36,1,0,1,1,0,0,0,0,0,0,0,0,0,23;36,,,59,0,0,5,5,0,0,1,0,0,0,0,0,2,0,60,117,1,0,1,0,0,1,9,0,108
2020,13,ARI,REG,2020_13_LA_ARI,LA,21,39,173,3,1,2,-33,1,1,240,87,11,-11.5112129985157,-12.157736139165,0,3,1,1,1,21,92,1,1,0,5,0.166757651313674,0,3,2,1,0,21,36,173,3,0,0,240,87,11,-0.574013974206735,0,3,1,1,1,0,57,7,15,7,21,1,1,7,7,0,0,1,0,0,0,0,0,0,0,0,0,1,-1,1,0,0,5,21,6,1,1,0,2,1,0,0,1,54,0,1,1,0,,0,0,0,0,0,0,0,0,0,0,1,0,0,,48,,0,48,0,4,4,0,0,1,0,0,0,0,0,5,0,54,238,2,1,0,0,1,3,18,0,220
2020,13,ATL,REG,2020_13_NO_ATL,NO,19,39,273,1,0,3,-11,1,1,453,56,12,-10.7394829414148,-11.6911198641803,0,12,8,6,0,21,70,0,0,0,4,-1.98059084778652,0,2,2,0,0,19,37,273,1,0,0,453,56,12,-0.895729452040141,0,12,8,6,0,0,51,1,27,4,16,2,2,15,4,0,0,2,0,0,0,0,0,0,0,0,0,0,0,1,0,0,1,15,6,1,0,0,1,1,2,12,0,0,3,3,0,0,53,1,0,1,1,0,1,0,0,0,0,0,0,0,53;30;28,,,111,0,0,1,1,0,0,1,0,0,0,0,0,5,0,55,218,3,0,0,0,2,3,17,0,201
2020,13,BAL,REG,2020_13_DAL_BAL,DAL,12,17,107,2,1,0,0,0,0,94,51,2,-4.60968197011326,1.46247621844797,0,3,2,2,0,37,294,2,1,0,16,19.2813411030802,0,8,7,5,0,12,17,107,2,0,0,94,51,2,-4.60968197011326,0,3,2,2,0,0,47,3,27,4,17,0,1,8,5,1,0,4,0,0,0,0,0,0,0,0,0,1,-8,0,0,0,4,23,3,0,1,0,1,0,0,0,1,28,2,3,1,0,35,0.666666666666667,0,1,1,0,0,0,0,0,1,0,0,0,35;22,36,,57,36,0,4,4,0,0,1,0,0,0,0,0,1,0,34,34,0,0,0,0,1,0,0,0,34
2020,13,BUF,REG,2020_13_BUF_SF,SF,32,40,375,4,0,1,-7,1,0,294,129,22,22.4967224646439,18.151942298219,0,15,8,6,0,27,81,0,1,1,6,-10.8699008295405,0,1,1,0,0,32,37,375,4,0,0,294,129,22,24.8904964044537,0,15,8,6,0,0,30,8,24,2,11,0,0,0,7,2,33,3,0,0,0,0,0,0,0,0,0,1,0,0,0,0,4,50,4,1,1,0,2,1,1,22,1,25,2,2,0,0,37,1,0,1,1,0,0,0,0,0,0,0,0,0,37;28,,,65,0,0,4,4,0,0,1,0,0,0,0,0,1,0,68,68,0,0,0,0,0,1,16,0,52
2020,13,CHI,REG,2020_13_DET_CHI,DET,26,34,267,1,0,2,-18,1,1,212,150,15,6.48357301173382,5.82155386606852,0,14,6,2,0,31,140,3,0,0,9,-0.292252412402736,0,5,4,0,0,26,33,267,1,0,0,212,150,15,14.2232231985545,0,14,6,2,0,0,44,0,16,1,2,0,2,2,3,1,7,6,0,0,0,0,0,0,0,0,0,0,0,0,0,0,3,20,4,1,0,0,1,1,1,5,4,67,1,1,0,0,45,1,0,0,0,1,0,0,0,0,0,0,0,0,45,,,45,0,0,3,4,0,1,0.75,0,0,0,0,0,4,0,53,170,2,0,1,0,1,2,20,0,150
2020,13,CIN,REG,2020_13_CIN_MIA,MIA,17,27,193,1,2,6,-37,0,0,162,155,6,-11.2090969566653,-4.35324178801643,0,5,2,2,1,17,40,0,0,0,4,-0.952699674002361,0,1,0,0,0,17,27,193,1,0,0,162,155,6,-1.99301477348674,0,5,2,2,1,0,41,4,30,0,0,1,0,0,2,0,0,4,0,0,0,0,0,0,0,0,0,0,0,1,37,0,6,62,4,0,0,0,0,0,2,13,1,24,0,1,1,0,,0,0,0,0,0,0,0,0,0,0,0,1,0,,53,,0,53,0,1,1,0,0,1,0,0,0,0,0,6,0,53,297,2,0,1,0,1,4,8,0,289
2020,13,CLE,REG,2020_13_CLE_TEN,TEN,26,34,340,4,0,0,0,0,0,212,190,18,26.6341041572375,15.6987662427127,0,12,7,4,1,36,118,1,1,1,5,-9.56506814746535,0,2,2,1,0,26,32,340,4,0,0,212,190,18,29.5648293549818,0,12,7,4,1,0,38,4,18,4,21,3,3,20,5,1,21,5,0,0,0,0,0,0,0,0,0,0,0,2,0,0,13,92,3,1,0,0,1,1,3,1,0,0,2,2,0,0,43,1,0,1,0,1,0,0,0,0,0,0,0,0,27;43,,,70,0,0,5,5,0,0,1,0,0,0,0,0,3,0,47,123,1,1,0,0,2,0,0,0,123
2020,13,DAL,REG,2020_13_DAL_BAL,BAL,31,48,285,2,1,1,-8,0,0,453,124,20,8.0651991142542,5.45100073019664,0,15,3,1,0,28,111,0,0,0,8,-5.62069782635081,0,5,3,0,0,31,45,285,2,0,0,453,124,20,11.7287082307464,0,15,3,1,0,0,35,3,17,1,1,0,0,0,0,1,3,1,0,0,0,0,0,0,0,0,0,0,0,0,0,0,7,58,6,0,0,0,0,0,0,0,4,126,1,4,3,0,31,0.25,0,0,1,0,0,0,0,0,0,1,2,0,31,40;53;52,,31,145,0,2,2,0,0,1,0,0,0,0,0,1,0,47,47,1,0,0,0,1,0,0,0,47
2020,13,DEN,REG,2020_13_DEN_KC,KC,15,28,151,2,2,0,0,0,0,234,74,10,3.13342764621744,-7.42956101894379,0,6,2,2,0,33,179,0,0,0,7,2.51840515836321,0,2,2,1,1,15,27,151,2,0,0,234,74,10,3.60767942943754,0,6,2,2,0,0,37,1,23,3,13,0,1,5,4,0,0,6,0,0,0,0,0,0,0,0,0,0,0,0,0,0,4,31,5,0,0,0,0,0,1,-2,3,77,1,2,1,0,53,0.5,0,0,0,0,1,0,0,0,0,0,1,0,53,57,,53,57,0,1,1,0,0,1,0,0,0,0,0,3,0,40,115,1,0,0,0,2,1,5,0,110
2020,13,DET,REG,2020_13_DET_CHI,CHI,27,42,402,3,1,2,-2,0,0,571,68,18,17.361822265404,4.12599099118535,0,17,10,8,1,22,60,2,0,0,5,-2.71670979875489,0,1,1,0,0,27,41,402,3,0,0,571,68,18,20.1981699184689,0,17,10,8,1,0,49,0,24,5,14,1,2,18,2,0,0,1,0,0,0,0,1,0,0,0,0,0,0,1,0,0,7,45,4,0,0,0,0,0,2,20,5,71,0,0,0,0,,,0,0,0,0,0,0,0,0,0,0,0,0,,,,0,0,0,4,5,1,0,0.8,0,0,0,0,0,3,0,45,132,1,0,2,0,0,1,5,0,127
2020,13,GB,REG,2020_13_PHI_GB,PHI,25,34,295,3,0,2,-7,0,0,364,133,14,15.4437866592247,15.5335353687406,0,10,5,5,1,25,149,1,1,0,6,2.851055556559,0,2,2,1,1,25,32,295,3,0,0,364,133,14,18.6518551979729,0,10,5,5,1,0,36,2,16,6,25,0,7,27,11,1,4,5,0,0,0,0,0,0,0,0,0,1,-6,0,0,0,5,30,2,0,1,0,1,0,1,0,4,100,1,1,0,0,40,1,0,0,0,1,0,0,0,0,0,0,0,0,40,,,40,0,0,3,4,1,0,0.75,0,0,0,0,0,4,0,54,194,1,1,0,0,2,1,73,1,121
2020,13,HOU,REG,2020_13_IND_HOU,IND,26,38,341,0,1,5,-33,1,0,394,106,15,1.13884863429246,3.80583461877462,0,13,8,4,1,19,90,2,1,1,4,-2.65429650197621,0,3,1,0,0,26,37,341,0,0,0,394,106,15,9.51052951460712,0,13,8,4,1,0,43,2,30,8,37,0,3,23,5,0,0,3,0,0,0,0,0,0,0,0,0,1,-5,0,0,0,3,30,6,1,1,0,2,1,3,25,4,87,2,3,1,0,52,0.666666666666667,0,0,1,0,1,0,0,0,0,0,1,0,52;34,53,,86,53,0,2,2,0,0,1,0,0,0,0,0,3,0,54,145,0,1,0,0,0,2,22,0,123
2020,13,IND,REG,2020_13_IND_HOU,HOU,27,35,285,2,0,3,-23,0,0,189,161,15,9.99690127843985,3.84937056473323,0,16,6,3,0,29,109,1,0,0,8,-4.22479301993735,0,4,3,1,0,27,35,285,2,0,0,189,161,15,15.7657116626482,0,16,6,3,0,0,46,1,15,4,16,1,5,33,8,1,0,7,0,0,1,0,0,0,0,0,0,0,0,1,0,0,7,50,4,0,0,0,0,0,2,22,4,96,1,1,0,0,42,1,0,0,0,1,0,0,0,0,0,0,0,0,42,,,42,0,0,3,3,0,0,1,0,0,0,0,0,5,0,51,235,1,0,1,1,0,3,25,0,190
2020,13,JAX,REG,2020_13_JAX_MIN,MIN,28,42,280,1,2,2,-14,0,0,351,92,15,2.64474970099854,-1.3056911346389,1,8,6,5,0,25,124,1,1,1,5,-3.77323585489648,0,3,3,0,0,28,41,280,1,1,1,351,92,15,0.00807492715374458,1,8,6,5,0,0,57,0,36,5,33,1,4,30,14,1,43,7,1,0,0,0,0,0,0,0,0,0,0,1,0,0,10,83,6,2,0,0,2,2,3,13,0,0,1,2,1,0,22,0.5,0,1,0,0,0,0,0,0,0,0,0,1,22,62,,22,62,0,1,2,1,0,0.5,0,0,0,0,0,5,0,60,258,0,0,1,1,0,3,21,0,217
2020,13,KC,REG,2020_13_DEN_KC,DEN,25,40,318,1,0,1,-5,0,0,378,152,18,6.05981870637108,-0.708526894450188,0,15,9,5,0,22,134,0,0,0,6,3.44242853909964,0,5,4,2,0,25,40,318,1,0,0,378,152,18,7.46820731039202,0,15,9,5,0,0,38,1,23,0,0,0,0,0,4,2,0,4,0,0,0,0,0,0,0,0,0,0,0,0,0,0,5,44,2,0,0,0,0,0,1,5,0,0,5,5,0,0,48,1,0,2,2,1,0,0,0,0,0,0,0,0,35;24;23;31;48,,,161,0,0,1,1,0,0,1,0,0,0,0,0,3,0,43,112,2,0,0,0,2,1,-2,0,114
2020,13,LA,REG,2020_13_LA_ARI,ARI,37,47,351,1,0,1,-7,0,0,167,256,19,18.200210214761,10.2325447581031,0,14,7,4,0,31,119,3,0,0,8,-4.86887491618785,0,2,2,1,0,37,44,351,1,0,0,167,256,19,21.7328029777211,0,14,7,4,0,0,34,1,13,2,11,1,2,33,5,1,35,5,1,1,0,0,0,0,0,0,0,0,0,1,0,0,6,75,6,1,0,0,1,1,3,18,2,45,1,2,1,0,39,0.5,0,0,1,0,0,0,0,0,1,0,0,0,39,37,,39,37,0,5,5,0,0,1,0,0,0,0,0,1,0,44,44,0,0,1,0,0,0,0,0,44
2020,13,LAC,REG,2020_13_NE_LAC,NE,26,53,209,0,2,3,-21,0,0,324,129,12,-27.4350110028328,-20.5778998251145,0,8,3,3,0,15,70,0,0,0,4,1.13455338048516,0,0,0,0,0,26,52,209,0,0,0,324,129,12,-21.1961796752876,0,8,3,3,0,0,41,1,27,4,22,1,1,4,2,0,0,1,0,0,0,0,0,0,0,0,0,0,0,0,0,0,5,30,3,0,0,0,0,0,0,0,6,125,0,2,1,1,,0,0,0,0,0,0,0,0,0,0,1,0,0,,46,58,0,46,58,0,0,0,0,,0,0,0,0,0,4,0,58,206,0,0,0,0,1,3,145,1,61
2020,13,LV,REG,2020_13_LV_NYJ,NYJ,28,47,381,3,1,2,-13,0,0,499,170,17,10.7124163080795,0.323298670675444,0,14,9,5,1,25,72,1,1,0,4,-2.96758592623519,0,1,1,0,0,28,46,381,3,1,1,499,170,17,7.15686296231307,0,14,9,5,1,0,40,3,17,1,9,2,3,16,7,1,0,4,0,0,0,0,0,0,0,0,0,1,0,2,0,0,3,21,4,2,0,0,2,1,2,23,1,32,1,1,0,0,48,1,0,0,0,1,0,0,0,0,0,0,0,0,48,,,48,0,0,4,4,0,0,1,0,0,0,0,0,3,0,51,129,2,0,1,1,1,0,0,0,109
2020,13,MIA,REG,2020_13_CIN_MIA,CIN,26,39,296,1,0,0,0,0,0,298,151,16,7.12892131173582,2.79725484157863,0,11,7,4,0,28,110,0,1,1,4,-7.92968706169631,0,3,2,1,0,26,38,296,1,0,0,298,151,16,7.0197685755296,0,11,7,4,0,0,32,7,15,8,41,0,6,37,11,2,0,6,0,1,0,0,0,0,0,0,0,1,5,0,0,0,8,54,3,1,1,0,2,1,4,8,0,0,4,4,0,0,48,1,1,2,0,1,0,0,0,0,0,0,0,0,25;48;23;19,,,115,0,0,1,1,0,0,1,0,0,0,0,0,4,0,55,180,2,0,0,0,2,2,13,0,167
2020,13,MIN,REG,2020_13_JAX_MIN,JAX,28,43,305,3,1,4,-30,0,0,328,147,17,-1.72740924143289,0.809875205159187,0,16,4,3,1,38,145,0,1,1,10,-8.16487599938409,0,5,1,0,0,28,40,305,3,0,0,328,147,17,5.91624803663291,0,16,4,3,1,0,37,0,38,2,5,2,2,14,6,2,0,5,0,1,1,0,0,0,0,0,0,1,-1,2,0,0,6,41,7,1,1,0,2,1,3,21,3,63,2,3,1,0,48,0.666666666666667,0,1,0,1,0,0,0,0,0,0,1,0,48;23,51,,71,51,0,1,3,2,0,0.333333333333333,1,1,0,0,23,7,0,52,331,1,0,1,1,2,3,13,0,298
2020,13,NE,REG,2020_13_NE_LAC,LAC,14,22,130,2,0,1,-4,0,0,154,76,7,0.454292930196971,-2.39440344628834,0,5,2,2,0,43,165,2,2,0,12,1.23267290008542,0,5,3,0,0,14,21,130,2,0,0,154,76,7,2.99317234224873,0,5,2,2,0,2,34,3,29,4,22,0,3,21,11,2,3,9,0,0,0,0,0,1,0,0,44,2,-9,0,0,0,3,15,2,1,1,0,2,0,3,145,0,0,1,1,0,0,32,1,0,0,1,0,0,0,0,0,0,0,0,0,32,,,32,0,0,6,6,0,0,1,0,0,0,0,0,4,0,65,197,3,0,1,1,2,0,0,0,177
2020,13,NO,REG,2020_13_NO_ATL,ATL,27,37,232,2,0,2,-15,1,1,300,50,13,2.4866946086986,4.70380396456332,0,10,5,1,0,36,207,1,2,0,9,3.17267523275223,0,5,3,2,1,27,37,232,2,0,0,300,50,13,10.1908363312832,0,10,5,1,0,0,36,0,14,5,21,1,3,11,8,0,0,8,0,0,0,0,0,0,0,0,0,1,-2,1,0,0,10,79,5,2,1,1,3,1,3,17,0,0,0,1,1,0,,0,0,0,0,0,0,0,0,0,0,1,0,0,,40,,0,40,0,3,3,0,0,1,0,0,0,0,0,5,0,49,199,3,0,0,0,3,2,12,0,187
2020,13,NYG,REG,2020_13_NYG_SEA,SEA,13,22,105,1,1,2,-5,0,0,184,28,6,-6.59913937732958,-6.43180283633145,1,4,2,1,0,31,190,1,0,0,7,2.60928660887294,0,4,4,2,1,13,22,105,1,0,0,184,28,6,-4.45346562782683,1,4,2,1,0,0,46,4,22,4,42,2,5,47,10,1,0,7,0,0,0,0,0,0,0,0,0,0,0,1,0,0,6,35,2,0,0,0,0,0,0,0,1,23,1,1,0,0,48,1,0,0,0,1,0,0,0,0,0,0,0,0,48,,,48,0,0,0,1,1,0,0,0,0,0,0,0,6,1,49,261,1,1,1,1,1,2,12,0,229
2020,13,NYJ,REG,2020_13_LV_NYJ,LV,14,23,186,2,1,3,-16,2,2,201,116,11,-1.90601981552015,3.83851066231728,1,10,6,3,0,34,206,2,0,0,11,7.9897635425732,0,7,7,1,0,14,20,186,2,0,0,201,116,11,10.0895115719906,1,10,6,3,0,0,43,6,18,2,13,2,2,13,6,1,20,4,0,0,0,0,0,0,0,0,0,0,0,1,0,0,6,40,3,2,0,0,2,2,0,0,3,58,0,0,0,0,,,0,0,0,0,0,0,0,0,0,0,0,0,,,,0,0,0,2,3,1,0,0.666666666666667,0,0,0,0,0,4,0,47,182,0,0,1,0,1,2,23,0,159
2020,13,PHI,REG,2020_13_PHI_GB,GB,11,27,188,1,1,7,-27,0,0,269,35,8,-3.91267600950366,-16.9174079298973,0,7,5,4,1,25,117,0,0,0,7,-2.25717566814274,0,5,2,0,0,11,25,188,1,0,0,269,35,8,5.67192255288548,0,7,5,4,1,1,34,5,23,3,12,0,2,7,6,0,0,2,0,1,0,0,0,0,0,0,0,1,0,0,0,0,4,40,4,0,1,0,1,0,1,73,4,116,1,1,0,0,52,1,0,0,0,0,1,0,0,0,0,0,0,0,52,,,52,0,0,1,2,1,0,0.5,0,0,0,0,0,5,0,53,211,3,2,1,0,1,1,0,0,211
2020,13,PIT,REG,2020_13_WAS_PIT,WAS,33,53,305,2,1,0,0,0,0,325,149,13,-2.34915004051629,-6.6385751625277,0,9,6,4,1,14,21,0,0,0,1,-8.06881805683952,0,0,0,0,0,33,53,305,2,0,0,325,149,13,-2.34915004051629,0,9,6,4,1,0,41,4,30,6,30,1,3,23,10,0,0,8,0,1,0,0,0,0,0,0,0,2,-4,0,0,0,6,45,5,0,2,0,2,0,3,28,1,32,1,1,0,0,37,1,0,0,1,0,0,0,0,0,0,0,0,0,37,,,37,0,0,2,2,0,0,1,0,0,0,0,0,6,0,59,266,2,1,0,0,4,1,9,0,257
2020,13,SEA,REG,2020_13_NYG_SEA,NYG,27,43,263,1,1,5,-47,0,0,380,108,13,-10.7337681843766,-3.19142923122499,0,12,5,4,0,22,111,0,1,1,6,-6.28808086551726,0,5,2,0,0,27,41,263,1,2,0,380,108,13,0.489824307851317,0,12,5,4,0,0,29,4,28,5,9,0,2,5,4,1,32,5,0,0,1,1,0,0,0,0,0,1,-2,0,0,0,6,41,6,2,1,1,3,1,2,12,4,88,1,1,0,0,31,1,0,0,1,0,0,0,0,0,0,0,0,0,31,,,31,0,0,1,1,0,0,1,0,0,0,0,0,5,0,66,242,2,2,1,2,0,0,0,0,202
2020,13,SF,REG,2020_13_BUF_SF,BUF,26,39,316,3,2,0,0,0,0,266,133,18,11.084356896777,-1.65362717249455,0,15,7,4,1,21,86,0,0,0,5,-5.90554193026037,0,4,3,0,0,26,39,316,3,0,0,266,133,18,11.084356896777,0,15,7,4,1,0,46,2,20,2,4,1,1,7,3,0,0,3,0,0,0,0,0,0,0,0,0,0,0,1,0,0,7,43,3,0,0,0,0,0,1,16,1,13,1,1,0,0,45,1,0,0,0,1,0,0,0,0,0,0,0,0,45,,,45,0,0,3,3,0,0,1,0,0,0,0,0,2,0,54,90,1,0,0,0,1,1,22,0,68
2020,13,TEN,REG,2020_13_CLE_TEN,CLE,29,45,389,3,1,3,-20,0,0,487,132,18,14.0522907184495,5.83385697432927,0,17,10,4,2,18,62,1,2,1,4,-9.44590719853272,1,1,0,0,0,29,42,389,3,2,1,487,132,18,19.6672982456221,0,17,10,4,2,0,40,11,27,2,2,1,0,0,1,0,0,3,0,0,0,0,0,0,0,0,0,2,-2,1,53,1,5,52,6,3,1,0,4,2,0,0,4,83,0,0,0,0,,,0,0,0,0,0,0,0,0,0,0,0,0,,,,0,0,0,3,3,0,0,1,0,0,0,0,0,3,0,54,138,0,0,0,0,0,3,1,0,137
2020,13,WAS,REG,2020_13_WAS_PIT,PIT,31,46,296,1,0,3,-23,0,0,265,168,12,0.347741866668792,0.724722377278588,0,10,6,4,0,21,45,1,1,0,4,-6.11213847671716,0,1,1,0,0,31,44,296,1,0,0,265,168,12,5.98023930420319,0,10,6,4,0,0,32,9,23,4,12,0,0,0,2,1,0,8,0,0,0,0,0,0,0,0,0,1,0,0,0,0,9,62,4,1,0,0,1,0,1,9,3,72,3,3,0,0,49,1,0,0,0,3,0,0,0,0,0,0,0,0,49;45;45,,,139,0,0,2,2,0,0,1,0,0,0,0,0,7,0,60,322,4,0,1,0,3,3,28,0,294
2020,14,ARI,REG,2020_14_ARI_NYG,NYG,24,35,244,1,0,1,-13,0,0,191,128,12,4.79893053869837,4.66593382880092,0,10,4,3,1,43,159,1,3,0,10,-3.44685493767576,0,6,3,1,0,24,32,244,1,0,0,191,128,12,8.16301703854352,0,10,4,3,1,0,30,5,19,5,23,5,8,64,11,0,0,5,0,0,0,0,0,0,0,0,0,3,0,3,30,0,4,22,5,2,1,0,3,0,6,77,1,22,4,4,0,0,37,1,0,0,4,0,0,0,0,0,0,0,0,0,34;37;34;30,,,135,0,0,2,2,0,0,1,0,0,0,0,0,4,0,49,159,3,0,0,1,3,0,0,0,139
2020,14,ATL,REG,2020_14_ATL_LAC,LAC,22,33,263,2,3,2,-14,0,0,327,111,11,0.715779242875713,1.26928929239512,0,8,6,4,0,20,70,0,0,0,6,-0.37164399784524,0,0,0,0,0,22,32,263,2,0,0,327,111,11,7.18789811630268,0,8,6,4,0,0,54,6,18,5,13,2,1,3,3,1,0,2,0,0,0,0,0,0,0,0,0,0,0,0,0,0,4,35,3,0,0,0,0,0,3,40,1,22,1,1,0,0,45,1,0,0,0,1,0,0,0,0,0,0,0,0,45,,,45,0,0,2,2,0,0,1,0,0,0,0,0,2,0,52,85,2,0,1,0,0,1,1,0,84
2020,14,BAL,REG,2020_14_BAL_CLE,CLE,12,21,176,1,0,4,-22,0,0,226,62,9,6.29478612054191,-0.218386242264195,0,7,2,2,1,32,231,5,1,0,13,16.047276288955,1,9,6,2,1,12,19,176,1,0,0,226,62,9,11.2441370834713,0,7,2,2,1,0,34,2,34,1,25,3,0,0,5,1,17,5,0,0,1,0,0,0,0,0,0,1,0,0,0,0,8,69,5,1,0,0,1,0,0,0,3,71,1,1,0,0,55,1,0,0,0,0,1,0,0,0,0,0,0,0,55,,,55,0,0,4,5,0,1,0.8,1,1,0,0,55,4,0,50,172,1,1,0,0,2,1,5,0,167
2020,14,BUF,REG,2020_14_PIT_BUF,PIT,24,43,238,2,1,1,-8,1,0,455,130,13,0.0534102806798948,-4.89937624051457,0,9,5,2,0,27,104,0,0,0,5,-5.72391415911261,0,4,2,0,0,24,42,238,2,1,1,455,130,13,-1.96596988964818,0,9,5,2,0,0,29,1,23,2,11,1,1,10,5,2,51,7,1,1,0,0,0,0,0,0,0,1,0,0,0,0,7,48,1,2,1,1,3,1,2,15,3,93,2,2,0,0,34,1,0,1,1,0,0,0,0,0,0,0,0,0,34;23,,,57,0,0,2,3,1,0,0.666666666666667,0,0,0,0,0,5,0,54,228,2,2,1,0,1,1,0,0,228
2020,14,CAR,REG,2020_14_DEN_CAR,DEN,30,40,283,0,0,4,-38,0,0,236,161,13,-1.91589382645761,6.49933432921385,0,12,8,4,0,21,125,3,0,0,8,5.7248538864078,0,6,2,0,0,30,39,283,0,0,0,236,161,13,4.14819993783167,0,12,8,4,0,0,34,2,22,1,1,1,1,11,5,0,0,2,0,0,0,0,0,0,0,0,0,0,0,1,54,0,7,48,6,0,0,0,0,0,2,0,1,16,2,2,0,0,35,1,0,1,1,0,0,0,0,0,0,0,0,0,35;26,,,61,0,0,3,3,0,0,1,0,0,0,0,0,4,0,56,174,2,0,0,0,3,1,83,1,91
2020,14,CHI,REG,2020_14_HOU_CHI,HOU,24,33,267,3,0,3,-26,0,0,144,190,17,9.86100158167579,2.82218058904012,0,13,5,2,0,23,169,1,0,0,5,5.54637946520234,0,4,3,1,1,24,33,267,3,0,0,144,190,17,15.1153646760741,0,13,5,2,0,0,48,0,20,6,64,2,7,64,11,0,0,2,0,0,1,0,0,0,0,0,0,0,0,2,0,0,7,44,4,0,0,0,0,0,1,4,2,24,2,2,0,0,39,1,0,0,2,0,0,0,0,0,0,0,0,0,39;32,,,71,0,0,4,4,0,0,1,0,0,0,0,0,5,0,48,199,2,1,0,1,2,1,7,0,172
2020,14,CIN,REG,2020_14_DAL_CIN,DAL,28,38,222,1,0,2,-14,0,0,153,145,13,6.51645883050514,3.18367387119092,0,9,4,1,0,30,101,0,3,3,5,-24.6503541297279,0,1,0,0,0,28,38,222,1,0,0,153,145,13,8.55233814293752,0,9,4,1,0,0,33,2,18,4,17,0,2,14,4,0,0,4,0,0,0,0,0,0,0,0,0,0,0,0,0,0,3,25,6,2,1,0,3,3,0,0,2,47,0,0,0,0,,,0,0,0,0,0,0,0,0,0,0,0,0,,,,0,0,0,1,1,0,0,1,0,0,0,0,0,2,0,51,90,1,0,0,0,0,2,0,0,90
2020,14,CLE,REG,2020_14_BAL_CLE,BAL,29,48,355,2,1,0,0,0,0,446,142,18,12.4537861909049,2.2685225375674,1,16,8,6,0,28,138,4,0,0,10,6.5742615914638,0,4,2,0,0,29,44,355,2,4,0,446,142,18,14.6826907503565,1,16,8,6,0,0,36,0,20,5,25,1,4,22,4,0,0,1,0,0,0,0,1,0,1,0,0,6,-27,0,0,0,8,75,4,3,4,1,7,0,1,5,1,16,0,1,1,0,,0,0,0,0,0,0,0,0,0,1,0,0,0,,39,,0,39,0,4,5,1,0,0.8,0,0,0,0,0,2,0,56,91,0,0,1,1,0,0,0,0,71
2020,14,DAL,REG,2020_14_DAL_CIN,CIN,16,23,185,2,0,2,-14,0,0,186,65,11,12.6310387483578,10.1293296976523,0,10,2,2,0,25,101,0,0,0,5,-4.57441876683151,0,3,3,1,0,16,22,185,2,0,0,186,65,11,18.3446397219642,0,10,2,2,0,0,45,1,25,3,16,2,2,14,4,0,0,2,0,0,0,0,0,0,0,0,0,0,0,3,78,1,5,30,2,0,0,0,0,0,2,0,2,77,3,3,0,0,55,1,0,1,1,0,1,0,0,0,0,0,0,0,34;20;55,,,109,0,0,3,3,0,0,1,0,0,0,0,0,2,0,51,99,1,0,0,1,1,0,0,0,79
2020,14,DEN,REG,2020_14_DEN_CAR,CAR,21,27,280,4,0,1,-11,1,1,170,156,13,9.04304682409577,12.1876219908396,0,9,6,6,1,30,96,0,1,0,7,-2.88729066363885,0,2,1,0,0,21,27,280,4,0,0,170,156,13,18.3271662542976,0,9,6,6,1,1,49,0,12,5,40,0,4,38,6,0,0,3,0,0,0,0,0,0,0,0,0,1,-4,0,0,0,2,18,1,1,1,0,2,1,1,83,1,5,0,0,0,0,,,0,0,0,0,0,0,0,0,0,0,0,0,,,,0,0,0,2,4,2,0,0.5,0,0,0,0,0,4,0,58,177,2,2,0,0,0,2,0,0,177
2020,14,DET,REG,2020_14_GB_DET,GB,27,40,273,1,0,4,-31,0,0,239,155,17,5.95288836039609,-2.7606852744755,0,14,7,3,0,15,51,2,0,0,5,2.74701273615938,0,1,0,0,0,27,38,273,1,0,0,239,155,17,10.9305276173144,0,14,7,3,0,0,43,4,14,2,2,0,0,0,1,0,0,4,0,0,0,0,0,0,0,0,0,0,0,0,0,0,4,30,6,0,0,0,0,0,0,0,2,95,1,1,0,0,32,1,0,0,1,0,0,0,0,0,0,0,0,0,32,,,32,0,0,3,3,0,0,1,0,0,0,0,0,3,0,52,134,0,1,0,0,1,1,2,0,132
2020,14,GB,REG,2020_14_GB_DET,DET,26,33,290,3,0,0,0,0,0,210,171,15,17.8611662913463,10.9350928375798,0,12,3,3,1,31,120,1,0,0,10,1.70748887985246,0,1,0,0,0,26,31,290,3,0,0,210,171,15,19.7482177171623,0,12,3,3,1,0,39,1,11,5,32,0,4,31,6,0,0,4,0,0,0,0,0,0,0,0,0,0,0,0,0,0,12,68,5,0,0,0,0,0,1,2,1,20,1,1,0,0,57,1,0,0,0,0,1,0,0,0,0,0,0,0,57,,,57,0,0,4,4,0,0,1,0,0,0,0,0,2,0,57,101,1,0,0,1,1,0,0,0,81
2020,14,HOU,REG,2020_14_HOU_CHI,CHI,21,30,219,1,0,7,-64,0,0,197,122,10,-5.52670725836651,11.2849533557892,0,9,1,1,1,27,108,0,1,1,7,-4.87407422316028,0,2,1,0,0,21,27,219,1,0,0,197,122,10,13.453281389724,0,9,1,1,1,0,41,0,16,6,31,0,3,26,5,0,0,3,0,1,0,0,0,0,0,0,0,0,0,0,0,0,6,50,2,2,0,0,2,2,1,7,4,64,0,0,0,0,,,0,0,0,0,0,0,0,0,0,0,0,0,,,,0,0,0,1,1,0,0,1,0,0,0,0,0,4,0,50,172,0,0,1,0,2,1,4,0,168
2020,14,IND,REG,2020_14_IND_LV,LV,19,28,244,2,0,0,0,0,0,255,105,10,16.3096037587044,1.87525815433926,0,8,7,5,1,31,212,2,0,0,10,6.14930858814682,0,9,8,2,1,19,27,244,2,0,0,255,105,10,16.5488982659541,0,8,7,5,1,0,43,1,19,3,8,1,0,0,2,2,50,5,1,0,0,0,0,0,0,0,0,0,0,1,0,0,6,50,4,0,0,0,0,0,1,2,2,59,3,3,0,0,35,1,0,2,1,0,0,0,0,0,0,0,0,0,25;20;35,,,80,0,0,5,5,0,0,1,0,0,0,0,0,1,0,41,41,1,0,0,0,0,1,11,0,30
2020,14,JAX,REG,2020_14_TEN_JAX,TEN,31,54,263,1,1,0,0,0,0,455,129,16,-9.04066627151625,-1.8760900412287,0,12,4,3,0,15,91,0,0,0,3,0.122469324734993,0,2,2,1,1,31,49,263,1,0,0,455,129,16,-5.50651151994535,0,12,4,3,0,0,42,2,30,4,14,1,1,7,7,0,0,2,0,0,0,0,0,0,0,0,0,0,0,1,0,0,10,80,3,0,0,0,0,0,0,0,1,16,1,2,0,1,53,0.5,0,0,0,0,1,0,0,0,0,0,0,0,53,,53,53,0,53,1,1,0,0,1,0,0,0,0,0,4,0,62,199,0,1,0,1,0,2,13,0,166
2020,14,KC,REG,2020_14_KC_MIA,MIA,24,34,393,2,3,3,-39,0,0,318,205,15,7.42347872740356,5.73401977034176,0,15,11,8,1,24,94,1,1,0,5,-1.70843372384262,0,3,3,1,0,24,34,393,2,1,1,318,205,15,7.1955787918414,0,15,11,8,1,1,48,4,16,5,31,1,4,29,8,1,5,9,0,0,1,0,0,0,0,0,0,1,-9,0,0,0,8,56,3,1,1,0,2,1,1,67,2,15,1,1,0,0,46,1,0,0,0,1,0,0,0,0,0,0,0,0,46,,,46,0,0,4,4,0,0,1,0,0,0,0,0,4,0,58,198,1,1,0,0,0,3,8,0,190
2020,14,LA,REG,2020_14_NE_LA,NE,16,25,137,1,1,1,-5,0,0,114,74,6,-4.51449169793735,-6.6039049377044,0,4,3,2,0,36,186,1,0,0,10,2.75297332426999,0,4,3,2,0,16,24,137,1,0,0,114,74,6,-1.70420447765021,0,4,3,2,0,0,39,3,27,7,30,0,6,33,10,1,79,3,1,0,0,0,0,0,0,0,0,0,0,0,0,0,5,35,4,0,0,0,0,0,1,8,1,13,1,1,0,0,35,1,0,0,1,0,0,0,0,0,0,0,0,0,35,,,35,0,0,3,3,0,0,1,0,0,0,0,0,6,0,48,248,0,0,0,0,1,5,47,0,201
2020,14,LAC,REG,2020_14_ATL_LAC,ATL,36,44,243,2,1,1,-3,0,0,241,145,14,5.20893111026001,8.56295458295129,0,9,2,1,0,26,105,0,2,0,8,-1.57355554174128,0,4,3,0,0,36,44,243,2,0,0,241,145,14,6.82008339596999,0,9,2,1,0,0,38,6,10,4,17,0,2,14,6,3,11,5,0,0,0,0,0,0,0,0,0,2,0,0,0,0,6,40,6,2,0,0,2,0,1,1,3,109,2,2,0,0,43,1,0,0,1,1,0,0,0,0,0,0,0,0,35;43,,,78,0,0,2,2,0,0,1,1,1,0,0,43,3,0,52,151,0,0,0,0,0,3,40,0,111
2020,14,LV,REG,2020_14_IND_LV,IND,32,46,345,2,2,0,0,0,0,325,159,17,5.86909454348763,0.549138122134738,0,10,5,5,1,22,79,1,0,0,7,-0.502679891593289,0,2,2,0,0,32,45,345,2,1,1,325,159,17,1.55348755743155,0,10,5,5,1,0,29,4,32,2,7,0,0,0,1,0,0,5,0,0,0,0,0,0,0,0,0,0,0,0,0,0,6,33,1,1,0,0,1,1,1,11,1,24,2,2,0,0,25,1,0,2,0,0,0,0,0,0,0,0,0,0,25;23,,,48,0,0,3,3,0,0,1,0,0,0,0,0,1,0,47,47,0,0,0,0,0,1,2,0,45
2020,14,MIA,REG,2020_14_KC_MIA,KC,28,49,316,2,1,4,-29,0,0,466,110,18,2.05637393943169,-3.9784980856854,0,17,7,3,0,24,80,1,0,0,5,-2.71999617913389,0,0,0,0,0,28,46,316,2,0,0,466,110,18,9.74418932940301,0,17,7,3,0,0,36,4,22,5,47,1,3,39,7,3,37,5,0,1,0,0,0,0,0,0,0,1,0,1,0,0,3,35,6,1,0,0,1,0,3,8,0,0,2,3,1,0,44,0.666666666666667,0,0,1,1,0,0,0,0,0,1,0,0,31;44,45,,75,45,0,3,3,0,0,1,0,0,0,0,0,5,0,54,234,1,1,1,1,1,1,67,1,147
2020,14,MIN,REG,2020_14_MIN_TB,TB,24,37,225,1,0,6,-52,2,1,248,126,14,4.22532291115103,1.74387412411826,1,9,2,1,0,33,162,1,0,0,11,8.04816539213061,0,5,4,0,0,24,35,225,1,0,0,248,126,14,16.4148788267062,1,9,2,1,0,0,27,0,20,1,3,0,0,0,3,0,0,2,0,0,0,0,0,0,0,0,0,1,0,0,0,0,5,71,5,2,0,0,2,1,2,15,0,0,0,3,3,0,,0,0,0,0,0,0,0,0,0,1,1,1,0,,36;54;46,,0,136,0,0,1,1,0,0,0,0,0,0,0,2,0,48,76,1,0,1,0,0,1,4,0,72
2020,14,NE,REG,2020_14_NE_LA,LA,14,23,146,0,1,6,-33,0,0,142,50,4,-24.7920379540803,-10.9996863033461,0,4,3,3,0,29,107,0,1,0,6,-7.08014048228506,0,1,1,0,0,14,23,146,0,0,0,142,50,4,-15.4993512967987,0,4,3,3,0,0,41,3,19,3,8,0,1,5,3,1,0,1,0,0,0,0,0,0,0,0,0,1,-5,0,0,0,5,27,3,0,1,0,1,0,5,47,0,0,1,1,0,0,29,1,0,1,0,0,0,0,0,0,0,0,0,0,29,,,29,0,0,0,0,0,0,,0,0,0,0,0,6,0,71,310,4,1,3,0,1,1,8,0,302
2020,14,NO,REG,2020_14_NO_PHI,PHI,28,38,291,2,1,5,-29,1,1,253,113,15,3.09879970058753,10.2982637850014,0,12,6,5,0,20,96,1,0,0,5,0.432967345463112,0,3,1,0,0,28,37,291,2,0,0,253,113,15,11.852632395409,0,12,6,5,0,0,40,0,18,2,4,1,0,0,3,0,0,3,0,0,0,0,0,0,0,0,0,0,0,1,0,0,8,52,5,1,0,0,1,1,2,6,2,55,0,2,2,0,,0,0,0,0,0,0,0,0,0,0,1,1,0,,45;57,,0,102,0,3,3,0,0,1,0,0,0,0,0,4,0,58,211,1,1,0,1,0,2,9,0,182
2020,14,NYG,REG,2020_14_ARI_NYG,ARI,13,24,145,0,0,8,-64,4,2,271,30,7,-17.3636954227695,-8.7308997909228,0,6,2,2,0,17,78,1,0,0,3,-0.853555457375478,0,2,2,0,0,13,24,145,0,0,0,271,30,7,2.32911718194373,0,6,2,2,0,0,48,7,37,6,27,2,1,13,4,0,0,2,0,0,0,0,0,0,0,0,0,2,0,0,0,0,2,10,5,5,0,0,5,3,0,0,5,104,0,0,0,0,,,0,0,0,0,0,0,0,0,0,0,0,0,,,,0,0,0,1,1,0,0,1,0,0,0,0,0,8,0,55,390,1,1,0,1,0,6,77,0,293
2020,14,NYJ,REG,2020_14_NYJ_SEA,SEA,14,26,132,0,0,3,-16,0,0,245,45,8,-5.66940259714794,0.407236814498901,0,4,3,1,0,23,69,0,1,1,3,-11.765342562343,0,2,1,0,0,14,23,132,0,0,0,245,45,8,0.788594761954652,0,4,3,1,0,0,42,2,26,4,10,0,1,3,3,1,0,1,0,0,0,0,0,0,0,0,0,0,0,0,0,0,7,50,3,1,0,0,1,1,1,11,4,111,1,4,3,0,45,0.25,0,0,0,1,0,0,0,0,1,2,0,0,45,37;41;43,,45,121,0,0,0,0,0,,0,0,0,0,0,5,0,45,197,0,0,1,0,2,2,14,0,183
2020,14,PHI,REG,2020_14_NO_PHI,NO,17,30,167,1,0,0,0,0,0,175,120,7,0.569867198093213,-4.13987774115342,0,6,2,1,0,36,246,2,1,1,11,0.146504694188479,0,5,5,2,1,17,26,167,1,0,0,175,120,7,4.22282907200826,0,6,2,1,0,0,46,0,16,5,30,1,5,29,12,1,7,1,0,0,0,0,0,0,0,0,0,0,0,1,0,0,6,27,4,1,0,0,1,1,2,9,0,0,1,2,1,0,44,0.5,0,0,0,1,0,0,0,1,0,0,0,0,44,22,,44,22,0,3,3,0,0,1,0,0,0,0,0,3,0,54,140,1,0,1,0,0,2,6,0,134
2020,14,PIT,REG,2020_14_PIT_BUF,BUF,21,37,187,2,2,1,-10,0,0,242,116,10,-12.8317946070018,-9.88752044535972,1,7,4,1,0,17,47,0,1,0,3,-3.22732884838479,0,0,0,0,0,21,37,187,2,0,0,242,116,10,-10.7842078916873,1,7,4,1,0,0,39,4,24,3,7,2,1,8,5,1,0,8,0,0,0,0,0,0,0,0,0,1,0,1,0,0,3,55,3,1,0,0,1,0,1,0,2,40,0,0,0,0,,,0,0,0,0,0,0,0,0,0,0,0,0,,,,0,0,0,1,1,0,0,1,0,0,0,0,0,8,0,46,318,2,2,1,0,3,2,15,0,303
2020,14,SEA,REG,2020_14_NYJ_SEA,NYJ,25,32,239,4,1,1,-3,0,0,227,105,18,14.7956393345085,10.5556461960077,0,11,4,1,0,36,174,1,1,0,7,-0.673187649859413,0,6,5,1,0,25,32,239,4,0,0,227,105,18,15.7798597086512,0,11,4,1,0,0,29,1,27,7,28,1,3,16,6,0,0,5,0,0,0,0,0,0,0,0,0,1,-6,1,0,0,4,35,2,0,1,0,1,0,2,14,0,0,2,2,0,0,41,1,0,1,0,1,0,0,0,0,0,0,0,0,41;29,,,70,0,0,4,5,1,0,0.8,0,0,0,0,0,2,0,43,83,1,0,0,0,1,1,11,0,72
2020,14,SF,REG,2020_14_WAS_SF,WAS,25,45,260,1,1,4,-24,1,1,268,131,13,-23.3472697404358,-16.0099996084517,1,14,6,1,0,27,108,1,1,1,7,-3.96374433941674,0,2,1,0,0,25,44,260,1,0,0,268,131,13,-8.59668379330821,1,14,6,0,0,0,35,2,14,5,17,0,2,13,5,1,0,1,0,0,0,0,0,0,0,0,0,0,0,0,0,0,5,35,5,2,0,0,2,2,3,15,0,0,0,0,0,0,,,0,0,0,0,0,0,0,0,0,0,0,0,,,,0,0,0,1,1,0,0,1,0,0,0,0,0,9,0,58,411,4,1,1,0,5,2,36,0,375
2020,14,TB,REG,2020_14_MIN_TB,MIN,15,23,196,2,0,0,0,0,0,228,57,8,8.70968550312825,4.65244664387269,0,7,5,3,1,26,107,1,0,0,6,-1.46023412674549,0,4,3,0,0,15,22,196,2,0,0,228,57,8,8.72786830403635,0,7,5,3,1,0,49,0,26,4,32,2,6,52,12,0,0,2,0,0,0,0,0,0,0,0,0,0,0,1,0,0,5,34,3,0,0,0,0,0,1,4,0,0,2,2,0,0,48,1,1,0,0,1,0,0,0,0,0,0,0,0,19;48,,,67,0,0,2,3,1,0,0.666666666666667,0,0,0,0,0,3,0,61,151,1,1,0,0,0,2,15,0,136
2020,14,TEN,REG,2020_14_TEN_JAX,JAX,19,24,212,2,0,1,-7,0,0,197,73,11,9.56726564049429,19.0865626801615,0,10,5,1,0,40,249,2,0,0,10,8.18080354583799,0,5,5,4,1,19,23,212,2,1,1,197,73,11,7.24221659732691,0,10,5,1,0,0,40,0,14,3,10,0,0,0,1,1,11,5,0,0,0,0,0,1,0,0,0,0,0,0,0,0,7,78,1,1,0,0,1,1,2,13,0,0,1,1,0,0,53,1,0,0,0,0,1,0,0,0,0,0,0,0,53,,,53,0,0,4,4,0,0,1,0,0,0,0,0,4,0,50,165,4,1,1,0,2,0,0,0,165
2020,14,WAS,REG,2020_14_WAS_SF,SF,15,32,108,0,1,2,-13,0,0,197,61,7,-17.2591840996769,-19.0390029857899,0,4,0,0,0,28,98,0,0,0,5,-0.635775020695292,0,3,2,0,0,15,29,108,0,0,0,197,61,7,-12.4964908470709,0,4,0,0,0,0,41,5,29,5,25,2,4,24,12,1,76,11,1,0,0,0,0,0,0,0,0,0,0,2,47,1,5,30,5,0,0,0,0,0,2,36,0,0,3,4,1,0,51,0.75,0,1,1,0,1,0,0,0,0,0,1,0,51;31;21,53,,103,53,0,2,2,0,0,1,0,0,0,0,0,8,0,58,398,1,0,0,0,5,3,15,0,383
2020,15,ARI,REG,2020_15_PHI_ARI,PHI,28,37,432,3,1,1,-9,1,1,364,177,19,11.2970997384732,7.87948080011316,0,17,10,8,3,30,103,1,1,0,4,-5.54344716691412,0,2,1,0,0,28,37,432,3,1,1,364,177,19,12.4554349329306,0,17,10,8,3,0,46,4,22,8,53,3,6,33,7,0,0,6,0,0,1,1,0,0,0,0,0,1,0,0,0,0,9,83,4,2,1,0,3,2,2,0,1,20,1,1,0,0,40,1,0,0,0,1,0,0,0,0,0,0,0,0,40,,,40,0,0,4,4,0,0,1,0,0,0,0,0,3,0,61,143,1,0,0,1,2,0,0,0,123
2020,15,ATL,REG,2020_15_TB_ATL,TB,34,49,356,3,0,3,-24,0,0,431,119,21,4.46719979625703,2.31382939964533,0,17,6,5,0,13,37,0,0,0,2,-2.64269424119266,0,1,1,0,0,34,48,356,3,0,0,431,119,21,9.1505530635902,0,17,6,5,0,0,44,1,17,3,25,1,3,25,7,0,0,0,0,0,0,0,0,0,0,0,0,0,0,0,0,0,3,28,5,0,0,0,0,0,1,4,0,0,2,2,0,0,52,1,0,0,1,0,1,0,0,0,0,0,0,0,32;52,,,84,0,0,3,3,0,0,1,0,0,0,0,0,5,0,57,242,1,0,1,0,0,4,32,0,210
2020,15,BAL,REG,2020_15_JAX_BAL,JAX,19,26,250,3,1,1,0,1,0,254,97,13,11.2788487285818,9.81562888393035,0,11,6,4,1,37,159,2,1,0,10,6.95537297218107,0,3,2,0,0,19,26,250,3,0,0,254,97,13,9.1689372509229,0,11,6,4,1,0,40,1,17,7,24,1,5,21,6,0,0,2,0,0,1,0,0,0,0,0,0,4,13,1,0,0,4,40,4,2,2,0,4,0,2,23,1,5,1,2,1,0,46,0.5,0,0,0,1,0,0,0,0,0,0,1,0,46,57,,46,57,0,5,5,0,0,1,0,0,0,0,0,0,0,,0,0,0,0,0,0,0,0,0,0
2020,15,BUF,REG,2020_15_BUF_DEN,DEN,28,40,359,2,0,1,-7,1,0,404,118,19,25.6637711375661,12.0867702521776,0,14,8,6,1,24,182,3,0,0,6,6.73315180274099,0,4,3,3,1,28,38,359,2,0,0,404,118,19,28.4583585018117,0,14,8,6,1,0,40,1,15,4,17,1,3,17,4,0,0,7,0,1,0,0,0,0,0,0,0,1,0,1,21,1,8,75,5,1,1,0,2,1,4,7,3,102,2,2,0,0,27,1,0,2,0,0,0,0,0,0,0,0,0,0,27;27,,,54,0,0,6,6,0,0,1,0,0,0,0,0,1,0,63,63,1,0,0,0,0,1,0,0,63
2020,15,CAR,REG,2020_15_CAR_GB,GB,21,35,258,0,0,3,-9,0,0,238,141,8,1.34680025989761,-6.81635360507404,0,10,5,3,1,27,115,1,1,1,10,-2.6290878871223,0,4,3,0,0,21,34,258,0,1,0,238,141,8,4.44538640350325,0,10,5,3,1,0,41,1,17,7,50,0,5,47,5,0,0,1,0,0,0,0,0,0,0,0,0,1,0,0,0,0,7,66,5,2,0,0,2,1,3,20,3,72,3,3,0,0,36,1,0,1,2,0,0,0,0,0,0,0,0,0,36;22;33,,,91,0,0,1,1,0,0,1,0,0,0,0,0,4,0,50,183,2,0,1,0,2,1,5,0,178
2020,15,CHI,REG,2020_15_CHI_MIN,MIN,15,21,202,1,1,1,-4,0,0,167,99,10,4.90205728314748,6.10476519380297,0,9,5,3,0,42,199,2,0,0,13,3.80631724835274,0,5,3,0,0,15,21,202,1,0,0,167,99,10,7.74268259090303,0,9,5,3,0,0,32,1,39,0,0,1,3,22,11,1,0,4,0,0,0,0,0,0,0,0,0,0,0,0,0,0,4,36,3,0,0,0,0,0,1,1,3,69,4,4,0,0,48,1,0,0,1,3,0,0,0,0,0,0,0,0,42;35;48;42,,,167,0,0,3,3,0,0,1,0,0,0,0,0,1,0,44,44,1,0,0,0,1,0,0,0,44
2020,15,CIN,REG,2020_15_PIT_CIN,PIT,7,13,89,1,0,2,-11,0,0,179,24,6,-0.616461792702961,1.30512072489812,0,4,1,1,0,41,152,2,0,0,7,-5.75454495079982,0,2,1,1,0,7,13,89,1,0,0,179,24,6,1.8016189748887,0,4,1,1,0,0,36,1,15,4,12,2,1,12,9,1,21,10,0,0,0,0,0,0,0,0,0,0,0,2,0,0,2,16,4,0,0,0,0,0,2,17,0,0,2,3,1,0,34,0.666666666666667,0,0,2,0,0,0,0,0,0,0,1,0,34;33,55,,67,55,0,3,3,0,0,1,0,0,0,0,0,7,0,51,319,1,1,1,0,2,3,19,0,300
2020,15,CLE,REG,2020_15_CLE_NYG,NYG,27,32,297,2,0,1,-11,0,0,235,107,16,20.4387247649429,23.1802880764008,0,13,10,4,0,30,106,1,0,0,8,-3.96794880196103,0,3,3,1,0,27,30,297,2,0,0,235,107,16,23.4215578136209,0,13,10,4,0,0,26,6,28,2,4,1,1,7,5,0,0,5,0,0,0,0,0,0,0,0,0,1,-6,0,0,0,6,60,3,0,1,0,1,0,1,6,2,27,0,0,0,0,,,0,0,0,0,0,0,0,0,0,0,0,0,,,,0,0,0,2,3,1,0,0.666666666666667,0,0,0,0,0,3,0,47,120,1,0,0,1,1,1,12,0,88
2020,15,DAL,REG,2020_15_SF_DAL,SF,20,34,221,2,0,2,-17,0,0,206,148,12,1.22874583705822,-8.33755685016513,0,10,3,3,1,22,87,2,0,0,3,-0.96583389810985,0,1,1,1,1,20,32,221,2,0,0,206,148,12,4.84525536727425,0,10,3,3,1,1,44,0,38,6,17,2,2,11,6,2,14,8,0,0,0,0,0,0,0,0,0,0,0,2,0,0,5,58,3,0,0,0,0,0,2,26,5,155,2,3,1,0,48,0.666666666666667,0,0,0,2,0,0,0,0,0,0,0,1,48;46,60,,94,60,0,5,5,0,0,1,0,0,0,0,0,6,0,53,282,2,0,1,0,3,2,23,0,259
2020,15,DEN,REG,2020_15_BUF_DEN,BUF,20,32,132,1,0,3,-17,1,1,125,64,10,-13.4990551560287,-11.1694194376469,0,5,2,0,0,28,140,2,0,0,8,5.16430002910784,0,5,3,0,0,20,32,132,1,0,0,125,64,10,-1.69961128780702,0,5,2,0,0,0,40,1,23,0,0,1,1,7,5,0,0,1,0,1,0,0,0,0,0,0,0,1,0,1,0,0,7,33,3,1,1,0,2,1,1,0,0,0,0,1,1,0,,0,0,0,0,0,0,0,0,0,0,0,1,0,,51,,0,51,0,1,3,2,0,0.333333333333333,0,0,0,0,0,6,0,56,291,2,1,1,0,0,4,7,0,284
2020,15,DET,REG,2020_15_DET_TEN,TEN,27,38,307,1,1,0,0,0,0,353,112,18,15.8559554085039,10.5356066613584,0,12,4,4,1,27,123,2,2,2,8,-7.21339470118983,0,4,1,0,0,27,37,307,1,0,0,353,112,18,17.5778857025687,0,12,4,4,1,0,34,15,25,4,11,0,1,5,1,0,0,2,0,0,1,0,0,0,0,0,0,1,-7,0,0,0,3,33,3,2,1,0,3,2,1,-1,4,116,1,1,0,0,53,1,0,0,0,0,1,0,0,0,0,0,0,0,53,,,53,0,0,2,3,1,0,0.666666666666667,0,0,0,0,0,1,0,36,36,1,0,0,0,1,0,0,0,36
2020,15,GB,REG,2020_15_CAR_GB,CAR,20,29,143,1,0,5,-47,0,0,123,106,8,-7.05564022032612,4.43620612988105,0,7,1,1,0,27,195,2,0,0,9,9.8401420560549,0,5,3,1,1,20,26,143,1,0,0,123,106,8,1.79829706845339,0,7,1,1,0,0,45,5,17,4,16,2,3,9,6,0,0,7,0,0,0,0,0,0,0,0,0,0,0,1,48,0,5,50,2,0,0,0,0,0,1,5,0,0,1,1,0,0,51,1,0,0,0,0,1,0,0,0,0,0,0,0,51,,,51,0,0,3,3,0,0,1,0,0,0,0,0,6,0,57,275,2,0,3,0,0,3,20,0,255
2020,15,HOU,REG,2020_15_HOU_IND,IND,33,41,373,2,0,5,-31,1,1,313,140,17,13.3421100724007,16.3929757318999,0,16,7,5,0,21,83,0,0,0,4,2.55841657606652,0,0,0,0,0,33,38,373,2,2,1,313,140,17,21.668744755775,0,16,7,5,0,0,26,18,18,2,7,0,1,5,3,0,0,2,0,0,0,0,0,0,0,0,0,0,0,0,0,0,5,24,5,3,0,1,3,2,0,0,5,96,2,2,0,0,31,1,0,1,1,0,0,0,0,0,0,0,0,0,23;31,,,54,0,0,2,2,0,0,1,0,0,0,0,0,2,0,57,95,2,0,0,0,1,1,13,0,82
2020,15,IND,REG,2020_15_HOU_IND,HOU,22,29,228,2,0,1,-5,0,0,199,103,10,9.22131492227427,5.55871581209117,0,8,3,3,1,23,127,1,0,0,10,5.55709222983569,0,6,4,1,0,22,29,228,2,0,0,199,103,10,10.5862354797509,0,8,3,3,1,0,45,12,16,4,21,3,5,31,8,0,0,1,0,0,0,0,0,0,0,0,0,0,0,2,0,0,4,35,0,0,0,0,0,0,1,13,1,19,2,2,0,0,53,1,0,0,1,0,1,0,0,0,0,0,0,0,35;53,,,88,0,0,3,3,0,0,1,0,0,0,0,0,2,0,47,91,1,0,1,0,1,0,0,0,91
2020,15,JAX,REG,2020_15_JAX_BAL,BAL,22,29,226,2,0,5,-21,1,1,225,90,11,4.55904537765309,17.0859878261884,0,11,4,3,0,22,62,0,0,0,5,-6.34247946011601,0,3,1,0,0,22,27,226,2,0,0,225,90,11,14.2762323143543,0,11,4,3,0,0,46,2,14,3,5,2,1,0,2,1,0,4,0,0,0,0,0,0,0,0,0,1,0,0,0,0,7,67,2,1,1,0,2,1,0,0,1,19,0,0,0,0,,,0,0,0,0,0,0,0,0,0,0,0,0,,,,0,0,0,2,2,0,0,1,0,0,0,0,0,3,0,44,110,0,1,0,0,0,2,23,0,87
2020,15,KC,REG,2020_15_KC_NO,NO,26,47,254,3,0,4,-22,2,1,422,128,16,0.941066802956992,-5.98032860593362,1,11,6,3,0,41,179,1,0,0,13,2.10264450951945,0,5,4,1,0,26,44,254,3,0,0,422,128,16,11.7969827439375,1,11,6,3,0,0,23,0,18,2,13,0,1,9,7,1,3,9,0,1,0,0,0,0,0,0,0,0,0,0,0,0,5,54,1,2,1,2,3,1,5,-15,0,0,1,1,0,0,22,1,0,1,0,0,0,0,0,0,0,0,0,0,22,,,22,0,0,3,3,0,0,1,0,0,0,0,0,6,0,61,243,3,0,0,0,4,2,26,0,217
2020,15,LA,REG,2020_15_NYJ_LA,NYJ,22,34,209,2,1,3,-20,0,0,199,114,9,-11.1401375420743,1.29995276530584,0,8,4,1,1,19,114,0,0,0,4,-3.64640728442464,0,2,1,1,1,22,30,209,2,0,0,199,114,9,-5.17719178373875,0,8,4,1,1,0,36,6,26,2,12,1,2,11,2,0,0,3,0,0,0,0,0,0,0,0,0,0,0,0,0,0,5,43,5,0,0,0,0,0,3,65,2,48,2,2,0,0,45,1,0,0,0,2,0,0,0,0,0,0,0,0,45;42,,,87,0,0,2,2,0,0,1,0,0,0,0,0,4,1,59,179,1,1,0,0,2,1,18,0,161
2020,15,LAC,REG,2020_15_LAC_LV,LV,22,32,314,2,0,1,-8,0,0,359,91,16,22.0692794109891,5.65684093162417,0,15,7,3,1,29,96,2,1,0,6,-6.68703810192528,0,2,2,1,0,22,32,314,2,0,0,359,91,16,22.1656634076319,0,15,7,3,1,0,45,2,26,6,21,0,1,3,3,1,51,3,0,0,0,0,0,0,0,0,0,1,0,0,0,0,3,20,4,1,0,0,1,0,1,10,2,39,1,3,2,0,22,0.333333333333333,0,1,0,0,0,0,0,0,0,1,1,0,22,47;51,,22,98,0,3,3,0,0,1,0,0,0,0,0,2,0,37,71,1,0,0,0,1,1,16,0,55
2020,15,LV,REG,2020_15_LAC_LV,LAC,20,33,279,1,1,1,-3,0,0,310,103,13,8.10051062156664,-1.75013254086177,0,11,6,5,0,41,173,2,1,0,13,0.895366660610307,0,6,5,2,0,20,30,279,1,0,0,310,103,13,11.8181795929127,0,11,6,5,0,0,37,0,28,5,19,1,1,8,5,0,0,3,0,0,0,0,0,0,0,0,0,1,-7,0,0,0,6,69,4,0,1,0,1,0,1,16,0,0,2,2,0,0,23,1,0,2,0,0,0,0,0,0,0,0,0,0,23;23,,,46,0,0,3,3,0,0,1,0,0,0,0,0,2,0,56,75,0,1,0,0,0,1,10,0,65
2020,15,MIA,REG,2020_15_NE_MIA,NE,20,26,145,0,1,2,-12,0,0,98,77,10,-1.9203169410518,6.82936441898346,1,5,0,0,0,42,250,3,0,0,15,15.5025172173337,0,6,5,2,0,20,25,145,0,0,0,98,77,10,1.99406585259776,1,5,0,0,0,0,32,2,24,4,25,3,3,23,3,0,0,1,0,0,0,0,0,0,0,0,0,0,0,1,0,0,7,40,5,0,0,0,0,0,0,0,3,45,0,1,1,0,,0,0,0,0,0,0,0,0,0,0,0,1,0,,52,,0,52,0,2,2,0,0,1,0,0,0,0,0,3,0,54,140,1,0,1,0,0,2,16,0,124
2020,15,MIN,REG,2020_15_CHI_MIN,CHI,24,35,271,2,1,3,-22,1,0,206,144,12,3.17868933719423,9.60364143053691,0,10,6,5,0,28,158,1,0,0,11,-1.66096692963038,0,7,3,1,0,24,30,271,2,0,0,206,144,12,12.9910172390561,0,10,6,5,0,0,40,1,37,2,5,0,1,4,2,1,0,3,0,0,0,0,0,0,0,0,0,1,0,0,0,0,1,5,6,1,0,0,1,0,0,0,1,30,2,2,0,0,24,1,0,2,0,0,0,0,0,0,0,0,0,0,24;22,,,46,0,0,3,3,0,0,1,0,0,0,0,0,2,0,43,80,0,1,0,0,0,1,1,0,79
2020,15,NE,REG,2020_15_NE_MIA,MIA,17,27,209,0,0,3,-23,0,0,227,87,8,-0.51792007694543,1.5724858045578,0,9,5,4,0,22,117,0,1,0,7,0.79717704468376,0,5,3,0,0,17,25,209,0,2,1,227,87,8,1.90543895996585,0,9,5,4,0,0,51,2,24,2,12,0,2,12,3,1,5,2,0,0,0,0,0,0,0,0,0,1,0,0,0,0,2,20,3,3,0,1,3,1,2,16,0,0,4,4,0,0,45,1,0,0,1,3,0,0,0,0,0,0,0,0,45;36;45;42,,,168,0,0,0,0,0,0,,0,0,0,0,0,2,0,56,93,1,0,2,0,0,0,0,0,93
2020,15,NO,REG,2020_15_KC_NO,KC,15,34,234,3,1,1,-9,0,0,272,139,10,-4.01695805475162,-24.5546452023766,0,9,6,5,1,17,60,1,0,0,3,-3.04773953655968,0,1,0,0,0,15,33,234,3,0,0,272,139,10,0.543773169265594,0,9,6,5,1,0,47,0,40,4,20,2,3,19,11,0,0,8,0,0,1,0,0,0,0,0,0,0,0,1,0,0,10,93,5,0,0,0,0,0,2,26,1,34,0,0,0,0,,,0,0,0,0,0,0,0,0,0,0,0,0,,,,0,0,0,3,3,0,0,1,0,0,0,0,0,8,0,51,378,1,2,0,0,1,5,-15,0,393
2020,15,NYG,REG,2020_15_CLE_NYG,CLE,19,32,221,0,0,1,-7,0,0,298,85,10,1.63288010342578,-0.557358842343092,0,10,4,4,0,21,74,0,0,0,4,-4.92927313171094,0,2,2,0,0,19,32,221,0,0,0,298,85,10,2.4446099143249,0,10,4,4,0,0,33,9,39,3,18,0,1,11,1,0,0,1,0,0,0,0,0,0,0,0,0,1,0,0,0,0,2,25,5,1,0,0,1,0,1,12,2,67,2,2,0,0,39,1,0,0,2,0,0,0,0,0,0,0,0,0,37;39,,,76,0,0,0,0,0,0,,0,0,0,0,0,2,0,35,69,1,0,1,0,0,1,6,0,63
2020,15,NYJ,REG,2020_15_NYJ_LA,LA,22,31,207,1,0,2,-11,1,0,143,119,11,3.64884057930878,8.80748386736269,0,9,5,3,0,31,93,1,0,0,5,-5.04682709358167,0,1,1,0,0,22,27,207,1,0,0,143,119,11,9.6902724461859,0,9,5,3,0,0,39,2,12,5,23,0,3,20,8,1,20,2,0,0,0,1,0,0,0,0,0,0,0,0,0,0,6,61,3,1,0,1,1,0,1,18,1,24,3,3,0,0,39,1,0,2,1,0,0,0,0,0,0,0,0,0,39;25;21,,,85,0,0,2,2,0,0,1,0,0,0,0,0,5,0,57,247,0,0,1,0,1,3,65,0,182
2020,15,PHI,REG,2020_15_PHI_ARI,ARI,24,44,338,3,0,6,-33,1,0,477,173,18,5.58686252869666,-4.84622448682785,0,15,9,7,1,29,117,1,1,0,5,-4.10087678499962,0,4,2,0,0,24,40,338,3,0,0,477,173,18,16.0346112728585,0,15,9,7,1,0,47,2,16,2,2,2,1,9,1,1,0,6,0,0,0,0,0,0,0,0,0,2,0,2,0,0,9,69,4,3,0,1,3,0,0,0,5,94,0,0,0,0,,,0,0,0,0,0,0,0,0,0,0,0,0,,,,0,0,0,2,2,0,0,1,0,0,0,0,0,5,1,42,192,2,0,0,1,2,2,0,0,172
2020,15,PIT,REG,2020_15_PIT_CIN,CIN,20,38,170,1,1,1,-12,1,0,307,105,6,-10.24241366766,-8.75038653612137,0,5,3,3,0,23,86,1,1,1,5,-7.85134327618289,0,3,3,1,0,20,38,170,1,1,1,307,105,6,-11.8949458048919,0,5,3,3,0,0,37,2,20,4,18,0,2,11,6,0,0,4,0,0,0,0,0,0,0,0,0,1,0,0,0,0,4,30,4,2,1,0,3,2,3,19,1,30,1,1,0,0,25,1,0,1,0,0,0,0,0,0,0,0,0,0,25,,,25,0,0,2,2,0,0,1,0,0,0,0,0,6,0,61,313,1,0,0,1,3,2,17,0,276
2020,15,SEA,REG,2020_15_SEA_WAS,WAS,18,27,121,1,1,0,0,0,0,139,59,6,-5.74667960328035,-1.90500066830562,0,4,0,0,0,26,181,1,0,0,9,9.51623434550129,0,6,3,2,1,18,26,121,1,0,0,139,59,6,-4.8979611973463,0,4,0,0,0,0,54,0,20,6,20,1,4,26,7,2,20,7,0,1,0,0,0,0,0,0,0,1,0,0,0,0,4,45,4,0,1,0,1,0,3,19,1,8,2,2,0,0,43,1,0,0,0,2,0,0,0,0,0,0,0,0,43;40,,,83,0,0,2,2,0,0,1,0,0,0,0,0,4,0,57,203,4,2,0,0,0,2,-1,0,204
2020,15,SF,REG,2020_15_SF_DAL,DAL,26,43,319,3,2,2,-11,1,1,334,120,15,6.27892341803171,-5.09702287069181,0,13,7,6,1,36,150,1,0,0,9,0.575398564670979,0,4,2,0,0,26,41,319,3,0,0,334,120,15,13.2011518948792,0,13,7,6,1,0,39,1,17,4,29,0,2,17,3,0,0,4,0,1,0,0,0,0,0,0,0,0,0,0,0,0,4,39,6,2,0,0,2,2,2,23,1,23,2,2,0,0,41,1,0,0,1,1,0,0,0,0,0,0,0,0,41;31,,,72,0,0,3,3,0,0,1,0,0,0,0,0,4,0,48,186,1,0,0,0,2,2,26,0,160
2020,15,TB,REG,2020_15_TB_ATL,ATL,31,45,390,2,0,3,-25,0,0,349,195,19,14.3202133206032,1.77942271842513,0,18,8,5,1,18,51,2,0,0,6,-4.0089075602591,0,1,1,0,0,31,43,390,2,1,0,349,195,19,21.6146303223758,0,18,8,5,1,0,40,2,12,7,33,0,3,24,4,0,0,7,0,0,0,0,0,0,0,0,0,1,0,0,0,0,1,10,2,1,0,0,1,0,4,32,3,67,1,1,0,0,27,1,0,1,0,0,0,0,0,0,0,0,0,0,27,,,27,0,0,4,4,0,0,1,0,0,0,0,0,5,0,52,209,3,0,1,0,3,1,4,0,205
2020,15,TEN,REG,2020_15_DET_TEN,DET,21,27,273,3,0,1,-5,0,0,246,131,17,23.8076809542885,15.422773705079,0,11,5,3,1,38,195,3,0,0,10,7.84440490057762,1,5,4,1,0,21,26,273,3,0,0,246,131,17,25.4528972423335,0,11,5,3,1,0,33,15,31,1,7,2,0,0,5,1,0,3,0,0,0,0,0,0,0,0,0,0,0,2,0,0,3,22,3,0,0,0,0,0,0,0,2,45,1,1,0,0,38,1,0,0,1,0,0,0,0,0,0,0,0,0,38,,,38,0,0,5,5,0,0,1,0,0,0,0,0,1,0,47,47,1,0,0,0,0,1,-1,0,48
2020,15,WAS,REG,2020_15_SEA_WAS,SEA,38,55,295,1,2,4,-26,1,0,368,139,16,-0.197561843888793,1.94733542091442,0,14,5,2,0,20,84,1,0,0,8,0.459657403276768,0,2,1,0,0,38,53,295,1,0,0,368,139,16,6.15943308533988,0,14,5,2,0,0,28,2,32,1,4,0,0,0,3,1,0,3,0,0,0,0,0,0,0,0,0,1,0,0,0,0,6,41,6,1,0,0,1,0,2,-1,2,42,1,1,0,0,48,1,0,0,0,1,0,0,0,0,0,0,0,0,48,,,48,0,0,0,1,1,0,0,0,0,0,0,0,4,0,54,182,0,0,0,0,1,3,19,0,163
2020,16,ARI,REG,2020_16_SF_ARI,SF,31,50,247,0,1,3,-17,0,0,406,96,9,-16.6067162661102,-1.83391694141471,0,4,3,2,1,27,120,1,0,0,9,7.93436158241821,0,4,1,1,0,31,46,247,0,2,1,406,96,9,-16.6381678214284,0,4,3,2,1,0,33,2,26,2,8,1,3,11,5,0,0,3,0,0,0,0,0,0,0,0,0,0,0,1,0,0,4,20,4,2,0,1,2,1,0,0,1,21,2,2,0,0,43,1,0,1,0,1,0,0,0,0,0,0,0,0,27;43,,,70,0,0,0,0,0,0,,0,0,0,0,0,4,0,52,178,2,1,1,0,1,1,4,0,174
2020,16,ATL,REG,2020_16_ATL_KC,KC,27,35,300,2,0,4,-23,1,0,233,145,17,10.7988364993715,14.7961860193926,0,9,6,4,1,23,90,0,0,0,4,-1.49200939404545,0,2,2,0,0,27,34,300,2,2,1,233,145,17,11.2752786347181,0,9,6,4,1,0,40,0,16,1,3,0,0,0,5,2,51,5,0,1,0,0,0,0,0,0,0,1,0,0,0,0,7,45,2,4,0,2,4,1,0,0,0,0,0,1,1,0,,0,0,0,0,0,0,0,0,0,1,0,0,0,,39,,0,39,0,2,2,0,0,1,0,0,0,0,0,5,0,50,222,2,0,0,0,1,4,20,0,202
2020,16,BAL,REG,2020_16_NYG_BAL,NYG,17,26,183,2,0,0,0,0,0,181,66,10,11.2111789635053,9.13173983926358,0,8,3,3,0,40,249,1,1,1,15,4.08646216164925,0,5,5,3,0,17,23,183,2,0,0,181,66,10,12.172957140803,0,8,3,3,0,0,37,0,16,7,42,0,6,37,11,0,0,7,0,0,0,0,0,0,0,0,0,0,-1,0,0,0,10,65,4,0,1,0,1,1,2,36,2,39,2,2,0,0,28,1,0,2,0,0,0,0,0,0,0,0,0,0,20;28,,,48,0,0,3,3,0,0,1,0,0,0,0,0,2,0,40,68,1,0,0,0,1,1,6,0,62
2020,16,BUF,REG,2020_16_BUF_NE,NE,30,40,344,4,0,0,0,0,0,397,142,19,21.5629584046546,16.326483927275,0,16,7,4,1,31,130,1,0,0,11,5.16350502144107,0,5,2,1,0,30,38,344,4,1,0,397,142,19,22.5489535017405,0,16,7,4,1,0,32,8,8,4,25,0,3,22,5,0,0,1,0,0,0,0,0,0,0,0,0,1,0,0,0,0,3,27,3,1,0,0,1,0,4,25,1,49,1,1,0,0,22,1,0,1,0,0,0,0,0,0,0,0,0,0,22,,,22,0,0,5,5,0,0,1,0,0,0,0,0,2,0,62,113,2,0,1,0,0,1,5,0,108
2020,16,CAR,REG,2020_16_CAR_WAS,WAS,19,28,197,1,1,4,-30,1,1,290,66,11,-7.65156709571602,1.62717721291951,0,10,3,2,1,35,113,1,1,0,7,0.605728459137026,0,1,1,1,1,19,28,197,1,0,0,290,66,11,4.90799798961962,0,10,3,2,1,0,39,1,17,4,20,1,3,13,7,2,0,8,0,0,0,0,0,0,0,0,0,1,1,2,19,1,3,35,3,2,0,0,2,1,0,0,1,29,0,0,0,0,,,0,0,0,0,0,0,0,0,0,0,0,0,,,,0,0,0,2,3,1,0,0.666666666666667,0,0,0,0,0,5,0,67,235,5,0,2,0,2,1,0,0,235
2020,16,CHI,REG,2020_16_CHI_JAX,JAX,24,36,265,2,1,1,-2,1,0,294,138,18,13.0982553296642,2.60918140411377,0,12,4,4,0,33,128,3,0,0,8,4.41693359767669,0,4,4,2,0,24,36,265,2,0,0,294,138,18,13.9433719598607,0,12,4,4,0,0,31,0,22,2,10,0,1,8,4,2,16,9,0,2,0,0,0,0,0,0,0,3,0,0,0,0,4,40,4,2,1,0,3,0,3,25,1,22,2,2,0,0,40,1,0,1,0,1,0,0,0,0,0,0,0,0,20;40,,,60,0,0,5,5,0,0,1,0,0,0,0,0,3,0,58,133,1,0,1,0,2,0,0,0,133
2020,16,CIN,REG,2020_16_CIN_HOU,HOU,29,38,371,2,0,0,0,0,0,329,187,18,22.2563089726408,8.342486933658,0,13,8,7,1,33,169,2,0,0,7,2.26642229362354,0,4,2,1,1,29,38,371,2,0,0,329,187,18,22.2563089726408,0,13,8,7,1,0,31,2,16,1,3,4,1,2,6,0,0,4,0,0,0,0,0,0,0,0,0,0,0,1,0,0,5,35,1,0,0,0,0,0,1,7,1,24,3,4,1,0,48,0.75,0,0,2,1,0,0,0,0,0,1,0,0,35;48;36,49,,119,49,0,4,4,0,0,1,0,0,0,0,0,1,0,40,40,0,0,0,0,1,0,0,0,40
2020,16,CLE,REG,2020_16_CLE_NYJ,NYJ,28,53,285,0,0,4,-31,2,2,412,120,12,-9.17136902330934,-11.0679515004158,0,10,4,3,0,18,45,2,1,0,8,-1.07170544791734,0,1,1,0,0,28,50,285,0,0,0,412,120,12,3.88915389504725,0,10,4,3,0,0,36,3,33,2,16,0,2,16,5,0,0,5,0,0,0,0,1,1,0,0,0,1,0,0,0,0,6,51,6,3,0,0,3,2,2,13,3,79,1,2,1,0,44,0.5,0,0,0,1,0,0,0,0,0,0,0,1,44,61,,44,61,0,1,2,1,0,0.5,0,0,0,0,0,6,0,53,251,1,0,0,0,3,3,21,0,230
2020,16,DAL,REG,2020_16_PHI_DAL,PHI,22,30,377,3,1,2,-15,0,0,238,225,13,11.9019434689148,10.0637332598368,0,10,7,5,3,34,151,1,0,0,7,-1.65797387345783,0,3,3,1,0,22,30,377,3,0,0,238,225,13,15.3075788136525,0,10,7,5,3,0,42,0,24,2,2,4,3,16,5,2,10,3,0,0,0,0,0,0,0,0,0,0,0,1,0,0,5,73,5,0,0,0,0,0,2,6,0,0,3,3,0,0,35,1,0,2,1,0,0,0,0,0,0,0,0,0,35;20;21,,,76,0,0,4,4,0,0,1,0,0,0,0,0,4,0,56,178,2,0,0,0,3,1,15,0,163
2020,16,DEN,REG,2020_16_DEN_LAC,LAC,24,47,264,0,2,2,-1,0,0,541,96,15,-0.464369800979655,-8.82495232792788,0,14,6,2,0,28,133,1,0,0,8,1.93898276728578,0,3,2,0,0,24,43,264,0,0,0,541,96,15,3.40755649214665,0,14,6,2,0,0,36,5,15,4,18,1,2,26,7,0,0,4,0,0,0,0,0,0,0,0,0,0,0,0,0,0,6,44,4,0,0,0,0,0,3,46,5,111,3,4,1,0,52,0.75,0,0,1,0,2,0,0,0,1,0,0,0,30;50;52,37,,132,37,0,1,1,0,0,1,0,0,0,0,0,3,0,44,124,1,1,0,1,1,0,0,0,104
2020,16,DET,REG,2020_16_TB_DET,TB,21,31,152,0,1,4,-39,0,0,166,89,5,-23.4532535695471,-1.90981566905975,0,6,2,1,0,15,73,0,1,1,4,-6.09379427146632,0,3,2,0,0,21,30,152,0,0,0,166,89,5,-13.779309779522,0,6,2,1,0,1,45,4,22,4,14,1,2,14,2,0,0,1,0,0,0,0,0,0,0,0,0,0,0,0,0,0,11,117,4,1,0,0,1,1,2,78,2,46,0,0,0,0,,,0,0,0,0,0,0,0,0,0,0,0,0,,,,0,0,0,1,1,0,0,1,0,0,0,0,0,8,0,56,382,5,0,2,1,0,5,20,0,342
2020,16,GB,REG,2020_16_TEN_GB,TEN,21,25,231,4,1,1,-17,0,0,178,108,14,9.61166935678921,19.5365555584431,0,7,5,4,0,37,234,2,1,0,12,10.7451565117664,0,6,5,2,1,21,24,231,4,0,0,178,108,14,14.169207715051,0,7,5,4,0,0,30,6,24,2,9,1,2,17,5,2,19,10,0,0,0,0,0,0,0,0,0,1,-6,0,0,0,0,0,3,0,1,0,1,0,0,0,2,35,0,0,0,0,,,0,0,0,0,0,0,0,0,0,0,0,0,,,,0,0,0,4,5,1,0,0.8,0,0,0,0,0,0,0,,0,0,0,0,0,0,0,0,0,0
2020,16,HOU,REG,2020_16_CIN_HOU,CIN,24,33,324,3,0,1,-2,1,1,339,138,14,3.47110596336447,7.62364345066475,0,14,7,6,1,17,166,1,1,0,8,8.96351203613449,0,6,4,2,1,24,33,324,3,1,0,339,138,14,8.70453613428422,0,13,6,5,1,0,46,5,21,1,6,0,0,0,4,0,0,5,0,0,0,0,0,0,0,0,0,0,0,0,0,0,6,46,5,4,0,3,4,1,0,0,2,35,1,1,0,0,21,1,0,1,0,0,0,0,0,0,0,0,0,0,21,,,21,0,0,4,4,0,0,1,0,0,0,0,0,4,0,51,180,2,0,0,1,2,1,7,0,153
2020,16,IND,REG,2020_16_IND_PIT,PIT,21,34,270,1,1,5,-32,1,1,379,131,10,-6.40298673172947,0.452252258272732,0,11,8,5,1,28,127,2,0,0,10,6.61329582345206,0,4,1,0,0,21,34,270,1,0,0,379,131,10,7.49274935183348,0,11,8,5,1,0,35,8,24,3,11,0,1,9,2,0,0,6,0,0,0,0,0,0,0,0,0,0,0,0,0,0,9,83,3,1,0,0,1,1,3,63,5,103,1,1,0,0,28,1,0,1,0,0,0,0,0,0,0,0,0,0,28,,,28,0,0,3,3,0,0,1,0,0,0,0,0,5,0,51,212,1,2,0,0,0,3,21,0,191
2020,16,JAX,REG,2020_16_CHI_JAX,CHI,24,37,211,2,2,1,-8,0,0,239,69,10,-5.02521877772164,-2.98582547240787,0,7,4,2,0,16,76,0,0,0,3,-1.91798748238944,0,3,1,1,0,24,36,211,2,0,0,239,69,10,-0.542338482525553,0,7,4,2,0,0,47,1,13,2,3,2,1,2,6,1,0,2,0,0,0,0,0,0,0,0,0,0,0,0,0,0,10,115,1,0,0,0,0,0,0,0,5,111,1,1,0,0,26,1,0,1,0,0,0,0,0,0,0,0,0,0,26,,,26,0,0,2,2,0,0,1,0,0,0,0,0,6,0,53,272,2,0,0,0,3,3,25,0,247
2020,16,KC,REG,2020_16_ATL_KC,ATL,24,45,278,2,2,0,0,0,0,352,170,14,-1.81004439969697,-8.28221113908858,0,12,5,4,0,21,117,0,0,0,9,2.64151453398517,0,6,2,1,0,24,42,278,2,0,0,352,170,14,-0.188354239742375,0,12,5,4,0,0,49,0,4,5,30,4,4,23,12,0,0,1,0,0,0,0,0,0,0,0,0,0,0,1,15,0,6,41,2,0,0,0,0,0,4,20,1,21,1,1,0,0,53,1,0,0,0,0,1,0,0,0,0,0,0,0,53,,,53,0,0,2,2,0,0,1,0,0,0,0,0,4,0,58,165,3,2,1,0,1,0,0,0,165
2020,16,LA,REG,2020_16_LA_SEA,SEA,24,43,234,0,1,3,-18,0,0,283,78,15,-2.38631053980439,-9.21396664003047,0,11,3,2,0,29,118,0,0,0,4,-7.6927021286445,0,3,3,1,0,24,41,234,0,0,0,283,78,15,2.45252348190174,0,11,3,2,0,0,34,4,28,5,28,0,5,28,8,0,0,3,0,1,0,0,0,0,0,0,0,1,0,0,0,0,5,45,4,1,0,0,1,0,3,11,3,62,3,3,0,0,51,1,0,0,1,1,1,0,0,0,0,0,0,0,44;51;33,,,128,0,0,0,0,0,0,,0,0,0,0,0,4,0,50,169,1,1,0,0,2,1,12,0,157
2020,16,LAC,REG,2020_16_DEN_LAC,DEN,21,33,253,1,0,2,-26,1,0,208,129,12,-1.42540464679184,-5.95898474707748,0,12,6,6,0,20,89,0,0,0,3,0.240698321722448,0,3,1,1,0,21,33,253,1,0,0,208,129,12,0.835151803849045,0,12,6,6,0,0,40,7,35,1,1,0,2,1,6,2,9,5,0,0,0,0,0,0,0,0,0,1,0,0,0,0,6,45,4,1,0,0,1,0,0,0,3,107,4,4,0,0,43,1,0,1,2,1,0,0,0,0,0,0,0,0,37;43;25;37,,,142,0,0,1,1,0,0,1,0,0,0,0,0,4,0,59,193,0,1,0,0,0,3,46,0,147
2020,16,LV,REG,2020_16_MIA_LV,MIA,21,34,336,1,0,3,-22,0,0,318,149,15,-0.119411425241408,0.623576541741689,0,13,8,5,1,24,104,1,0,0,5,-1.52785734110234,0,4,3,0,0,21,30,336,1,0,0,318,149,15,10.2184863019553,0,13,8,5,1,0,42,1,19,6,26,0,3,23,6,0,0,2,0,0,0,0,0,0,0,0,0,0,0,0,0,0,4,40,5,1,0,0,1,1,5,61,1,3,4,4,0,0,38,1,0,3,1,0,0,0,0,0,0,0,0,0,23;38;20;22,,,103,0,0,1,2,1,0,0.5,0,0,0,0,0,4,0,58,168,2,0,0,1,2,1,7,0,141
2020,16,MIA,REG,2020_16_MIA_LV,LV,26,35,276,2,0,3,-23,0,0,233,138,10,3.69766725048835,5.33396514023052,0,8,4,3,1,25,130,0,0,0,6,3.27547448365889,0,3,3,2,0,26,34,276,2,0,0,233,138,10,9.80493338337777,0,8,4,3,1,0,42,1,17,4,23,1,3,22,4,0,0,3,0,0,0,0,0,0,0,0,0,0,0,1,0,0,5,76,4,0,0,0,0,0,1,7,0,0,4,4,0,0,44,1,0,1,2,1,0,0,0,0,0,0,0,0,37;39;22;44,,,142,0,0,2,2,0,0,1,1,1,0,0,44,5,0,51,233,1,0,0,0,0,5,61,0,172
2020,16,MIN,REG,2020_16_MIN_NO,NO,27,41,291,3,0,2,-17,1,0,191,164,17,5.97685419027414,0.995396901118128,0,13,6,3,0,17,90,2,1,0,6,3.8711612271145,0,4,3,0,0,27,38,291,3,0,0,191,164,17,11.1340783036286,0,13,6,3,0,0,47,0,28,0,0,0,0,0,2,2,9,5,0,0,0,0,0,0,0,0,0,1,0,0,0,0,3,20,6,2,0,1,2,0,0,0,0,0,0,0,0,0,,,0,0,0,0,0,0,0,0,0,0,0,0,,,,0,0,0,3,4,1,0,0.75,0,0,0,0,0,4,0,55,186,2,0,0,0,2,2,17,0,169
2020,16,NE,REG,2020_16_BUF_NE,BUF,9,21,78,0,0,3,-22,0,0,176,46,3,-10.3011037616952,-18.223380876912,0,2,1,1,0,24,145,1,0,0,6,2.90004550700542,0,3,3,3,0,9,18,78,0,0,0,176,46,3,-3.33156896986382,0,2,1,1,0,0,39,16,16,0,0,1,0,0,0,0,0,0,0,0,0,0,0,0,0,0,0,0,0,0,0,0,4,25,2,0,0,0,0,0,1,5,4,74,1,1,0,0,45,1,0,0,0,1,0,0,0,0,0,0,0,0,45,,,45,0,0,0,1,1,0,0,0,0,0,0,0,7,0,62,362,4,1,2,0,0,4,25,0,337
2020,16,NO,REG,2020_16_MIN_NO,MIN,21,28,319,0,2,0,0,0,0,259,149,14,10.7953146902275,6.97082249181611,0,10,9,5,2,45,264,7,0,0,21,15.3765753955231,0,7,4,2,1,21,28,319,0,0,0,259,149,14,10.7953146902275,0,10,9,5,2,0,35,2,14,0,0,2,2,17,9,0,0,5,0,0,0,0,0,0,0,0,0,0,0,0,0,0,4,38,4,0,0,0,0,0,2,17,3,74,1,1,0,0,30,1,0,0,1,0,0,0,0,0,0,0,0,0,30,,,30,0,0,7,7,0,0,1,0,0,0,0,0,0,0,,0,0,0,0,0,0,0,0,0,0
2020,16,NYG,REG,2020_16_NYG_BAL,BAL,24,41,252,1,0,6,-37,0,0,386,108,16,-5.04092795443071,-7.38557809736671,0,15,4,1,0,12,54,0,0,0,4,1.86709430918563,0,1,1,0,0,24,41,252,1,0,0,386,108,16,2.98761450132074,0,15,4,1,0,0,39,4,30,0,0,0,0,0,4,0,0,0,0,0,0,0,0,0,0,0,0,0,0,1,0,0,5,35,4,0,0,0,0,0,1,6,4,80,2,2,0,0,42,1,0,0,1,1,0,0,0,0,0,0,0,0,31;42,,,73,0,0,1,1,0,0,1,0,0,0,0,0,3,0,54,141,0,0,0,0,1,2,36,0,105
2020,16,NYJ,REG,2020_16_CLE_NYJ,CLE,17,33,218,3,0,2,-16,0,0,318,125,11,3.85639985857468,-1.30335486360959,0,9,4,3,1,34,131,0,0,0,6,-4.96314584615175,0,2,1,0,0,17,28,218,3,0,0,318,125,11,12.7606022225232,0,9,4,3,1,0,32,7,31,2,19,3,4,31,7,0,0,11,0,0,0,0,0,0,0,0,25,0,0,2,2,0,7,58,1,0,0,0,0,0,3,21,2,40,1,2,0,1,34,0.5,0,0,1,0,0,0,0,0,0,0,0,0,34,,50,34,0,50,2,3,0,1,0.666666666666667,0,0,0,0,0,7,0,49,260,5,1,0,0,4,2,13,0,247
2020,16,PHI,REG,2020_16_PHI_DAL,DAL,21,39,342,1,2,3,-16,1,0,376,129,12,-2.34571369339834,-6.24436885118485,0,12,7,4,2,29,151,1,2,1,9,-2.3895298448042,0,4,3,1,0,21,34,342,1,0,0,376,129,12,6.34772502382397,0,12,7,4,2,0,40,1,29,3,16,0,2,15,7,1,25,2,0,0,0,0,0,0,0,0,0,1,0,0,0,0,12,115,5,4,0,2,4,1,1,15,3,58,1,1,0,0,38,1,0,0,1,0,0,0,0,0,0,0,0,0,38,,,38,0,0,2,2,0,0,1,0,0,0,0,0,5,0,51,183,3,1,0,0,2,2,6,0,177
2020,16,PIT,REG,2020_16_IND_PIT,IND,34,49,341,3,0,1,-9,0,0,342,137,18,2.96604115562513,0.958033058108116,0,14,5,4,0,14,22,1,0,0,4,-3.49000372743467,0,1,1,0,0,34,49,341,3,1,0,342,137,18,4.84612736548297,0,14,5,4,0,0,40,11,25,6,26,1,5,32,8,1,-3,4,0,0,0,0,0,0,0,0,0,1,4,1,14,0,6,49,2,0,1,0,1,0,3,21,4,76,0,0,0,0,,,0,0,0,0,0,0,0,0,0,0,0,0,,,,0,0,0,4,4,0,0,1,0,0,0,0,0,6,0,61,288,3,1,0,0,2,3,63,0,225
2020,16,SEA,REG,2020_16_LA_SEA,LA,20,32,225,1,0,5,-28,0,0,318,82,10,3.30269965894883,3.52312917339391,0,9,4,2,1,24,95,1,0,0,5,-4.32854990725173,0,3,1,0,0,20,29,225,1,0,0,318,82,10,13.4617675661575,0,9,4,2,1,0,43,5,27,4,20,1,3,18,9,1,25,7,0,0,0,0,0,0,0,0,0,0,0,0,0,0,5,31,6,0,0,0,0,0,1,12,2,54,2,2,0,0,49,1,0,0,0,2,0,0,0,0,0,0,0,0,45;49,,,94,0,0,2,2,0,0,1,0,0,0,0,0,5,0,56,243,4,1,0,0,1,3,11,0,232
2020,16,SF,REG,2020_16_SF_ARI,ARI,13,22,182,3,0,3,-11,1,1,145,109,11,2.28207536806892,-9.27549203236898,0,9,6,4,0,30,227,0,0,0,11,6.25594859632604,0,9,8,3,0,13,21,182,3,0,0,145,109,11,6.99878039429038,0,9,6,4,0,0,49,3,21,7,23,2,3,17,5,1,0,6,0,0,0,0,0,0,0,0,0,0,0,1,0,0,4,27,6,1,0,0,1,1,1,4,4,65,0,2,2,0,,0,0,0,0,0,0,0,0,0,1,1,0,0,,41;37,,0,78,0,2,3,1,0,0.666666666666667,0,0,0,0,0,5,0,50,195,2,2,1,0,2,0,0,0,195
2020,16,TB,REG,2020_16_TB_DET,DET,31,42,491,6,0,2,-14,1,0,467,162,22,26.4645406869981,9.94138455972439,0,21,12,10,1,26,111,1,0,0,5,-1.72510593681363,0,3,3,0,0,31,41,491,6,0,0,467,162,22,31.0894450812643,0,21,12,10,1,0,37,0,12,6,45,1,4,39,11,1,2,5,0,0,0,0,0,0,0,0,0,1,0,1,0,0,8,65,2,1,0,0,1,0,5,20,2,43,0,1,1,0,,0,0,0,0,0,0,0,0,0,0,1,0,0,,42,,0,42,0,5,7,2,0,0.714285714285714,0,0,0,0,0,3,0,49,132,1,0,1,0,0,2,78,1,54
2020,16,TEN,REG,2020_16_TEN_GB,GB,11,26,121,1,2,2,-17,1,0,212,38,9,-9.78485190420179,-19.5619122982025,0,8,1,0,0,27,156,1,0,0,6,3.8589190308121,0,3,1,1,1,11,25,121,1,0,0,212,38,9,-6.77003681805218,0,8,1,0,0,0,36,7,27,5,25,0,1,17,2,1,3,1,0,0,0,0,0,0,0,0,0,1,0,0,0,0,3,15,2,1,0,0,1,0,0,0,6,145,0,0,0,0,,,0,0,0,0,0,0,0,0,0,0,0,0,,,,0,0,0,2,2,0,0,1,0,0,0,0,0,4,0,60,174,1,1,2,1,0,0,0,0,154
2020,16,WAS,REG,2020_16_CAR_WAS,CAR,26,47,291,1,2,3,-13,1,1,490,170,10,-13.9512989761189,-9.64985454970218,0,9,6,4,1,19,108,0,0,0,8,4.46365681756288,0,4,3,1,0,26,47,291,1,0,0,490,170,10,-1.7923367205423,0,9,6,4,1,0,43,1,27,8,32,2,4,30,5,1,12,7,0,1,0,0,0,0,0,0,0,0,0,1,0,0,5,26,3,1,1,0,2,2,1,0,1,22,2,2,0,0,48,1,0,1,0,1,0,0,0,0,0,0,0,0,48;26,,,74,0,0,1,1,0,0,1,0,0,0,0,0,3,0,65,154,0,0,0,1,2,0,0,0,134
2020,17,ARI,REG,2020_17_ARI_LA,LA,19,27,192,1,1,4,-26,1,0,213,144,10,-10.6089897402302,-0.673357204154686,0,9,4,2,0,18,48,0,0,0,4,-4.68766606465215,0,3,2,0,0,19,27,192,1,0,0,213,144,10,-5.26210374557136,0,9,4,2,0,0,43,10,20,4,16,1,2,8,5,1,6,5,0,0,0,0,0,0,0,0,0,1,0,1,0,0,6,38,4,1,0,0,1,0,2,3,1,28,0,1,0,1,,0,0,0,0,0,0,0,0,0,0,0,0,0,,,37,0,0,37,1,1,0,0,1,0,0,0,0,0,6,0,54,300,2,0,2,2,2,0,0,0,260
2020,17,ATL,REG,2020_17_ATL_TB,TB,29,44,265,2,0,1,-7,0,0,227,125,17,12.510810213981,3.63349776442458,0,12,4,1,0,26,127,1,2,1,6,-3.8087008948205,0,2,1,1,1,29,41,265,2,2,1,227,125,17,12.3603796846027,0,12,4,1,0,0,34,2,22,2,11,0,1,8,2,1,10,2,0,0,0,0,0,0,0,0,0,2,-3,0,0,0,4,48,4,2,2,0,4,2,0,0,2,53,2,2,0,0,22,1,0,2,0,0,0,0,0,0,0,0,0,0,22;21,,,43,0,0,3,3,0,0,1,0,0,0,0,0,1,0,43,43,0,0,0,0,0,1,0,0,43
2020,17,BAL,REG,2020_17_BAL_CIN,CIN,11,19,121,3,1,0,0,0,0,191,45,5,7.50342579220887,-1.16013053216432,0,3,2,1,1,54,404,2,0,0,19,17.9792481825926,0,11,10,5,1,11,19,121,3,0,0,191,45,5,7.50342579220887,0,3,2,1,1,0,23,1,13,1,2,0,0,0,2,2,0,8,0,0,0,0,0,0,0,0,0,0,0,0,0,0,6,49,1,0,0,0,0,0,2,10,0,0,1,1,0,0,34,1,0,0,1,0,0,0,0,0,0,0,0,0,34,,,34,0,0,5,5,0,0,1,0,0,0,0,0,2,0,55,100,0,0,0,0,0,2,26,0,74
2020,17,BUF,REG,2020_17_MIA_BUF,MIA,24,38,388,4,2,1,-11,0,0,451,115,19,16.5824144599028,1.73317790031433,0,14,10,5,2,25,78,2,0,0,4,-2.9499226405751,0,2,2,0,0,24,37,388,4,0,0,451,115,19,18.6404871867271,0,14,10,5,2,1,45,4,16,3,11,1,1,9,4,3,55,11,1,0,0,0,0,0,0,0,0,0,0,1,0,0,3,16,2,0,0,0,0,0,1,84,2,32,0,0,0,0,,,0,0,0,0,0,0,0,0,0,0,0,0,,,,0,0,0,8,8,0,0,1,0,0,0,0,0,4,0,69,214,2,2,0,1,0,1,12,0,182
2020,17,CAR,REG,2020_17_NO_CAR,NO,18,37,271,0,5,3,-25,0,0,502,46,9,-24.3552856519236,-7.83192109730509,0,9,7,6,1,20,74,1,2,0,7,0.231454398890492,0,1,0,0,0,18,36,271,0,0,0,502,46,9,-19.421815640002,0,9,7,6,1,0,32,0,44,3,11,2,2,10,4,0,0,2,0,0,0,0,0,0,0,0,0,2,-7,0,0,0,1,5,3,0,2,0,2,0,1,8,1,21,0,0,0,0,,,0,0,0,0,0,0,0,0,0,0,0,0,,,,0,0,0,1,1,0,0,1,0,0,0,0,0,3,0,51,139,0,0,0,0,1,2,20,0,119
2020,17,CHI,REG,2020_17_GB_CHI,GB,33,42,252,0,1,1,-4,0,0,261,123,12,-3.47584583294555,9.6883913365806,0,7,2,2,1,31,108,1,0,0,9,-0.74853893323017,0,1,1,0,0,33,41,252,0,1,1,261,123,12,-6.3580885885607,0,7,2,2,1,0,33,0,16,3,5,1,1,3,6,0,0,2,0,0,0,0,0,0,0,0,0,0,0,1,0,0,1,16,5,1,0,0,1,1,0,0,2,53,3,3,0,0,30,1,0,2,1,0,0,0,0,0,0,0,0,0,30;27;20,,,77,0,0,1,1,0,0,1,0,0,0,0,0,1,0,53,53,1,0,0,0,0,1,7,0,46
2020,17,CIN,REG,2020_17_BAL_CIN,BAL,6,21,48,0,2,0,0,0,0,155,33,1,-24.3060598373134,-35.3312465548515,0,1,1,1,0,19,147,0,0,0,7,0.932123630540445,0,5,4,1,1,6,20,48,0,0,0,155,33,1,-22.284686215194,0,1,1,1,0,0,44,1,35,0,0,0,0,0,2,1,0,4,0,0,0,0,0,0,0,0,0,0,0,0,0,0,3,29,1,0,0,0,0,0,2,26,2,34,1,1,0,0,38,1,0,0,1,0,0,0,0,0,0,0,0,0,38,,,38,0,0,0,0,0,0,,0,0,0,0,0,7,0,72,339,1,1,2,1,1,2,10,0,309
2020,17,CLE,REG,2020_17_PIT_CLE,PIT,17,27,196,1,0,4,-30,0,0,258,60,13,5.36904612377395,1.14559221726197,0,12,1,1,1,31,192,2,0,0,8,3.25931354454951,0,5,4,2,1,17,26,196,1,0,0,258,60,13,10.477732866496,0,12,1,1,1,0,38,5,13,3,12,0,1,8,5,1,30,5,0,0,0,0,0,0,0,0,0,0,0,0,0,0,4,19,3,0,0,0,0,0,2,4,5,120,1,1,0,0,23,1,0,1,0,0,0,0,0,0,0,0,0,0,23,,,23,0,0,3,3,0,0,1,0,0,0,0,0,3,0,50,139,1,1,0,0,1,1,3,0,136
2020,17,DAL,REG,2020_17_DAL_NYG,NYG,29,47,244,0,1,6,-45,0,0,258,126,16,-9.70873153473659,-6.23896365815943,0,10,4,2,0,27,108,1,0,0,8,1.63169313892006,0,3,2,0,0,29,44,244,0,0,0,258,126,16,0.440714108990505,0,10,4,2,0,0,31,2,24,2,18,0,2,18,6,1,5,4,0,0,0,0,0,0,0,0,0,0,0,1,0,0,6,58,6,0,0,0,0,0,1,-2,3,61,4,4,0,0,57,1,0,0,2,1,1,0,0,0,0,0,0,0,38;46;57;36,,,177,0,0,1,1,0,0,1,0,0,0,0,0,6,0,54,291,1,0,0,1,3,2,39,0,232
2020,17,DEN,REG,2020_17_LV_DEN,LV,25,41,339,2,0,2,-15,0,0,298,211,15,4.93109964314456,-3.1657338142395,1,12,7,4,1,32,122,1,0,0,5,-5.19433722586837,0,3,2,1,0,25,40,339,2,0,0,298,211,15,10.7479351757849,1,12,7,4,1,0,33,0,26,1,6,2,3,12,6,2,20,6,0,1,0,0,0,0,0,0,0,1,0,2,5,0,4,28,5,0,1,0,1,0,2,32,1,16,3,6,1,2,37,0.5,0,2,1,0,0,0,0,0,0,0,1,0,22;37;26,56,70;63,85,56,133,2,2,0,0,1,0,1,0,1,63,4,0,53,168,1,3,0,0,0,1,21,0,147
2020,17,DET,REG,2020_17_MIN_DET,MIN,20,31,293,3,1,1,-5,0,0,443,83,12,8.13142927498962,0.390755072716744,0,11,9,7,1,22,129,2,0,0,9,7.40607664428535,0,2,2,1,0,20,31,293,3,0,0,443,83,12,9.65300529573984,0,11,9,7,1,0,48,5,17,4,25,2,3,22,5,0,0,5,0,1,0,0,0,0,0,0,0,0,0,0,0,0,7,51,5,1,0,0,1,1,2,22,3,109,1,1,0,0,54,1,0,0,0,0,1,0,0,0,0,0,0,0,54,,,54,0,0,2,3,1,0,0.666666666666667,0,0,0,0,0,2,0,58,101,0,0,0,0,0,2,20,0,81
2020,17,GB,REG,2020_17_GB_CHI,CHI,19,24,240,4,0,1,-3,0,0,172,154,13,20.7725404908997,14.1767197599014,0,7,2,1,1,19,79,1,0,0,3,0.43436363938963,0,2,1,0,0,19,24,240,4,0,0,172,154,13,22.3048787513399,0,7,2,1,1,0,49,1,33,3,6,1,1,4,3,1,24,5,0,1,0,0,0,0,0,0,0,0,0,1,1,0,4,30,3,1,0,0,1,1,1,7,4,79,0,0,0,0,,,0,0,0,0,0,0,0,0,0,0,0,0,,,,0,0,0,5,5,0,0,1,0,0,0,0,0,2,0,45,87,1,0,0,0,2,0,0,0,87
2020,17,HOU,REG,2020_17_TEN_HOU,TEN,29,40,385,3,1,4,-24,0,0,416,95,17,12.5734235137491,8.9738230407238,0,13,8,8,1,17,96,1,0,0,6,2.8414246676839,0,3,2,1,0,29,40,385,3,0,0,416,95,17,17.6487242898736,0,13,8,8,1,0,39,5,29,4,17,2,2,12,8,0,0,2,0,0,0,0,0,0,0,0,0,0,0,1,0,0,6,44,6,0,0,0,0,0,1,2,4,95,4,4,0,0,51,1,0,2,0,1,1,0,0,0,0,0,0,0,24;43;28;51,,,146,0,0,2,3,1,0,0.666666666666667,0,0,0,0,0,1,0,42,42,1,0,0,0,1,0,0,0,42
2020,17,IND,REG,2020_17_JAX_IND,JAX,17,27,164,1,1,0,0,0,0,167,117,9,0.976689517853112,-6.9864958524704,1,8,2,1,0,37,273,2,0,0,12,4.86071351367605,0,8,7,5,2,17,26,164,1,0,0,167,117,9,0.646521663683641,1,8,2,1,0,0,41,10,12,6,24,1,6,31,11,0,0,5,0,1,0,0,0,0,0,0,0,0,0,1,25,0,1,15,3,1,0,1,1,0,4,40,1,23,2,4,2,0,24,0.5,0,2,0,0,0,0,0,0,0,1,1,0,22;24,56;49,,46,105,0,2,2,0,0,1,0,0,0,0,0,4,0,53,173,1,0,0,1,1,2,16,0,137
2020,17,JAX,REG,2020_17_JAX_IND,IND,26,42,261,2,0,6,-31,1,1,295,85,15,-12.6000238303095,-6.11548148095608,0,12,4,2,0,17,53,0,0,0,3,-4.25712629361078,0,1,0,0,0,26,40,261,2,0,0,295,85,15,2.02496104093734,0,12,4,2,0,0,38,12,20,3,8,1,0,0,1,1,19,3,0,0,0,0,0,0,0,0,0,0,0,0,0,0,3,54,2,1,0,0,1,1,2,16,2,47,0,0,0,0,,,0,0,0,0,0,0,0,0,0,0,0,0,,,,0,0,0,2,2,0,0,1,0,0,0,0,0,7,0,61,335,1,0,0,0,3,4,40,0,295
2020,17,KC,REG,2020_17_LAC_KC,LAC,23,32,218,2,0,1,-1,0,0,147,181,13,12.9324856291641,3.70432619125612,0,9,3,2,0,17,51,1,1,0,4,-4.61901520896936,0,1,0,0,0,23,31,218,2,1,0,147,181,13,15.5747607976082,0,9,3,2,0,0,46,0,16,4,23,0,3,21,5,0,0,3,0,1,0,0,0,0,0,0,0,2,-1,0,0,0,5,69,1,0,3,0,3,1,1,0,6,166,0,0,0,0,,,0,0,0,0,0,0,0,0,0,0,0,0,,,,0,0,0,3,3,0,0,1,0,0,0,0,0,2,0,44,82,0,0,1,0,1,0,0,0,82
2020,17,LA,REG,2020_17_ARI_LA,ARI,22,38,231,0,1,2,-8,0,0,358,93,12,-3.34627308649614,-5.84488438593375,0,11,4,3,0,30,110,0,1,1,7,-6.27504217083031,0,5,3,0,0,22,37,231,0,0,0,358,93,12,-0.913072834603001,0,11,4,3,0,0,36,2,14,8,33,1,4,26,5,1,84,6,1,0,1,0,0,1,0,0,3,0,0,0,0,0,5,38,5,1,0,0,1,1,0,0,3,63,3,3,0,0,34,1,0,2,1,0,0,0,0,0,0,0,0,0,28;34;27,,,89,0,0,1,1,0,0,1,0,0,0,0,0,5,0,55,222,1,2,0,0,1,2,3,0,219
2020,17,LAC,REG,2020_17_LAC_KC,KC,22,31,302,3,0,3,-21,0,0,243,173,16,20.816381879864,6.80779834588369,1,11,8,5,1,35,135,2,0,0,10,-3.37319074670086,0,2,1,1,0,22,30,302,3,0,0,243,173,16,25.2068605595415,1,11,8,5,1,0,34,0,16,2,3,0,1,1,5,0,0,2,0,0,1,0,0,0,0,0,0,0,0,1,0,0,4,23,1,0,0,0,0,0,0,0,2,25,0,0,0,0,,,0,0,0,0,0,0,0,0,0,0,0,0,,,,0,0,0,4,4,0,0,1,0,0,0,0,0,2,0,47,87,2,0,1,0,0,1,0,0,87
2020,17,LV,REG,2020_17_LV_DEN,DEN,24,38,371,2,2,3,-12,0,0,379,123,13,8.04644317871146,3.58955306666238,1,14,7,6,1,23,106,2,1,1,8,0.858528462355025,0,3,3,1,0,24,35,371,2,1,1,379,123,13,8.63902746902034,1,14,7,6,1,0,49,2,24,5,19,0,2,15,3,0,0,5,0,0,0,0,0,2,0,0,32,0,0,0,0,0,14,111,6,2,0,0,2,2,1,21,0,0,1,1,0,0,33,1,0,0,1,0,0,0,0,0,0,0,0,0,33,,,33,0,0,3,3,0,0,1,0,0,0,0,0,4,0,59,199,2,0,1,0,1,2,32,0,167
2020,17,MIA,REG,2020_17_MIA_BUF,BUF,36,59,393,1,3,1,-9,0,0,440,215,20,-11.3988220406832,-6.55286261590861,0,16,9,6,0,20,70,2,0,0,5,2.48726012906991,0,2,2,0,0,36,59,393,1,1,1,440,215,20,-13.8852199137266,0,16,9,6,0,0,34,3,13,3,15,0,1,11,2,2,6,4,0,1,0,0,0,0,0,0,0,1,0,0,0,0,2,20,4,1,1,0,2,1,1,12,0,0,2,2,0,0,49,1,0,0,1,1,0,0,0,0,0,0,0,0,49;32,,,81,0,0,2,2,0,0,1,0,0,0,0,0,5,0,55,218,2,1,2,0,1,1,84,1,134
2020,17,MIN,REG,2020_17_MIN_DET,DET,28,40,405,3,0,3,-22,0,0,271,210,20,18.675098584591,1.85880441414683,0,18,7,6,1,31,125,2,0,0,8,0.705722986080218,0,3,3,1,0,28,38,405,3,2,0,271,210,20,25.9083901529084,0,18,7,6,1,0,32,3,15,4,8,1,1,5,1,1,9,7,0,0,0,0,0,0,0,0,0,1,2,1,0,0,4,35,3,2,0,1,2,0,2,20,4,107,1,2,1,0,23,0.5,0,1,0,0,0,0,0,0,0,1,0,0,23,46,,23,46,0,4,5,1,0,0.8,0,0,0,0,0,3,0,50,137,1,0,0,0,1,2,22,0,115
2020,17,NE,REG,2020_17_NYJ_NE,NYJ,22,31,261,4,0,3,-23,0,0,195,134,15,12.6768014297122,2.78997480869293,0,15,5,2,0,29,166,0,1,0,7,3.04714882251574,0,4,3,1,1,22,30,261,4,0,0,195,134,15,18.6335830695462,0,15,5,2,0,0,35,13,17,3,27,0,3,27,6,2,17,4,0,0,0,0,0,0,0,0,0,2,-5,0,0,0,6,47,0,1,1,0,2,0,3,36,3,55,0,0,0,0,,,0,0,0,0,0,0,0,0,0,0,0,0,,,,0,0,0,4,4,0,0,1,0,0,0,0,0,6,0,65,272,3,0,1,2,3,0,0,0,232
2020,17,NO,REG,2020_17_NO_CAR,CAR,22,32,201,3,0,2,-10,1,0,201,83,11,5.19297954009056,8.18157884581336,0,6,4,1,0,30,156,1,0,0,9,5.13482334878063,0,5,4,1,0,22,29,201,3,0,0,201,83,11,11.7350994520788,0,6,4,1,0,0,34,1,11,5,27,0,3,25,6,5,90,10,0,1,0,0,0,0,0,0,0,1,0,0,0,0,4,31,3,2,0,1,2,0,2,20,0,0,2,2,0,0,48,1,0,0,1,1,0,0,0,0,0,0,0,0,33;48,,,81,0,0,3,4,1,0,0.75,0,0,0,0,0,5,0,51,209,1,1,0,0,3,1,8,0,201
2020,17,NYG,REG,2020_17_DAL_NYG,DAL,17,25,229,2,1,2,-18,0,0,287,68,13,3.00375821861354,4.19297027587891,0,12,6,3,0,28,125,1,2,1,6,-4.44900394411525,0,5,2,1,0,17,25,229,2,0,0,287,68,13,6.96249039087826,0,12,6,3,0,0,46,6,32,8,50,0,6,45,9,1,0,6,0,0,0,0,0,0,0,0,0,1,0,0,0,0,6,45,6,0,2,0,2,1,2,39,3,63,1,1,0,0,50,1,0,0,0,0,1,0,0,0,0,0,0,0,50,,,50,0,0,2,3,1,0,0.666666666666667,0,0,0,0,0,5,0,51,226,2,0,0,2,2,1,-2,0,188
2020,17,NYJ,REG,2020_17_NYJ_NE,NE,23,34,266,1,2,3,-27,0,0,241,157,14,-0.397826298547443,2.85933478312059,0,12,4,3,1,25,111,1,0,0,7,2.60717654874316,0,2,1,0,0,23,33,266,1,0,0,241,157,14,5.779159053287,0,12,4,3,1,0,43,11,15,4,19,1,3,23,7,0,0,3,0,0,0,0,0,0,0,0,0,0,0,0,0,0,3,30,5,0,0,0,0,0,0,0,3,58,0,0,0,0,,,0,0,0,0,0,0,0,0,0,0,0,0,,,,0,0,0,2,2,0,0,1,0,0,0,0,0,5,0,52,187,1,0,2,0,0,3,36,0,151
2020,17,PHI,REG,2020_17_WAS_PHI,WAS,13,33,119,0,2,3,-21,0,0,276,43,5,-16.4299502778449,-18.3506831012923,0,4,1,1,0,29,118,2,1,1,7,-3.18824866588693,0,2,2,1,0,13,29,119,0,0,0,276,43,5,-11.2626896305883,0,4,1,1,0,0,43,0,24,5,26,0,3,17,5,2,13,3,0,0,0,0,0,0,0,0,0,0,-4,0,0,0,6,41,3,0,1,0,1,1,4,18,0,0,0,0,0,0,,,0,0,0,0,0,0,0,0,0,0,0,0,,,,0,0,0,2,2,0,0,1,0,0,0,0,0,5,0,49,226,2,1,0,1,1,2,20,0,186
2020,17,PIT,REG,2020_17_PIT_CLE,CLE,26,44,317,2,1,1,-8,0,0,418,108,13,8.46218305230461,0.602271053053084,0,11,5,5,3,20,85,0,0,0,5,-1.10830964172739,0,1,1,0,0,26,42,317,2,0,0,418,108,13,10.8729417134108,0,11,5,5,3,0,44,5,19,6,32,0,4,30,4,0,0,4,0,0,0,0,0,0,0,0,0,0,0,0,0,0,2,15,5,0,0,0,0,0,1,3,2,53,3,3,0,0,46,1,0,1,0,2,0,0,0,0,0,0,0,0,29;46;46,,,121,0,0,1,1,0,0,1,0,0,0,0,0,3,0,56,130,2,0,0,0,1,2,4,0,126
2020,17,SEA,REG,2020_17_SEA_SF,SF,20,36,181,2,0,2,-22,0,0,324,114,11,1.3466946043245,-1.30128543823957,0,5,3,3,0,27,121,1,0,0,9,2.46160150706419,0,2,1,0,0,20,32,181,2,0,0,324,114,11,6.69338109379713,0,5,3,3,0,0,47,0,14,5,33,1,3,31,7,0,0,2,0,0,0,0,0,0,0,0,0,0,0,1,0,0,4,35,2,0,0,0,0,0,2,14,0,0,2,2,0,0,36,1,0,0,2,0,0,0,0,0,0,0,0,0,36;30,,,66,0,0,2,3,1,0,0.666666666666667,0,0,0,0,0,5,0,63,266,1,0,0,0,1,4,36,0,230
2020,17,SF,REG,2020_17_SEA_SF,SEA,25,37,273,1,0,3,-31,1,1,288,102,14,6.6577490810422,2.93814957141876,0,10,5,4,2,24,86,1,0,0,2,-5.21196326875361,0,1,1,0,0,25,35,273,1,0,0,288,102,14,18.2817130546846,0,10,5,4,2,0,37,1,19,3,24,0,2,22,4,0,0,3,0,0,0,0,0,0,0,0,0,0,0,0,0,0,2,25,3,1,0,0,1,1,4,36,2,29,3,3,0,0,47,1,0,0,2,1,0,0,0,0,0,0,0,0,36;47;33,,,116,0,0,2,2,0,0,1,0,0,0,0,0,5,0,49,227,2,0,0,0,3,2,14,0,213
2020,17,TB,REG,2020_17_ATL_TB,ATL,26,41,399,4,1,1,-8,0,0,447,184,20,21.9145303617345,8.41979396186377,0,17,9,7,2,22,94,1,0,0,5,-0.718327198672341,0,1,1,0,0,26,38,399,4,0,0,447,184,20,26.2629158456325,0,17,9,7,2,0,43,1,19,3,14,2,1,7,6,0,0,4,0,0,0,0,0,0,0,0,0,0,0,2,3,0,3,23,3,0,0,0,0,0,1,0,2,51,3,3,0,0,38,1,0,2,1,0,0,0,0,0,0,0,0,0,29;38;25,,,92,0,0,5,5,0,0,1,0,0,0,0,0,0,0,,0,0,0,0,0,0,0,0,0,0
2020,17,TEN,REG,2020_17_TEN_HOU,HOU,18,27,216,1,0,2,-12,0,0,306,62,10,8.89034521751006,6.01346989472707,0,7,4,3,1,41,288,4,2,1,17,10.9201204194592,0,7,5,3,2,18,27,216,1,0,0,306,62,10,12.7323275591144,0,7,4,3,1,0,40,1,17,4,24,0,4,24,6,1,2,2,0,0,0,0,0,0,0,0,0,1,0,0,0,0,6,50,2,2,0,0,2,1,0,0,1,16,2,2,0,0,47,1,0,0,1,1,0,0,0,0,0,0,0,0,47;37,,,84,0,0,5,5,0,0,1,1,1,0,0,37,1,0,46,46,1,0,0,0,0,1,2,0,44
2020,17,WAS,REG,2020_17_WAS_PHI,PHI,22,32,162,2,2,3,-17,0,0,101,97,8,-8.24772584367629,4.19398309855626,0,6,2,0,0,27,103,0,1,0,6,-4.89635030872887,0,4,3,0,0,22,29,162,2,0,0,101,97,8,-0.587209906042244,0,6,2,0,0,0,39,0,14,3,21,0,3,21,9,2,0,5,0,1,0,0,0,0,0,0,0,2,-4,1,10,0,5,56,4,0,2,0,2,0,2,20,1,22,2,2,0,0,42,1,0,0,0,2,0,0,0,0,0,0,0,0,42;42,,,84,0,0,2,2,0,0,1,0,0,0,0,0,6,0,48,261,1,0,0,0,2,4,18,0,243
2020,18,BAL,POST,2020_18_BAL_TEN,TEN,17,24,179,0,1,5,-14,0,0,225,73,8,1.73663581896028,7.22585146625837,0,7,6,2,0,35,236,2,0,0,13,6.37852851394564,0,7,6,3,1,17,24,179,0,0,0,225,73,8,5.30904690315683,0,7,6,2,0,0,34,9,13,4,22,0,1,7,5,1,13,4,0,0,0,0,0,0,0,0,0,0,0,0,0,0,5,60,2,0,0,0,0,0,0,0,1,20,2,3,1,0,51,0.666666666666667,0,0,1,0,1,0,0,0,0,0,1,0,33;51,52,,84,52,0,2,2,0,0,1,0,0,0,0,0,2,0,53,101,0,0,0,0,0,2,8,0,93
2020,18,BUF,POST,2020_18_IND_BUF,IND,26,35,324,2,0,2,-23,1,0,368,65,16,9.99411678434428,12.7312487539123,0,14,9,4,0,21,96,1,0,0,5,0.0991224622612386,0,3,3,0,0,26,34,324,2,0,0,368,65,16,13.4269637380292,0,14,9,4,0,0,40,11,23,2,4,1,0,0,1,0,0,7,0,0,0,0,0,0,0,0,0,1,0,0,0,0,2,7,5,1,0,0,1,0,0,0,4,69,2,2,0,0,54,1,0,0,0,1,1,0,0,0,0,0,0,0,46;54,,,100,0,0,3,3,0,0,1,0,0,0,0,0,4,0,58,188,1,1,0,0,2,1,14,0,174
2020,18,CHI,POST,2020_18_CHI_NO,NO,19,29,199,1,0,1,-8,0,0,278,58,8,-2.48998585483059,2.7680617791635,0,8,5,2,0,19,48,0,0,0,3,-8.71943588095019,0,0,0,0,0,19,27,199,1,0,0,278,58,8,0.930633674608544,0,8,5,2,0,0,56,0,16,4,6,1,1,3,5,0,0,4,0,0,0,0,0,0,0,0,0,0,0,1,0,0,9,50,4,0,0,0,0,0,0,0,2,68,1,1,0,0,36,1,0,0,1,0,0,0,0,0,0,0,0,0,36,,,36,0,0,0,0,0,0,,0,0,0,0,0,7,0,49,281,2,1,0,0,3,3,22,0,259
2020,18,CLE,POST,2020_18_CLE_PIT,PIT,21,34,263,3,0,0,0,0,0,231,170,12,14.2963873871385,-6.74217790365219,0,9,6,3,2,31,127,2,0,0,8,-1.39004092251441,0,6,5,1,0,21,34,263,3,0,0,231,170,12,14.2963873871385,0,9,6,3,2,0,53,3,21,1,2,0,0,0,4,4,56,7,0,0,0,0,0,0,0,0,0,0,0,1,0,1,3,20,4,0,0,0,0,0,1,8,3,83,2,2,0,0,37,1,0,1,1,0,0,0,0,0,0,0,0,0,24;37,,,61,0,0,6,6,0,0,1,0,0,0,0,0,5,0,46,198,2,0,1,0,2,2,16,0,182
2020,18,IND,POST,2020_18_IND_BUF,BUF,27,46,309,2,0,0,0,0,0,352,115,17,14.8063303935058,-4.79801581349484,1,13,8,5,0,30,163,1,0,0,10,0.633254824919393,0,6,4,3,0,27,43,309,2,1,0,352,115,17,15.843031303172,1,13,8,5,0,0,35,7,17,1,5,1,2,23,6,0,0,2,0,0,0,0,0,0,0,0,0,0,0,0,0,0,2,10,3,1,0,1,1,0,1,14,3,72,1,2,1,0,30,0.5,0,0,1,0,0,0,0,0,1,0,0,0,30,33,,30,33,0,1,1,0,0,1,0,0,0,0,0,2,0,37,73,2,0,1,0,1,0,0,0,73
2020,18,LA,POST,2020_18_LA_SEA,SEA,12,25,184,1,0,3,-15,0,0,268,62,7,0.39361306291126,-13.5510094463825,0,6,3,3,2,43,164,1,0,0,9,-6.97713118034372,0,2,2,1,0,12,24,184,1,0,0,268,62,7,4.68540344538633,0,6,3,3,2,0,34,4,16,5,32,1,5,32,10,1,42,4,1,0,0,0,0,0,0,0,0,0,0,1,0,0,2,15,5,0,0,0,0,0,1,9,2,62,3,3,0,0,40,1,0,0,2,1,0,0,0,0,0,0,0,0,40;39;36,,,115,0,0,3,3,0,0,1,0,0,0,0,0,7,0,49,317,0,2,1,0,1,3,26,0,291
2020,18,NO,POST,2020_18_CHI_NO,CHI,28,39,265,2,0,1,-3,1,1,185,160,14,8.35517205973156,3.16187383400069,0,12,4,2,0,35,123,1,1,0,8,-8.54676190894356,0,2,1,1,0,28,36,265,2,0,0,185,160,14,18.2507925749524,0,12,4,2,0,0,35,0,10,1,8,0,1,8,3,0,0,4,0,0,0,0,0,0,0,0,0,1,0,0,0,0,4,20,5,1,1,0,2,1,3,22,0,0,0,1,1,0,,0,0,0,0,0,0,0,0,0,0,0,1,0,,50,,0,50,0,3,3,0,0,1,0,0,0,0,0,3,0,45,106,2,0,0,0,3,0,0,0,106
2020,18,PIT,POST,2020_18_CLE_PIT,CLE,47,68,501,4,4,0,0,0,0,565,183,29,7.0871730790357,4.22392277156605,1,22,9,5,0,16,52,1,0,0,5,-6.51731152366847,0,1,0,0,0,47,68,501,4,0,0,565,183,29,7.0871730790357,1,22,9,5,0,0,38,7,19,2,2,0,0,0,0,0,0,6,0,0,0,0,0,0,0,0,0,0,-20,0,0,0,4,25,6,0,1,0,1,1,2,16,6,146,1,1,0,0,49,1,0,0,0,1,0,0,0,0,0,0,0,0,49,,,49,0,0,2,2,0,0,1,0,0,0,0,0,3,0,59,125,1,1,0,1,0,1,8,0,97
2020,18,SEA,POST,2020_18_LA_SEA,LA,11,27,174,2,1,5,-32,0,0,392,40,5,-15.5278747233251,-15.1635925357158,0,6,4,3,1,25,136,0,0,0,6,0.0968741234210411,0,5,3,1,0,11,26,174,2,0,0,392,40,5,-8.50163448463807,0,6,4,3,1,0,42,3,23,5,22,0,3,15,7,0,0,6,0,1,0,0,0,0,0,0,0,0,0,0,0,0,9,60,6,1,0,0,1,1,3,26,3,109,2,2,0,0,52,1,0,0,0,0,2,0,0,0,0,0,0,0,50;52,,,102,0,0,2,2,0,0,1,0,0,0,0,0,8,0,71,446,3,1,3,2,1,1,9,0,397
2020,18,TB,POST,2020_18_TB_WAS,WAS,22,40,381,2,0,3,-16,0,0,461,119,18,19.5517078465325,-2.6381138123964,0,18,12,7,0,29,142,1,1,1,7,-4.06522501022834,0,3,3,1,0,22,38,381,2,1,0,461,119,18,25.7084661365677,0,18,12,7,0,0,41,1,13,5,23,0,2,17,6,1,0,8,0,0,0,0,0,0,0,0,0,1,0,0,0,0,3,24,3,2,0,0,2,1,2,16,2,26,4,4,0,0,38,1,0,2,2,0,0,0,0,0,0,0,0,0,29;23;38;37,,,127,0,0,1,2,0,1,0.5,0,0,0,0,0,3,0,53,127,2,1,1,0,1,0,0,0,127
2020,18,TEN,POST,2020_18_BAL_TEN,BAL,18,26,165,1,1,1,-7,0,0,188,70,9,-0.451035138066095,5.55410900941262,0,7,3,2,0,22,51,0,0,0,1,-4.6661489281687,0,0,0,0,0,18,26,165,1,0,0,188,70,9,1.67148034010531,0,7,3,2,0,0,41,10,18,5,21,0,5,14,6,1,0,3,0,0,0,0,0,0,0,0,0,0,0,0,0,0,2,10,4,0,0,0,0,0,2,8,2,46,2,2,0,0,45,1,0,1,0,1,0,0,0,0,0,0,0,0,45;25,,,70,0,0,1,1,0,0,1,0,0,0,0,0,5,0,53,228,4,2,0,0,3,0,0,0,228
2020,18,WAS,POST,2020_18_TB_WAS,TB,26,44,306,1,1,2,-17,0,0,385,91,15,-0.64734920503904,-0.944788354199107,0,14,8,4,0,23,86,2,0,0,7,2.36306457867613,0,4,1,0,0,26,41,306,1,0,0,385,91,15,3.36959306837891,0,14,8,4,0,0,39,1,27,4,18,2,3,16,7,0,0,3,0,0,0,0,1,0,0,0,0,0,0,1,0,0,2,25,4,0,0,0,0,0,0,0,1,31,1,1,0,0,36,1,0,0,1,0,0,0,0,0,0,0,0,0,36,,,36,0,0,2,2,0,0,1,0,0,0,0,0,5,0,52,219,1,0,1,1,1,2,16,0,183
2020,19,BAL,POST,2020_19_BAL_BUF,BUF,20,37,222,0,1,4,-32,1,0,277,78,7,-19.0377287133403,-7.25938320159912,0,8,4,4,0,32,150,0,2,0,11,0.307773028733209,0,6,4,0,0,20,35,222,0,0,0,277,78,7,-9.87444822703648,0,8,4,4,0,0,25,3,19,2,8,1,2,18,3,0,0,2,0,0,0,0,0,0,0,0,0,5,0,0,0,0,8,59,6,2,3,0,5,0,0,0,0,0,1,3,2,0,34,0.333333333333333,0,0,1,0,0,0,0,0,0,2,0,0,34,41;46,,34,87,0,0,0,0,0,,0,0,0,0,0,4,0,55,163,1,2,1,0,0,1,8,0,155
2020,19,BUF,POST,2020_19_BAL_BUF,BAL,23,37,206,1,0,2,-18,1,0,372,98,14,-1.06808159669155,-0.0478373255048479,0,11,4,2,0,16,32,0,0,0,1,-4.81186027385827,0,1,1,0,0,23,35,206,1,0,0,372,98,14,3.19479312299526,0,11,4,2,0,0,44,4,18,6,31,2,4,32,8,1,101,5,1,0,0,0,0,0,0,0,0,1,0,0,0,0,2,11,4,1,0,0,1,0,1,8,1,26,1,3,2,0,28,0.333333333333333,0,1,0,0,0,0,0,0,0,2,0,0,28,43;44,,28,87,0,2,2,0,0,1,0,0,0,0,0,4,0,53,147,2,0,2,1,1,0,0,0,127
2020,19,CLE,POST,2020_19_CLE_KC,KC,23,37,204,1,1,1,-8,0,0,188,91,11,1.59984998127388,0.0457375365145066,0,8,7,5,0,22,112,1,0,0,8,9.57015148433857,0,3,2,1,0,23,34,204,1,1,1,188,91,11,-2.33541278830321,0,8,7,5,0,0,43,0,14,3,12,0,1,6,3,1,0,3,0,0,0,0,0,0,0,0,0,0,0,0,0,0,3,25,4,1,0,1,1,1,0,0,2,37,1,1,0,0,46,1,0,0,0,1,0,0,0,0,0,0,0,0,46,,,46,0,0,2,2,0,0,1,0,0,0,0,0,2,0,48,95,1,0,0,0,1,1,8,0,87
2020,19,GB,POST,2020_19_LA_GB,LA,23,36,296,2,0,0,0,0,0,330,149,15,15.5310086327404,4.06548039001577,0,10,5,5,1,36,188,2,1,0,12,4.61075801419793,0,2,1,1,1,23,34,296,2,0,0,330,149,15,17.9466247550476,0,10,5,5,1,0,35,0,22,4,20,0,4,26,7,0,0,3,0,0,0,0,0,0,0,0,0,1,1,0,0,0,3,22,3,1,0,0,1,0,2,17,2,43,2,2,0,0,39,1,0,1,1,0,0,0,0,0,0,0,0,0,24;39,,,63,0,0,2,2,0,0,1,0,0,0,0,0,2,0,41,78,1,0,2,0,0,0,0,0,78
2020,19,KC,POST,2020_19_CLE_KC,CLE,27,38,321,1,1,1,-6,0,0,261,170,16,10.5247531131058,3.32689583301544,0,12,7,6,1,24,123,1,0,0,7,2.68645810097223,0,5,5,0,0,27,37,321,1,0,0,261,170,16,11.0264705179175,0,12,7,6,1,0,36,1,19,5,23,1,1,8,3,1,17,5,0,0,0,0,0,0,0,0,0,0,0,0,0,0,7,55,3,0,0,0,0,0,1,8,0,0,3,4,1,0,50,0.75,0,1,1,0,1,0,0,0,1,0,0,0,50;28;33,33,,111,33,0,1,2,1,0,0.5,0,0,0,0,0,0,0,,0,0,0,0,0,0,0,0,0,0
2020,19,LA,POST,2020_19_LA_GB,GB,21,27,174,1,0,4,-26,0,0,142,52,11,-0.918299848926719,9.69854845450475,1,5,5,2,0,19,96,1,0,0,6,3.64726681989851,0,2,1,0,0,21,26,174,1,0,0,142,52,11,7.89382008647965,1,5,5,2,0,0,38,3,35,0,0,1,0,0,1,0,0,4,0,0,0,0,0,0,0,0,0,0,0,0,0,0,3,35,6,0,0,0,0,0,0,0,4,96,1,1,0,0,37,1,0,0,1,0,0,0,0,0,0,0,0,0,37,,,37,0,0,1,1,0,0,1,0,0,0,0,0,4,0,64,202,1,0,1,0,1,2,17,0,185
2020,19,NO,POST,2020_19_TB_NO,TB,20,35,190,2,3,0,0,0,0,205,90,7,-14.7667147506027,-13.5048869677952,0,6,3,1,1,25,104,0,0,0,8,1.30484676477499,0,3,1,0,0,20,35,190,2,1,1,205,90,7,-21.4564952427055,0,6,3,1,1,0,43,0,16,1,10,0,1,10,3,0,0,6,0,0,0,0,0,0,0,0,0,0,0,0,0,0,5,34,4,1,0,0,1,1,3,61,0,0,2,2,0,0,42,1,0,1,0,1,0,0,0,0,0,0,0,0,23;42,,,65,0,0,2,2,0,0,1,0,0,0,0,0,2,0,55,94,1,0,0,0,1,1,13,0,81
2020,19,TB,POST,2020_19_TB_NO,NO,18,33,199,2,0,1,-10,0,0,318,95,13,3.61292367365378,-9.0803916255633,0,10,3,1,0,35,127,1,0,0,7,-1.45638571074232,0,2,1,0,0,18,33,199,2,0,0,318,95,13,6.11256849050688,0,10,3,1,0,0,40,0,10,2,4,1,0,0,3,3,65,8,0,0,0,0,0,0,0,0,0,1,0,1,18,0,7,62,4,0,1,0,1,0,1,13,0,0,3,3,0,0,37,1,0,1,2,0,0,0,0,0,0,0,0,0,26;37;36,,,99,0,0,3,3,0,0,1,0,0,0,0,0,4,0,48,183,2,0,0,0,1,3,61,0,122
2020,20,BUF,POST,2020_20_BUF_KC,KC,28,48,287,2,1,4,-53,0,0,342,132,14,-8.70475142717636,-2.14897976680235,0,11,5,3,0,18,129,0,0,0,7,9.41016092238715,0,5,3,0,0,28,44,287,2,0,0,342,132,14,4.43291951993341,0,11,5,3,0,0,35,2,26,2,6,0,1,0,3,0,0,3,0,0,0,0,0,0,0,0,0,0,0,1,0,0,4,38,5,0,0,0,0,0,1,0,0,0,4,4,0,0,51,1,0,2,0,0,2,0,0,0,0,0,0,0,51;20;27;51,,,149,0,0,0,1,1,0,0,0,0,0,0,0,3,0,56,148,2,1,1,0,0,1,0,0,148
2020,20,GB,POST,2020_20_TB_GB,TB,33,48,346,3,1,5,-32,0,0,335,178,19,6.82021343401335,4.35811695845231,0,14,6,5,1,16,67,0,0,0,3,0.383643420296721,0,2,2,0,0,33,46,346,3,2,1,335,178,19,10.480897355377,0,14,6,5,1,0,34,4,26,4,10,0,1,5,4,3,16,4,0,0,0,0,0,0,0,0,0,1,0,0,0,0,4,30,5,2,0,0,2,1,0,0,2,30,2,2,0,0,26,1,0,2,0,0,0,0,0,0,0,0,0,0,24;26,,,50,0,0,2,2,0,0,1,0,0,0,0,0,3,0,55,144,0,0,1,0,0,2,10,0,134
2020,20,KC,POST,2020_20_BUF_KC,BUF,29,38,325,3,0,1,0,0,0,208,185,19,21.9160849521657,7.18683325930646,0,12,5,2,1,25,114,2,0,0,8,2.22386540228035,0,3,2,1,1,29,38,325,3,0,0,208,185,19,22.4860309329604,0,12,5,2,1,0,41,1,15,4,53,0,4,53,10,1,30,7,0,1,0,0,0,0,1,0,0,0,0,0,0,0,3,32,3,0,1,0,1,1,1,0,3,68,1,1,0,0,45,1,0,0,0,1,0,0,0,0,0,0,0,0,45,,,45,0,0,5,5,0,0,1,0,0,0,0,0,1,0,44,44,1,0,0,0,0,1,0,0,44
2020,20,TB,POST,2020_20_TB_GB,GB,20,36,280,3,3,1,-5,0,0,416,103,12,9.33155270376617,-2.5273049729211,0,10,6,4,1,24,76,1,0,0,4,-3.87787984864553,0,1,1,1,0,20,35,280,3,0,0,416,103,12,12.3519274489372,0,10,6,4,1,0,42,3,21,4,32,2,5,32,8,1,0,4,0,0,0,0,0,0,0,0,0,0,0,1,21,0,2,8,5,0,0,0,0,0,2,10,5,121,1,1,0,0,46,1,0,0,0,1,0,0,0,0,0,0,0,0,46,,,46,0,0,4,4,0,0,1,0,0,0,0,0,2,0,46,80,2,0,0,0,2,0,0,0,80
2020,21,KC,POST,2020_21_KC_TB,TB,26,49,270,0,2,3,-27,1,0,382,139,12,-14.0889962854646,-8.77878989862359,0,13,6,3,0,17,107,0,0,0,7,4.37096296163509,0,5,1,1,0,26,46,270,0,0,0,382,139,12,-7.40616391669755,0,13,6,3,0,0,35,1,31,3,12,0,1,6,2,0,0,1,0,0,0,0,0,0,0,0,0,1,0,0,0,0,11,120,6,1,0,0,1,0,1,0,3,87,3,3,0,0,52,1,0,0,1,1,1,0,0,0,0,0,0,0,49;34;52,,,135,0,0,0,0,0,0,,0,0,0,0,0,3,0,51,107,0,2,0,1,0,0,0,0,87
2020,21,TB,POST,2020_21_KC_TB,KC,21,29,201,3,0,1,-6,0,0,176,129,12,8.74857329350198,3.79308719059517,0,8,4,2,0,33,145,1,1,0,8,-0.233171336757651,0,3,2,1,0,21,29,201,3,0,0,176,129,12,10.3937389534549,0,8,4,2,0,0,41,1,15,4,16,1,3,27,9,2,0,9,0,0,0,0,0,0,0,0,0,1,-15,0,0,0,4,39,3,0,1,0,1,0,0,0,3,75,1,1,0,0,52,1,0,0,0,0,1,0,0,0,0,0,0,0,52,,,52,0,0,4,4,0,0,1,0,0,0,0,0,4,0,40,150,1,1,1,0,1,1,0,0,150
